participant_id,session_id,sample_id,event,key_code,timestamp_ms,press_id,key
P01,S1,0,down,ShiftLeft,1791207464406.500,1,Shift
P01,S1,0,down,KeyH,1791207464727.100,2,H
P01,S1,0,up,ShiftLeft,1791207464778.100,1,Shift
P01,S1,0,up,KeyH,1791207464807.500,2,h
P01,S1,0,down,KeyE,1791207464850.700,3,e
P01,S1,0,up,KeyE,1791207464941.000,3,e
P01,S1,0,down,KeyL,1791207465017.800,4,l
P01,S1,0,up,KeyL,1791207465081.700,4,l
P01,S1,0,down,KeyL,1791207465180.200,5,l
P01,S1,0,up,KeyL,1791207465251.200,5,l
P01,S1,0,down,KeyO,1791207465403.200,6,o
P01,S1,0,up,KeyO,1791207465460.200,6,o
P01,S1,0,down,Comma,1791207466000.600,7,","
P01,S1,0,up,Comma,1791207466081.900,7,","
P01,S1,0,down,Space,1791207466178.100,8, 
P01,S1,0,up,Space,1791207466252.900,8, 
P01,S1,0,down,KeyI,1791207466938.700,9,i
P01,S1,0,up,KeyI,1791207466959.500,9,i
P01,S1,0,down,ShiftLeft,1791207467018.100,10,Shift
P01,S1,0,up,ShiftLeft,1791207467098.600,10,Shift
P01,S1,0,down,Backspace,1791207467317.700,11,Backspace
P01,S1,0,up,Backspace,1791207467417.900,11,Backspace
P01,S1,0,down,ShiftLeft,1791207467458.200,12,Shift
P01,S1,0,down,KeyI,1791207467595.200,13,I
P01,S1,0,up,KeyI,1791207467653.100,13,I
P01,S1,0,up,ShiftLeft,1791207467683.600,12,Shift
P01,S1,0,down,Space,1791207467815.400,14, 
P01,S1,0,up,Space,1791207467901.700,14, 
P01,S1,0,down,KeyA,1791207467935.700,15,a
P01,S1,0,up,KeyA,1791207468013.000,15,a
P01,S1,0,down,KeyM,1791207468032.200,16,m
P01,S1,0,up,KeyM,1791207468105.700,16,m
P01,S1,0,down,Space,1791207468209.500,17, 
P01,S1,0,up,Space,1791207468286.300,17, 
P01,S1,0,down,KeyC,1791207471735.300,18,c
P01,S1,0,up,KeyC,1791207471832.200,18,c
P01,S1,0,down,KeyU,1791207471854.500,19,u
P01,S1,0,up,KeyU,1791207471927.500,19,u
P01,S1,0,down,KeyR,1791207471979.800,20,r
P01,S1,0,up,KeyR,1791207472088.100,20,r
P01,S1,0,down,KeyR,1791207472154.600,21,r
P01,S1,0,up,KeyR,1791207472237.500,21,r
P01,S1,0,down,KeyE,1791207472298.200,22,e
P01,S1,0,up,KeyE,1791207472431.800,22,e
P01,S1,0,down,KeyN,1791207472470.000,23,n
P01,S1,0,up,KeyN,1791207472548.100,23,n
P01,S1,0,down,KeyT,1791207472579.800,24,t
P01,S1,0,up,KeyT,1791207472681.700,24,t
P01,S1,0,down,KeyL,1791207472732.700,25,l
P01,S1,0,up,KeyL,1791207472812.800,25,l
P01,S1,0,down,KeyY,1791207472823.300,26,y
P01,S1,0,up,KeyY,1791207472893.200,26,y
P01,S1,0,down,Space,1791207472949.100,27, 
P01,S1,0,up,Space,1791207473037.200,27, 
P01,S1,0,down,KeyR,1791207473438.000,28,r
P01,S1,0,up,KeyR,1791207473549.300,28,r
P01,S1,0,down,KeyE,1791207473630.200,29,e
P01,S1,0,up,KeyE,1791207473718.200,29,e
P01,S1,0,down,KeyC,1791207473811.400,30,c
P01,S1,0,down,KeyO,1791207473893.500,31,o
P01,S1,0,up,KeyC,1791207473921.800,30,c
P01,S1,0,up,KeyO,1791207473994.100,31,o
P01,S1,0,down,KeyR,1791207474040.000,32,r
P01,S1,0,up,KeyR,1791207474134.800,32,r
P01,S1,0,down,KeyI,1791207474174.700,33,i
P01,S1,0,up,KeyI,1791207474264.100,33,i
P01,S1,0,down,KeyD,1791207474327.400,34,d
P01,S1,0,up,KeyD,1791207474445.900,34,d
P01,S1,0,down,Backspace,1791207474648.500,35,Backspace
P01,S1,0,up,Backspace,1791207474740.700,35,Backspace
P01,S1,0,down,Backspace,1791207474837.900,36,Backspace
P01,S1,0,up,Backspace,1791207474899.000,36,Backspace
P01,S1,0,down,KeyD,1791207474966.800,37,d
P01,S1,0,up,KeyD,1791207475071.700,37,d
P01,S1,0,down,KeyI,1791207475203.400,38,i
P01,S1,0,up,KeyI,1791207475284.700,38,i
P01,S1,0,down,KeyN,1791207475400.300,39,n
P01,S1,0,up,KeyN,1791207475485.400,39,n
P01,S1,0,down,KeyG,1791207475520.800,40,g
P01,S1,0,up,KeyG,1791207475604.400,40,g
P01,S1,0,down,Space,1791207475614.200,41, 
P01,S1,0,up,Space,1791207475692.300,41, 
P01,S1,0,down,KeyM,1791207475828.900,42,m
P01,S1,0,up,KeyM,1791207475907.800,42,m
P01,S1,0,down,KeyY,1791207476065.900,43,y
P01,S1,0,up,KeyY,1791207476161.500,43,y
P01,S1,0,down,Space,1791207476186.600,44, 
P01,S1,0,up,Space,1791207476269.900,44, 
P01,S1,0,down,KeyK,1791207476439.700,45,k
P01,S1,0,up,KeyK,1791207476522.800,45,k
P01,S1,0,down,KeyE,1791207476585.500,46,e
P01,S1,0,up,KeyE,1791207476665.300,46,e
P01,S1,0,down,KeyY,1791207477003.000,47,y
P01,S1,0,up,KeyY,1791207477087.200,47,y
P01,S1,0,down,KeyS,1791207477284.100,48,s
P01,S1,0,up,KeyS,1791207477381.300,48,s
P01,S1,0,down,KeyT,1791207477429.200,49,t
P01,S1,0,up,KeyT,1791207477506.500,49,t
P01,S1,0,down,KeyR,1791207477618.400,50,r
P01,S1,0,up,KeyR,1791207477693.900,50,r
P01,S1,0,down,KeyO,1791207477730.900,51,o
P01,S1,0,up,KeyO,1791207477803.200,51,o
P01,S1,0,down,KeyK,1791207477972.400,52,k
P01,S1,0,up,KeyK,1791207478054.200,52,k
P01,S1,0,down,KeyE,1791207478086.100,53,e
P01,S1,0,up,KeyE,1791207478165.100,53,e
P01,S1,0,down,Space,1791207478236.600,54, 
P01,S1,0,up,Space,1791207478327.900,54, 
P01,S1,0,down,KeyD,1791207478809.400,55,d
P01,S1,0,up,KeyD,1791207478932.700,55,d
P01,S1,0,down,KeyY,1791207479018.500,56,y
P01,S1,0,up,KeyY,1791207479080.700,56,y
P01,S1,0,down,KeyN,1791207479233.300,57,n
P01,S1,0,up,KeyN,1791207479325.000,57,n
P01,S1,0,down,KeyA,1791207479367.000,58,a
P01,S1,0,up,KeyA,1791207479438.500,58,a
P01,S1,0,down,KeyM,1791207479473.700,59,m
P01,S1,0,up,KeyM,1791207479547.900,59,m
P01,S1,0,down,KeyI,1791207479677.900,60,i
P01,S1,0,up,KeyI,1791207479757.800,60,i
P01,S1,0,down,KeyC,1791207479778.400,61,c
P01,S1,0,up,KeyC,1791207479881.000,61,c
P01,S1,0,down,Space,1791207479896.900,62, 
P01,S1,0,up,Space,1791207479987.200,62, 
P01,S1,0,down,KeyF,1791207480060.200,63,f
P01,S1,0,up,KeyF,1791207480180.600,63,f
P01,S1,0,down,KeyO,1791207480191.200,64,o
P01,S1,0,up,KeyO,1791207480262.800,64,o
P01,S1,0,down,KeyR,1791207480284.000,65,r
P01,S1,0,up,KeyR,1791207480381.600,65,r
P01,S1,0,down,Backspace,1791207480675.600,66,Backspace
P01,S1,0,up,Backspace,1791207480747.300,66,Backspace
P01,S1,0,down,Backspace,1791207480833.900,67,Backspace
P01,S1,0,up,Backspace,1791207480896.800,67,Backspace
P01,S1,0,down,Backspace,1791207480977.000,68,Backspace
P01,S1,0,up,Backspace,1791207481028.800,68,Backspace
P01,S1,0,down,Backspace,1791207481109.400,69,Backspace
P01,S1,0,up,Backspace,1791207481177.400,69,Backspace
P01,S1,0,down,KeyS,1791207481209.300,70,s
P01,S1,0,up,KeyS,1791207481320.900,70,s
P01,S1,0,down,Space,1791207481347.000,71, 
P01,S1,0,up,Space,1791207481440.500,71, 
P01,S1,0,down,KeyF,1791207481669.600,72,f
P01,S1,0,up,KeyF,1791207481786.100,72,f
P01,S1,0,down,KeyO,1791207481795.600,73,o
P01,S1,0,down,KeyR,1791207481881.500,74,r
P01,S1,0,up,KeyO,1791207481892.900,73,o
P01,S1,0,up,KeyR,1791207481954.400,74,r
P01,S1,0,down,Space,1791207482005.600,75, 
P01,S1,0,up,Space,1791207482096.500,75, 
P01,S1,0,down,KeyA,1791207482134.100,76,a
P01,S1,0,up,KeyA,1791207482208.400,76,a
P01,S1,0,down,Space,1791207482220.300,77, 
P01,S1,0,up,Space,1791207482314.700,77, 
P01,S1,0,down,KeyP,1791207482556.400,78,p
P01,S1,0,up,KeyP,1791207482662.800,78,p
P01,S1,0,down,KeyR,1791207482708.200,79,r
P01,S1,0,up,KeyR,1791207482801.500,79,r
P01,S1,0,down,KeyO,1791207482822.000,80,o
P01,S1,0,up,KeyO,1791207482891.300,80,o
P01,S1,0,down,KeyJ,1791207483155.200,81,j
P01,S1,0,up,KeyJ,1791207483225.100,81,j
P01,S1,0,down,KeyE,1791207483251.300,82,e
P01,S1,0,up,KeyE,1791207483338.900,82,e
P01,S1,0,down,KeyC,1791207483443.800,83,c
P01,S1,0,down,KeyT,1791207483558.700,84,t
P01,S1,0,up,KeyC,1791207483570.000,83,c
P01,S1,0,up,KeyT,1791207483620.300,84,t
P01,S1,0,down,Period,1791207484213.600,85,.
P01,S1,0,up,Period,1791207484283.900,85,.
P01,S1,0,down,Space,1791207484404.500,86, 
P01,S1,0,up,Space,1791207484476.300,86, 
P01,S1,0,down,ShiftLeft,1791207484484.400,87,Shift
P01,S1,0,down,KeyI,1791207484608.600,88,I
P01,S1,0,up,KeyI,1791207484669.000,88,I
P01,S1,0,up,ShiftLeft,1791207484678.100,87,Shift
P01,S1,0,down,Space,1791207484795.700,89, 
P01,S1,0,up,Space,1791207484878.800,89, 
P01,S1,0,down,KeyN,1791207484947.100,90,n
P01,S1,0,down,KeyE,1791207485009.300,91,e
P01,S1,0,up,KeyN,1791207485040.800,90,n
P01,S1,0,up,KeyE,1791207485079.700,91,e
P01,S1,0,down,KeyE,1791207485173.000,92,e
P01,S1,0,up,KeyE,1791207485262.700,92,e
P01,S1,0,down,KeyD,1791207485348.800,93,d
P01,S1,0,down,Space,1791207485460.900,94, 
P01,S1,0,up,KeyD,1791207485470.800,93,d
P01,S1,0,up,Space,1791207485535.600,94, 
P01,S1,0,down,KeyT,1791207485634.100,95,t
P01,S1,0,up,KeyT,1791207485733.000,95,t
P01,S1,0,down,KeyO,1791207485740.800,96,o
P01,S1,0,up,KeyO,1791207485797.100,96,o
P01,S1,0,down,Space,1791207485944.100,97, 
P01,S1,0,up,Space,1791207486028.900,97, 
P01,S1,0,down,KeyT,1791207486296.400,98,t
P01,S1,0,up,KeyT,1791207486391.900,98,t
P01,S1,0,down,KeyA,1791207486648.600,99,a
P01,S1,0,down,KeyL,1791207486662.700,100,l
P01,S1,0,up,KeyA,1791207486685.400,99,a
P01,S1,0,up,KeyL,1791207486763.400,100,l
P01,S1,0,down,Space,1791207487114.700,101, 
P01,S1,0,up,Space,1791207487225.000,101, 
P01,S1,0,down,Backspace,1791207487455.800,102,Backspace
P01,S1,0,up,Backspace,1791207487530.200,102,Backspace
P01,S1,0,down,KeyK,1791207487651.200,103,k
P01,S1,0,up,KeyK,1791207487750.600,103,k
P01,S1,0,down,Space,1791207487879.900,104, 
P01,S1,0,up,Space,1791207487959.000,104, 
P01,S1,0,down,KeyT,1791207487994.800,105,t
P01,S1,0,up,KeyT,1791207488085.500,105,t
P01,S1,0,down,KeyO,1791207488100.100,106,o
P01,S1,0,up,KeyO,1791207488183.000,106,o
P01,S1,0,down,Space,1791207488325.600,107, 
P01,S1,0,up,Space,1791207488436.000,107, 
P01,S1,0,down,KeyY,1791207488653.700,108,y
P01,S1,0,up,KeyY,1791207488750.600,108,y
P01,S1,0,down,KeyO,1791207488891.000,109,o
P01,S1,0,up,KeyO,1791207488990.800,109,o
P01,S1,0,down,KeyU,1791207489118.800,110,u
P01,S1,0,up,KeyU,1791207489184.200,110,u
P01,S1,0,down,Space,1791207489310.800,111, 
P01,S1,0,up,Space,1791207489394.400,111, 
P01,S1,0,down,KeyA,1791207489403.500,112,a
P01,S1,0,up,KeyA,1791207489495.900,112,a
P01,S1,0,down,KeyB,1791207489522.000,113,b
P01,S1,0,up,KeyB,1791207489593.200,113,b
P01,S1,0,down,KeyO,1791207489716.100,114,o
P01,S1,0,up,KeyO,1791207489811.800,114,o
P01,S1,0,down,KeyU,1791207489947.300,115,u
P01,S1,0,up,KeyU,1791207490026.900,115,u
P01,S1,0,down,KeyT,1791207490095.000,116,t
P01,S1,0,up,KeyT,1791207490158.400,116,t
P01,S1,0,down,Space,1791207490191.600,117, 
P01,S1,0,up,Space,1791207490291.600,117, 
P01,S1,0,down,KeyR,1791207490670.600,118,r
P01,S1,0,up,KeyR,1791207490755.500,118,r
P01,S1,0,down,KeyA,1791207490967.700,119,a
P01,S1,0,up,KeyA,1791207491028.800,119,a
P01,S1,0,down,KeyN,1791207491055.900,120,n
P01,S1,0,up,KeyN,1791207491145.000,120,n
P01,S1,0,down,KeyD,1791207491298.500,121,d
P01,S1,0,down,KeyO,1791207491379.100,122,o
P01,S1,0,up,KeyD,1791207491392.100,121,d
P01,S1,0,up,KeyO,1791207491491.400,122,o
P01,S1,0,down,KeyM,1791207491617.400,123,m
P01,S1,0,up,KeyM,1791207491727.200,123,m
P01,S1,0,down,Space,1791207491811.900,124, 
P01,S1,0,up,Space,1791207491934.500,124, 
P01,S1,0,down,KeyS,1791207492285.800,125,s
P01,S1,0,up,KeyS,1791207492389.300,125,s
P01,S1,0,down,KeyT,1791207492498.500,126,t
P01,S1,0,up,KeyT,1791207492571.400,126,t
P01,S1,0,down,KeyU,1791207492767.700,127,u
P01,S1,0,up,KeyU,1791207492849.100,127,u
P01,S1,0,down,KeyF,1791207493079.000,128,f
P01,S1,0,up,KeyF,1791207493184.800,128,f
P01,S1,0,down,KeyF,1791207493294.000,129,f
P01,S1,0,up,KeyF,1791207493411.900,129,f
P01,S1,0,up,Space,1791207493476.000,130, 
P01,S1,0,down,KeyF,1791207493546.500,131,f
P01,S1,0,up,KeyF,1791207493658.100,131,f
P01,S1,0,down,KeyO,1791207493679.400,132,o
P01,S1,0,up,KeyO,1791207493691.500,132,o
P01,S1,0,down,KeyO,1791207493695.900,133,o
P01,S1,0,up,KeyO,1791207493717.200,133,o
P01,S1,0,down,KeyR,1791207493755.600,134,r
P01,S1,0,up,KeyR,1791207493851.200,134,r
P01,S1,0,down,Backspace,1791207494183.200,135,Backspace
P01,S1,0,up,Backspace,1791207494252.600,135,Backspace
P01,S1,0,down,Backspace,1791207494333.300,136,Backspace
P01,S1,0,up,Backspace,1791207494415.700,136,Backspace
P01,S1,0,down,KeyR,1791207494430.500,137,r
P01,S1,0,up,KeyR,1791207494515.300,137,r
P01,S1,0,down,Space,1791207494603.000,138, 
P01,S1,0,up,Space,1791207494697.500,138, 
P01,S1,0,down,KeyT,1791207494895.500,139,t
P01,S1,0,down,KeyH,1791207494996.200,140,h
P01,S1,0,up,KeyT,1791207495012.600,139,t
P01,S1,0,up,KeyH,1791207495049.400,140,h
P01,S1,0,down,KeyE,1791207495181.800,141,e
P01,S1,0,down,Space,1791207495250.800,142, 
P01,S1,0,up,KeyE,1791207495290.700,141,e
P01,S1,0,up,Space,1791207495351.600,142, 
P01,S1,0,down,KeyF,1791207495508.800,143,f
P01,S1,0,down,KeyU,1791207495641.700,144,u
P01,S1,0,up,KeyF,1791207495652.600,143,f
P01,S1,0,up,KeyU,1791207495710.800,144,u
P01,S1,0,down,KeyN,1791207495851.800,145,n
P01,S1,0,up,KeyN,1791207495937.200,145,n
P01,S1,0,down,Space,1791207496054.100,146, 
P01,S1,0,up,Space,1791207496132.100,146, 
P01,S1,0,down,KeyO,1791207496310.200,147,o
P01,S1,0,up,KeyO,1791207496387.100,147,o
P01,S1,0,down,KeyF,1791207496419.900,148,f
P01,S1,0,up,KeyF,1791207496539.800,148,f
P01,S1,0,down,Space,1791207496568.100,149, 
P01,S1,0,up,Space,1791207496664.000,149, 
P01,S1,0,down,KeyI,1791207496839.500,150,i
P01,S1,0,up,KeyI,1791207496922.300,150,i
P01,S1,0,down,KeyT,1791207496933.500,151,t
P01,S1,0,up,KeyT,1791207497013.000,151,t
P01,S1,0,down,Comma,1791207497213.400,152,","
P01,S1,0,up,Comma,1791207497318.000,152,","
P01,S1,0,down,Space,1791207497454.700,153, 
P01,S1,0,up,Space,1791207497557.200,153, 
P01,S1,0,down,KeyS,1791207497799.500,154,s
P01,S1,0,up,KeyS,1791207497893.000,154,s
P01,S1,0,down,KeyO,1791207497971.000,155,o
P01,S1,0,up,KeyO,1791207498043.100,155,o
P01,S1,0,down,Space,1791207498184.000,156, 
P01,S1,0,up,Space,1791207498276.900,156, 
P01,S1,0,down,KeyS,1791207498301.600,157,s
P01,S1,0,up,KeyS,1791207498416.600,157,s
P01,S1,0,down,KeyT,1791207498516.900,158,t
P01,S1,0,up,KeyT,1791207498579.400,158,t
P01,S1,0,down,KeyA,1791207498688.700,159,a
P01,S1,0,up,KeyA,1791207498777.100,159,a
P01,S1,0,down,KeyR,1791207498786.800,160,r
P01,S1,0,up,KeyR,1791207498841.300,160,r
P01,S1,0,down,KeyT,1791207499000.900,161,t
P01,S1,0,up,KeyT,1791207499032.600,161,t
P01,S1,0,down,Space,1791207499338.500,162, 
P01,S1,0,up,Space,1791207499411.100,162, 
P01,S1,0,down,KeyA,1791207499422.300,163,a
P01,S1,0,up,KeyA,1791207499525.400,163,a
P01,S1,0,down,Space,1791207499572.100,164, 
P01,S1,0,up,Space,1791207499646.000,164, 
P01,S1,0,down,KeyC,1791207499832.400,165,c
P01,S1,0,down,KeyO,1791207499925.600,166,o
P01,S1,0,up,KeyC,1791207499949.100,165,c
P01,S1,0,up,KeyO,1791207499997.100,166,o
P01,S1,0,down,Backspace,1791207500988.600,167,Backspace
P01,S1,0,up,Backspace,1791207501067.400,167,Backspace
P01,S1,0,down,Backspace,1791207501157.500,168,Backspace
P01,S1,0,up,Backspace,1791207501229.000,168,Backspace
P01,S1,0,down,KeyM,1791207501344.700,169,m
P01,S1,0,up,KeyM,1791207501457.800,169,m
P01,S1,0,down,KeyE,1791207501464.900,170,e
P01,S1,0,up,KeyE,1791207501562.500,170,e
P01,S1,0,down,KeyA,1791207501691.700,171,a
P01,S1,0,down,KeyN,1791207501813.200,172,n
P01,S1,0,up,KeyA,1791207501823.200,171,a
P01,S1,0,up,KeyN,1791207501920.500,172,n
P01,S1,0,down,KeyI,1791207502196.400,173,i
P01,S1,0,up,KeyI,1791207502266.700,173,i
P01,S1,0,down,KeyN,1791207502405.700,174,n
P01,S1,0,up,KeyN,1791207502489.800,174,n
P01,S1,0,down,KeyG,1791207502524.600,175,g
P01,S1,0,up,KeyG,1791207502620.600,175,g
P01,S1,0,down,KeyL,1791207502851.700,176,l
P01,S1,0,up,KeyL,1791207502941.200,176,l
P01,S1,0,down,KeyE,1791207502991.600,177,e
P01,S1,0,up,KeyE,1791207503092.800,177,e
P01,S1,0,down,KeyS,1791207503254.400,178,s
P01,S1,0,up,KeyS,1791207503322.300,178,s
P01,S1,0,down,KeyS,1791207503417.300,179,s
P01,S1,0,up,KeyS,1791207503525.200,179,s
P01,S1,0,down,Space,1791207503545.300,180, 
P01,S1,0,up,Space,1791207503629.000,180, 
P01,S1,0,down,KeyC,1791207503759.100,181,c
P01,S1,0,down,KeyO,1791207503869.000,182,o
P01,S1,0,up,KeyC,1791207503879.100,181,c
P01,S1,0,up,KeyO,1791207503951.900,182,o
P01,S1,0,down,KeyN,1791207504087.600,183,n
P01,S1,0,up,KeyN,1791207504168.000,183,n
P01,S1,0,down,KeyV,1791207504312.100,184,v
P01,S1,0,up,KeyV,1791207504392.700,184,v
P01,S1,0,down,KeyE,1791207504501.500,185,e
P01,S1,0,up,KeyE,1791207504604.800,185,e
P01,S1,0,down,KeyR,1791207504711.400,186,r
P01,S1,0,up,KeyR,1791207504776.000,186,r
P01,S1,0,down,KeyS,1791207504913.200,187,s
P01,S1,0,up,KeyS,1791207504997.500,187,s
P01,S1,0,down,KeyA,1791207505128.300,188,a
P01,S1,0,up,KeyA,1791207505232.200,188,a
P01,S1,0,down,KeyT,1791207505371.300,189,t
P01,S1,0,down,KeyI,1791207505421.900,190,i
P01,S1,0,up,KeyT,1791207505462.300,189,t
P01,S1,0,up,KeyI,1791207505533.100,190,i
P01,S1,0,down,KeyO,1791207505721.600,191,o
P01,S1,0,up,KeyO,1791207505792.100,191,o
P01,S1,0,down,KeyN,1791207505983.100,192,n
P01,S1,0,up,KeyN,1791207506066.400,192,n
P01,S1,0,down,Space,1791207506177.400,193, 
P01,S1,0,up,Space,1791207506275.200,193, 
P01,S1,0,down,KeyW,1791207506489.400,194,w
P01,S1,0,up,KeyW,1791207506587.600,194,w
P01,S1,0,down,KeyI,1791207506608.300,195,i
P01,S1,0,up,KeyI,1791207506692.600,195,i
P01,S1,0,down,KeyT,1791207506768.600,196,t
P01,S1,0,up,KeyT,1791207506833.500,196,t
P01,S1,0,down,KeyH,1791207506888.300,197,h
P01,S1,0,up,KeyH,1791207506964.600,197,h
P01,S1,0,down,Space,1791207507083.000,198, 
P01,S1,0,up,Space,1791207507165.100,198, 
P01,S1,0,down,KeyM,1791207507254.200,199,m
P01,S1,0,up,KeyM,1791207507352.400,199,m
P01,S1,0,down,KeyE,1791207507365.300,200,e
P01,S1,0,up,KeyE,1791207507437.100,200,e
P01,S1,0,down,Period,1791207507920.200,201,.
P01,S1,0,up,Period,1791207507982.100,201,.
P01,S1,0,down,Enter,1791207508461.900,202,Enter
P01,S1,1,down,ShiftLeft,1791207516551.200,203,Shift
P01,S1,1,down,KeyI,1791207517629.900,204,I
P01,S1,1,up,KeyI,1791207517703.400,204,I
P01,S1,1,up,ShiftLeft,1791207517740.200,203,Shift
P01,S1,1,down,Space,1791207517836.100,205, 
P01,S1,1,up,Space,1791207517921.800,205, 
P01,S1,1,down,KeyW,1791207517956.200,206,w
P01,S1,1,up,KeyW,1791207518039.400,206,w
P01,S1,1,down,KeyO,1791207518061.500,207,o
P01,S1,1,up,KeyO,1791207518129.700,207,o
P01,S1,1,down,KeyU,1791207518288.300,208,u
P01,S1,1,up,KeyU,1791207518355.900,208,u
P01,S1,1,down,KeyL,1791207518559.600,209,l
P01,S1,1,up,KeyL,1791207518658.500,209,l
P01,S1,1,down,KeyD,1791207518693.000,210,d
P01,S1,1,down,Space,1791207518792.800,211, 
P01,S1,1,up,KeyD,1791207518823.600,210,d
P01,S1,1,up,Space,1791207518888.200,211, 
P01,S1,1,down,KeyR,1791207519216.300,212,r
P01,S1,1,up,KeyR,1791207519310.500,212,r
P01,S1,1,down,KeyE,1791207519403.500,213,e
P01,S1,1,down,KeyP,1791207519473.600,214,p
P01,S1,1,up,KeyE,1791207519482.800,213,e
P01,S1,1,up,KeyP,1791207519543.400,214,p
P01,S1,1,down,KeyL,1791207519659.500,215,l
P01,S1,1,down,KeyA,1791207519672.900,216,a
P01,S1,1,up,KeyL,1791207519754.200,215,l
P01,S1,1,up,KeyA,1791207519835.300,216,a
P01,S1,1,down,KeyC,1791207519982.500,217,c
P01,S1,1,up,KeyC,1791207520107.900,217,c
P01,S1,1,down,KeyE,1791207520170.200,218,e
P01,S1,1,down,Space,1791207520276.100,219, 
P01,S1,1,up,KeyE,1791207520287.500,218,e
P01,S1,1,up,Space,1791207520370.900,219, 
P01,S1,1,down,KeyA,1791207520660.500,220,a
P01,S1,1,up,KeyA,1791207520760.200,220,a
P01,S1,1,down,KeyL,1791207520774.700,221,l
P01,S1,1,up,KeyL,1791207520843.600,221,l
P01,S1,1,down,KeyL,1791207520921.100,222,l
P01,S1,1,up,KeyL,1791207520996.400,222,l
P01,S1,1,down,Space,1791207521183.700,223, 
P01,S1,1,up,Space,1791207521267.400,223, 
P01,S1,1,down,KeyD,1791207521449.200,224,d
P01,S1,1,down,KeyO,1791207521549.900,225,o
P01,S1,1,up,KeyD,1791207521561.700,224,d
P01,S1,1,up,KeyO,1791207521618.200,225,o
P01,S1,1,down,KeyO,1791207521710.900,226,o
P01,S1,1,down,KeyR,1791207521799.900,227,r
P01,S1,1,up,KeyO,1791207521810.400,226,o
P01,S1,1,up,KeyR,1791207521893.300,227,r
P01,S1,1,down,KeyB,1791207522342.900,228,b
P01,S1,1,up,KeyB,1791207522425.600,228,b
P01,S1,1,down,KeyE,1791207522470.900,229,e
P01,S1,1,up,KeyE,1791207522549.300,229,e
P01,S1,1,down,KeyL,1791207522634.900,230,l
P01,S1,1,up,KeyL,1791207522708.200,230,l
P01,S1,1,down,KeyL,1791207522797.600,231,l
P01,S1,1,up,KeyL,1791207522878.600,231,l
P01,S1,1,down,KeyS,1791207522899.100,232,s
P01,S1,1,up,KeyS,1791207522993.400,232,s
P01,S1,1,down,Space,1791207523028.400,233, 
P01,S1,1,up,Space,1791207523123.200,233, 
P01,S1,1,down,KeyW,1791207523542.200,234,w
P01,S1,1,up,KeyW,1791207523656.700,234,w
P01,S1,1,down,KeyI,1791207523697.000,235,i
P01,S1,1,up,KeyI,1791207523793.000,235,i
P01,S1,1,down,KeyT,1791207523835.100,236,t
P01,S1,1,down,KeyH,1791207523946.900,237,h
P01,S1,1,up,KeyT,1791207523960.800,236,t
P01,S1,1,up,KeyH,1791207524035.000,237,h
P01,S1,1,down,Space,1791207524135.900,238, 
P01,S1,1,up,Space,1791207524218.800,238, 
P01,S1,1,down,KeyT,1791207524233.000,239,t
P01,S1,1,up,KeyT,1791207524301.800,239,t
P01,S1,1,down,KeyH,1791207524339.100,240,h
P01,S1,1,up,KeyH,1791207524419.900,240,h
P01,S1,1,down,KeyE,1791207524434.400,241,e
P01,S1,1,up,KeyE,1791207524543.100,241,e
P01,S1,1,down,Space,1791207524572.900,242, 
P01,S1,1,up,Space,1791207524672.800,242, 
P01,S1,1,down,ShiftLeft,1791207524826.800,243,Shift
P01,S1,1,down,KeyY,1791207525037.400,244,Y
P01,S1,1,up,ShiftLeft,1791207525086.700,243,Shift
P01,S1,1,up,KeyY,1791207525096.900,244,y
P01,S1,1,down,KeyS,1791207525386.700,245,s
P01,S1,1,up,KeyS,1791207525480.100,245,s
P01,S1,1,down,Backspace,1791207525830.700,246,Backspace
P01,S1,1,up,Backspace,1791207525923.800,246,Backspace
P01,S1,1,down,KeyP,1791207526046.100,247,p
P01,S1,1,up,KeyP,1791207526057.000,247,p
P01,S1,1,down,KeyO,1791207526069.600,248,o
P01,S1,1,up,KeyO,1791207526146.100,248,o
P01,S1,1,down,KeyS,1791207526171.900,249,s
P01,S1,1,up,KeyS,1791207526247.800,249,s
P01,S1,1,down,Backspace,1791207526485.200,250,Backspace
P01,S1,1,up,Backspace,1791207526550.100,250,Backspace
P01,S1,1,down,Backspace,1791207526632.500,251,Backspace
P01,S1,1,up,Backspace,1791207526688.500,251,Backspace
P01,S1,1,down,Backspace,1791207526769.600,252,Backspace
P01,S1,1,up,Backspace,1791207526831.600,252,Backspace
P01,S1,1,down,KeyO,1791207526886.900,253,o
P01,S1,1,up,KeyO,1791207526972.700,253,o
P01,S1,1,down,KeyS,1791207526991.400,254,s
P01,S1,1,up,KeyS,1791207527101.300,254,s
P01,S1,1,down,KeyH,1791207527447.800,255,h
P01,S1,1,up,KeyH,1791207527515.700,255,h
P01,S1,1,down,KeyI,1791207527861.300,256,i
P01,S1,1,up,KeyI,1791207527938.600,256,i
P01,S1,1,down,Space,1791207528153.400,257, 
P01,S1,1,up,Space,1791207528290.200,257, 
P01,S1,1,down,Quote,1791207528796.400,258,'
P01,S1,1,up,Quote,1791207528896.700,258,'
P01,S1,1,down,KeyT,1791207529144.200,259,t
P01,S1,1,down,KeyO,1791207529286.600,260,o
P01,S1,1,up,KeyT,1791207529300.500,259,t
P01,S1,1,up,KeyO,1791207529350.000,260,o
P01,S1,1,down,KeyN,1791207529508.700,261,n
P01,S1,1,up,KeyN,1791207529602.900,261,n
P01,S1,1,down,KeyG,1791207529661.700,262,g
P01,S1,1,up,KeyG,1791207529767.100,262,g
P01,S1,1,down,KeyU,1791207529791.800,263,u
P01,S1,1,up,KeyU,1791207529844.100,263,u
P01,S1,1,down,KeyE,1791207530154.600,264,e
P01,S1,1,up,KeyE,1791207530271.400,264,e
P01,S1,1,down,Quote,1791207530852.100,265,'
P01,S1,1,up,Quote,1791207530923.300,265,'
P01,S1,1,down,Space,1791207531106.600,266, 
P01,S1,1,up,Space,1791207531195.200,266, 
P01,S1,1,down,KeyS,1791207531302.200,267,s
P01,S1,1,up,KeyS,1791207531378.100,267,s
P01,S1,1,down,KeyO,1791207531392.500,268,o
P01,S1,1,up,KeyO,1791207531488.000,268,o
P01,S1,1,down,KeyU,1791207531644.900,269,u
P01,S1,1,up,KeyU,1791207531700.500,269,u
P01,S1,1,down,KeyN,1791207531840.300,270,n
P01,S1,1,up,KeyN,1791207531931.600,270,n
P01,S1,1,down,KeyD,1791207531940.200,271,d
P01,S1,1,up,KeyD,1791207532064.100,271,d
P01,S1,1,down,Comma,1791207532712.800,272,","
P01,S1,1,up,Comma,1791207532787.700,272,","
P01,S1,1,down,Space,1791207534351.100,273, 
P01,S1,1,up,Space,1791207534444.100,273, 
P01,S1,1,down,KeyW,1791207536428.100,274,w
P01,S1,1,down,KeyI,1791207536518.500,275,i
P01,S1,1,up,KeyW,1791207536551.100,274,w
P01,S1,1,up,KeyI,1791207536639.700,275,i
P01,S1,1,down,KeyT,1791207536676.300,276,t
P01,S1,1,up,KeyT,1791207536781.300,276,t
P01,S1,1,down,KeyH,1791207536789.400,277,h
P01,S1,1,up,KeyH,1791207536868.600,277,h
P01,S1,1,down,Space,1791207536969.800,278, 
P01,S1,1,up,Space,1791207537062.700,278, 
P01,S1,1,down,KeyA,1791207537072.000,279,a
P01,S1,1,up,KeyA,1791207537154.200,279,a
P01,S1,1,down,KeyM,1791207537456.400,280,m
P01,S1,1,up,KeyM,1791207537546.500,280,m
P01,S1,1,down,Space,1791207537726.300,281, 
P01,S1,1,up,Space,1791207537807.100,281, 
P01,S1,1,down,Backspace,1791207538009.100,282,Backspace
P01,S1,1,up,Backspace,1791207538069.200,282,Backspace
P01,S1,1,down,Backspace,1791207538159.300,283,Backspace
P01,S1,1,up,Backspace,1791207538229.900,283,Backspace
P01,S1,1,down,KeyN,1791207538407.800,284,n
P01,S1,1,up,KeyN,1791207538483.100,284,n
P01,S1,1,down,Space,1791207538580.700,285, 
P01,S1,1,up,Space,1791207538675.100,285, 
P01,S1,1,down,KeyA,1791207538702.700,286,a
P01,S1,1,up,KeyA,1791207538831.200,286,a
P01,S1,1,down,KeyL,1791207538855.000,287,l
P01,S1,1,up,KeyL,1791207538948.100,287,l
P01,S1,1,down,KeyE,1791207539042.700,288,e
P01,S1,1,up,KeyE,1791207539137.300,288,e
P01,S1,1,down,Backspace,1791207539315.500,289,Backspace
P01,S1,1,up,Backspace,1791207539401.500,289,Backspace
P01,S1,1,down,KeyT,1791207539448.400,290,t
P01,S1,1,up,KeyT,1791207539530.300,290,t
P01,S1,1,down,KeyE,1791207539651.100,291,e
P01,S1,1,up,KeyE,1791207539743.800,291,e
P01,S1,1,down,KeyR,1791207539845.100,292,r
P01,S1,1,up,KeyR,1791207539913.000,292,r
P01,S1,1,down,KeyN,1791207539993.500,293,n
P01,S1,1,up,KeyN,1791207540096.900,293,n
P01,S1,1,down,KeyA,1791207540115.600,294,a
P01,S1,1,up,KeyA,1791207540225.700,294,a
P01,S1,1,down,KeyT,1791207540325.800,295,t
P01,S1,1,up,KeyT,1791207540398.100,295,t
P01,S1,1,down,KeyI,1791207540555.700,296,i
P01,S1,1,up,KeyI,1791207540628.900,296,i
P01,S1,1,down,KeyV,1791207540659.100,297,v
P01,S1,1,up,KeyV,1791207540730.800,297,v
P01,S1,1,down,KeyE,1791207540830.300,298,e
P01,S1,1,down,Space,1791207540933.200,299, 
P01,S1,1,up,KeyE,1791207540948.300,298,e
P01,S1,1,up,Space,1791207541023.300,299, 
P01,S1,1,down,KeyF,1791207541273.600,300,f
P01,S1,1,up,KeyF,1791207541392.700,300,f
P01,S1,1,down,KeyO,1791207541403.100,301,o
P01,S1,1,up,KeyO,1791207541486.300,301,o
P01,S1,1,down,KeyR,1791207541505.900,302,r
P01,S1,1,up,KeyR,1791207541599.100,302,r
P01,S1,1,down,Space,1791207541626.000,303, 
P01,S1,1,up,Space,1791207541730.200,303, 
P01,S1,1,down,KeyW,1791207541909.700,304,w
P01,S1,1,up,KeyW,1791207542009.700,304,w
P01,S1,1,down,KeyH,1791207542019.400,305,h
P01,S1,1,up,KeyH,1791207542108.900,305,h
P01,S1,1,down,KeyE,1791207542118.600,306,e
P01,S1,1,up,KeyE,1791207542192.300,306,e
P01,S1,1,down,KeyN,1791207542221.900,307,n
P01,S1,1,up,KeyN,1791207542304.000,307,n
P01,S1,1,down,Space,1791207542390.900,308, 
P01,S1,1,up,Space,1791207542487.900,308, 
P01,S1,1,down,KeyY,1791207543030.400,309,y
P01,S1,1,up,KeyY,1791207543098.900,309,y
P01,S1,1,down,KeyO,1791207543312.200,310,o
P01,S1,1,up,KeyO,1791207543418.700,310,o
P01,S1,1,down,KeyU,1791207543541.700,311,u
P01,S1,1,up,KeyU,1791207543613.300,311,u
P01,S1,1,down,Space,1791207543762.200,312, 
P01,S1,1,up,Space,1791207543855.600,312, 
P01,S1,1,down,KeyH,1791207544036.500,313,h
P01,S1,1,up,KeyH,1791207544097.700,313,h
P01,S1,1,down,KeyO,1791207544248.300,314,o
P01,S1,1,up,KeyO,1791207544349.600,314,o
P01,S1,1,down,KeyL,1791207544431.200,315,l
P01,S1,1,up,KeyL,1791207544514.200,315,l
P01,S1,1,down,KeyD,1791207544524.300,316,d
P01,S1,1,up,KeyD,1791207544601.200,316,d
P01,S1,1,down,Space,1791207544640.800,317, 
P01,S1,1,up,Space,1791207544720.800,317, 
P01,S1,1,down,KeyT,1791207544731.900,318,t
P01,S1,1,up,KeyT,1791207544834.500,318,t
P01,S1,1,down,KeyH,1791207544845.200,319,h
P01,S1,1,up,KeyH,1791207544920.700,319,h
P01,S1,1,down,KeyE,1791207544940.900,320,e
P01,S1,1,up,KeyE,1791207545034.500,320,e
P01,S1,1,down,Space,1791207545053.400,321, 
P01,S1,1,up,Space,1791207545165.600,321, 
P01,S1,1,down,KeyD,1791207545605.300,322,d
P01,S1,1,down,KeyO,1791207545708.700,323,o
P01,S1,1,up,KeyD,1791207545722.500,322,d
P01,S1,1,up,KeyO,1791207545780.700,323,o
P01,S1,1,down,KeyO,1791207545880.600,324,o
P01,S1,1,up,KeyO,1791207545983.500,324,o
P01,S1,1,down,KeyR,1791207545993.800,325,r
P01,S1,1,up,KeyR,1791207546112.500,325,r
P01,S1,1,down,KeyB,1791207546619.700,326,b
P01,S1,1,up,KeyB,1791207546662.000,326,b
P01,S1,1,down,KeyE,1791207547129.900,327,e
P01,S1,1,up,KeyE,1791207547212.900,327,e
P01,S1,1,down,KeyL,1791207547283.800,328,l
P01,S1,1,up,KeyL,1791207547382.700,328,l
P01,S1,1,down,KeyL,1791207547466.200,329,l
P01,S1,1,up,KeyL,1791207547555.700,329,l
P01,S1,1,down,Space,1791207547716.400,330, 
P01,S1,1,up,Space,1791207547805.900,330, 
P01,S1,1,down,KeyD,1791207547999.600,331,d
P01,S1,1,down,KeyO,1791207548107.900,332,o
P01,S1,1,up,KeyD,1791207548120.800,331,d
P01,S1,1,up,KeyO,1791207548170.500,332,o
P01,S1,1,down,KeyW,1791207548215.000,333,w
P01,S1,1,up,KeyW,1791207548333.100,333,w
P01,S1,1,down,KeyN,1791207548347.100,334,n
P01,S1,1,up,KeyN,1791207548438.800,334,n
P01,S1,1,down,Space,1791207548673.100,335, 
P01,S1,1,up,Space,1791207548762.400,335, 
P01,S1,1,down,KeyA,1791207548773.300,336,a
P01,S1,1,up,KeyA,1791207548868.500,336,a
P01,S1,1,down,KeyS,1791207548962.400,337,s
P01,S1,1,up,KeyS,1791207549057.700,337,s
P01,S1,1,down,Space,1791207549105.800,338, 
P01,S1,1,up,Space,1791207549179.300,338, 
P01,S1,1,down,KeyT,1791207550768.400,339,t
P01,S1,1,up,KeyT,1791207550863.200,339,t
P01,S1,1,down,KeyH,1791207550872.400,340,h
P01,S1,1,up,KeyH,1791207550960.700,340,h
P01,S1,1,down,KeyE,1791207550992.000,341,e
P01,S1,1,up,KeyE,1791207551092.000,341,e
P01,S1,1,down,Space,1791207551111.000,342, 
P01,S1,1,up,Space,1791207551204.600,342, 
P01,S1,1,down,KeyM,1791207551335.000,343,m
P01,S1,1,down,KeyA,1791207551445.400,344,a
P01,S1,1,up,KeyM,1791207551460.600,343,m
P01,S1,1,up,KeyA,1791207551570.700,344,a
P01,S1,1,down,KeyR,1791207551699.700,345,r
P01,S1,1,up,KeyR,1791207551800.400,345,r
P01,S1,1,down,KeyI,1791207551854.500,346,i
P01,S1,1,up,KeyI,1791207551943.100,346,i
P01,S1,1,down,KeyO,1791207552087.600,347,o
P01,S1,1,up,KeyO,1791207552152.900,347,o
P01,S1,1,down,Space,1791207552554.500,348, 
P01,S1,1,up,Space,1791207552634.500,348, 
P01,S1,1,down,Quote,1791207553458.400,349,'
P01,S1,1,up,Quote,1791207553523.600,349,'
P01,S1,1,down,KeyD,1791207553793.400,350,d
P01,S1,1,up,KeyD,1791207553928.000,350,d
P01,S1,1,down,KeyO,1791207553994.400,351,o
P01,S1,1,up,KeyO,1791207554073.400,351,o
P01,S1,1,down,KeyO,1791207554183.000,352,o
P01,S1,1,up,KeyO,1791207554258.100,352,o
P01,S1,1,down,KeyO,1791207554367.900,353,o
P01,S1,1,up,KeyO,1791207554460.700,353,o
P01,S1,1,down,KeyW,1791207555276.100,354,w
P01,S1,1,up,KeyW,1791207555377.900,354,w
P01,S1,1,down,KeyO,1791207555404.900,355,o
P01,S1,1,up,KeyO,1791207555478.200,355,o
P01,S1,1,down,KeyO,1791207555578.600,356,o
P01,S1,1,up,KeyO,1791207555660.600,356,o
P01,S1,1,down,KeyO,1791207555748.700,357,o
P01,S1,1,up,KeyO,1791207555848.600,357,o
P01,S1,1,down,KeyO,1791207555941.500,358,o
P01,S1,1,up,KeyO,1791207556036.100,358,o
P01,S1,1,down,KeyW,1791207556121.800,359,w
P01,S1,1,up,KeyW,1791207556205.100,359,w
P01,S1,1,down,Backspace,1791207556595.900,360,Backspace
P01,S1,1,up,Backspace,1791207556717.200,360,Backspace
P01,S1,1,down,KeyD,1791207556739.000,361,d
P01,S1,1,up,KeyD,1791207556853.600,361,d
P01,S1,1,down,KeyO,1791207556862.000,362,o
P01,S1,1,up,KeyO,1791207556940.700,362,o
P01,S1,1,down,KeyO,1791207557027.500,363,o
P01,S1,1,up,KeyO,1791207557120.400,363,o
P01,S1,1,down,KeyO,1791207557217.700,364,o
P01,S1,1,up,KeyO,1791207557292.300,364,o
P01,S1,1,down,KeyO,1791207557383.000,365,o
P01,S1,1,up,KeyO,1791207557463.600,365,o
P01,S1,1,down,KeyW,1791207557576.200,366,w
P01,S1,1,up,KeyW,1791207557656.100,366,w
P01,S1,1,down,KeyO,1791207557724.700,367,o
P01,S1,1,up,KeyO,1791207557764.700,367,o
P01,S1,1,down,KeyO,1791207557907.600,368,o
P01,S1,1,up,KeyO,1791207557957.300,368,o
P01,S1,1,down,KeyO,1791207558088.900,369,o
P01,S1,1,up,KeyO,1791207558156.200,369,o
P01,S1,1,down,KeyO,1791207558282.600,370,o
P01,S1,1,up,KeyO,1791207558342.700,370,o
P01,S1,1,down,KeyO,1791207558476.900,371,o
P01,S1,1,up,KeyO,1791207558555.100,371,o
P01,S1,1,down,Quote,1791207559114.300,372,'
P01,S1,1,up,Quote,1791207559174.600,372,'
P01,S1,1,down,Space,1791207559376.900,373, 
P01,S1,1,up,Space,1791207559455.400,373, 
P01,S1,1,down,KeyS,1791207559549.700,374,s
P01,S1,1,down,KeyO,1791207559651.000,375,o
P01,S1,1,up,KeyS,1791207559666.600,374,s
P01,S1,1,up,KeyO,1791207559730.900,375,o
P01,S1,1,down,KeyU,1791207559875.300,376,u
P01,S1,1,up,KeyU,1791207559965.900,376,u
P01,S1,1,down,KeyN,1791207560071.500,377,n
P01,S1,1,down,KeyD,1791207560154.300,378,d
P01,S1,1,up,KeyN,1791207560173.800,377,n
P01,S1,1,up,KeyD,1791207560269.300,378,d
P01,S1,1,down,Comma,1791207560855.300,379,","
P01,S1,1,up,Comma,1791207560932.100,379,","
P01,S1,1,down,Space,1791207561019.500,380, 
P01,S1,1,up,Space,1791207561113.000,380, 
P01,S1,1,down,KeyI,1791207561230.900,381,i
P01,S1,1,up,KeyI,1791207561324.800,381,i
P01,S1,1,down,KeyF,1791207561385.800,382,f
P01,S1,1,down,Space,1791207561443.700,383, 
P01,S1,1,up,KeyF,1791207561460.800,382,f
P01,S1,1,up,Space,1791207561578.000,383, 
P01,S1,1,down,KeyT,1791207561587.700,384,t
P01,S1,1,up,KeyT,1791207561666.500,384,t
P01,S1,1,down,KeyH,1791207561692.600,385,h
P01,S1,1,up,KeyH,1791207561768.600,385,h
P01,S1,1,down,KeyA,1791207561815.300,386,a
P01,S1,1,down,KeyT,1791207561937.300,387,t
P01,S1,1,up,KeyA,1791207561952.000,386,a
P01,S1,1,up,KeyT,1791207562009.400,387,t
P01,S1,1,down,Space,1791207562166.700,388, 
P01,S1,1,up,Space,1791207562232.900,388, 
P01,S1,1,down,KeyM,1791207562378.600,389,m
P01,S1,1,up,KeyM,1791207562395.900,389,m
P01,S1,1,down,KeyA,1791207562493.400,390,a
P01,S1,1,up,KeyA,1791207562584.000,390,a
P01,S1,1,down,KeyK,1791207562963.000,391,k
P01,S1,1,up,KeyK,1791207563061.500,391,k
P01,S1,1,down,KeyE,1791207563106.200,392,e
P01,S1,1,up,KeyE,1791207563208.000,392,e
P01,S1,1,down,KeyS,1791207563308.700,393,s
P01,S1,1,down,Space,1791207563439.900,394, 
P01,S1,1,up,KeyS,1791207563454.800,393,s
P01,S1,1,up,Space,1791207563530.500,394, 
P01,S1,1,down,KeyS,1791207563690.700,395,s
P01,S1,1,up,KeyS,1791207563810.600,395,s
P01,S1,1,down,KeyE,1791207563916.000,396,e
P01,S1,1,up,KeyE,1791207564015.400,396,e
P01,S1,1,down,KeyN,1791207564026.200,397,n
P01,S1,1,up,KeyN,1791207564112.300,397,n
P01,S1,1,down,KeyS,1791207564124.400,398,s
P01,S1,1,up,KeyS,1791207564229.600,398,s
P01,S1,1,down,KeyE,1791207564336.000,399,e
P01,S1,1,up,KeyE,1791207564441.100,399,e
P01,S1,1,down,Comma,1791207565171.000,400,","
P01,S1,1,up,Comma,1791207565265.100,400,","
P01,S1,1,down,Space,1791207565385.100,401, 
P01,S1,1,up,Space,1791207565465.600,401, 
P01,S1,1,down,KeyW,1791207565534.200,402,w
P01,S1,1,down,KeyH,1791207565613.200,403,h
P01,S1,1,up,KeyW,1791207565633.000,402,w
P01,S1,1,up,KeyH,1791207565707.400,403,h
P01,S1,1,down,KeyA,1791207565771.100,404,a
P01,S1,1,up,KeyA,1791207565860.000,404,a
P01,S1,1,down,KeyT,1791207565890.200,405,t
P01,S1,1,up,KeyT,1791207565979.900,405,t
P01,S1,1,down,Space,1791207566109.500,406, 
P01,S1,1,up,Space,1791207566216.000,406, 
P01,S1,1,down,KeyA,1791207566291.400,407,a
P01,S1,1,down,KeyB,1791207566370.000,408,b
P01,S1,1,up,KeyA,1791207566385.400,407,a
P01,S1,1,up,KeyB,1791207566453.600,408,b
P01,S1,1,down,KeyO,1791207566612.000,409,o
P01,S1,1,up,KeyO,1791207566677.200,409,o
P01,S1,1,down,KeyU,1791207566792.700,410,u
P01,S1,1,up,KeyU,1791207566876.800,410,u
P01,S1,1,down,KeyT,1791207566907.600,411,t
P01,S1,1,up,KeyT,1791207566969.800,411,t
P01,S1,1,down,Space,1791207566987.200,412, 
P01,S1,1,up,Space,1791207567078.100,412, 
P01,S1,1,down,KeyY,1791207567240.800,413,y
P01,S1,1,up,KeyY,1791207567307.300,413,y
P01,S1,1,down,KeyO,1791207567463.600,414,o
P01,S1,1,up,KeyO,1791207567550.000,414,o
P01,S1,1,down,KeyU,1791207567680.500,415,u
P01,S1,1,up,KeyU,1791207567759.500,415,u
P01,S1,1,down,ShiftRight,1791207568083.700,416,Shift
P01,S1,1,down,Slash,1791207568274.900,417,?
P01,S1,1,up,ShiftRight,1791207568366.100,416,Shift
P01,S1,1,up,Slash,1791207568389.800,417,/
P01,S1,1,down,Enter,1791207568591.800,418,Enter
P01,S1,2,up,Enter,1791207568677.300,418,Enter
P01,S1,2,down,ShiftLeft,1791207588940.100,419,Shift
P01,S1,2,down,KeyI,1791207589655.900,420,I
P01,S1,2,up,KeyI,1791207589739.400,420,I
P01,S1,2,up,ShiftLeft,1791207589771.400,419,Shift
P01,S1,2,down,Space,1791207590089.300,421, 
P01,S1,2,up,Space,1791207590183.900,421, 
P01,S1,2,down,KeyP,1791207590436.300,422,p
P01,S1,2,up,KeyP,1791207590515.600,422,p
P01,S1,2,down,KeyE,1791207590595.300,423,e
P01,S1,2,up,KeyE,1791207590679.900,423,e
P01,S1,2,down,KeyR,1791207590779.900,424,r
P01,S1,2,up,KeyR,1791207590848.700,424,r
P01,S1,2,down,KeyS,1791207590949.500,425,s
P01,S1,2,down,KeyO,1791207591006.900,426,o
P01,S1,2,up,KeyS,1791207591070.400,425,s
P01,S1,2,up,KeyO,1791207591080.200,426,o
P01,S1,2,down,KeyN,1791207591221.100,427,n
P01,S1,2,up,KeyN,1791207591332.500,427,n
P01,S1,2,down,KeyA,1791207591343.000,428,a
P01,S1,2,up,KeyA,1791207591453.100,428,a
P01,S1,2,down,KeyL,1791207591493.000,429,l
P01,S1,2,up,KeyL,1791207591571.500,429,l
P01,S1,2,down,KeyL,1791207591654.500,430,l
P01,S1,2,up,KeyL,1791207591757.300,430,l
P01,S1,2,down,KeyY,1791207591944.800,431,y
P01,S1,2,up,KeyY,1791207592008.500,431,y
P01,S1,2,down,Space,1791207592125.300,432, 
P01,S1,2,down,KeyT,1791207592198.600,433,t
P01,S1,2,up,Space,1791207592228.500,432, 
P01,S1,2,up,KeyT,1791207592292.600,433,t
P01,S1,2,down,KeyH,1791207592316.900,434,h
P01,S1,2,up,KeyH,1791207592382.600,434,h
P01,S1,2,down,KeyI,1791207592524.600,435,i
P01,S1,2,up,KeyI,1791207592596.800,435,i
P01,S1,2,down,KeyN,1791207592709.700,436,n
P01,S1,2,up,KeyN,1791207592796.100,436,n
P01,S1,2,down,KeyK,1791207592892.200,437,k
P01,S1,2,up,KeyK,1791207592975.600,437,k
P01,S1,2,down,KeyA,1791207593075.300,438,a
P01,S1,2,down,Space,1791207593090.300,439, 
P01,S1,2,up,KeyA,1791207593159.200,438,a
P01,S1,2,up,Space,1791207593168.800,439, 
P01,S1,2,down,Space,1791207593308.900,440, 
P01,S1,2,up,Space,1791207593419.000,440, 
P01,S1,2,down,Backspace,1791207593597.900,441,Backspace
P01,S1,2,up,Backspace,1791207593670.600,441,Backspace
P01,S1,2,down,Backspace,1791207593761.700,442,Backspace
P01,S1,2,up,Backspace,1791207593824.300,442,Backspace
P01,S1,2,down,Backspace,1791207594161.200,443,Backspace
P01,S1,2,up,Backspace,1791207594239.900,443,Backspace
P01,S1,2,down,Space,1791207594494.900,444, 
P01,S1,2,up,Space,1791207594548.300,444, 
P01,S1,2,down,KeyA,1791207594841.200,445,a
P01,S1,2,up,KeyA,1791207594961.400,445,a
P01,S1,2,down,Space,1791207594972.900,446, 
P01,S1,2,up,Space,1791207595094.100,446, 
P01,S1,2,down,KeyC,1791207595304.500,447,c
P01,S1,2,up,KeyC,1791207595436.900,447,c
P01,S1,2,down,KeyH,1791207595472.400,448,h
P01,S1,2,up,KeyH,1791207595567.000,448,h
P01,S1,2,down,KeyE,1791207595636.400,449,e
P01,S1,2,up,KeyE,1791207595717.500,449,e
P01,S1,2,down,KeyE,1791207595817.200,450,e
P01,S1,2,up,KeyE,1791207595878.400,450,e
P01,S1,2,down,KeyT,1791207595948.600,451,t
P01,S1,2,up,KeyT,1791207596026.800,451,t
P01,S1,2,down,KeyA,1791207596058.300,452,a
P01,S1,2,up,KeyA,1791207596193.200,452,a
P01,S1,2,down,KeyH,1791207596203.500,453,h
P01,S1,2,up,KeyH,1791207596284.200,453,h
P01,S1,2,down,Space,1791207596471.500,454, 
P01,S1,2,up,Space,1791207596565.900,454, 
P01,S1,2,down,KeyA,1791207596591.600,455,a
P01,S1,2,up,KeyA,1791207596697.500,455,a
P01,S1,2,down,KeyS,1791207596798.400,456,s
P01,S1,2,up,KeyS,1791207596879.000,456,s
P01,S1,2,down,Space,1791207596896.600,457, 
P01,S1,2,down,KeyA,1791207596984.100,458,a
P01,S1,2,up,Space,1791207597001.400,457, 
P01,S1,2,up,KeyA,1791207597067.700,458,a
P01,S1,2,down,Space,1791207597121.200,459, 
P01,S1,2,up,Space,1791207597200.400,459, 
P01,S1,2,down,KeyT,1791207597306.500,460,t
P01,S1,2,up,KeyT,1791207597392.700,460,t
P01,S1,2,down,KeyA,1791207597641.800,461,a
P01,S1,2,up,KeyA,1791207597750.800,461,a
P01,S1,2,down,KeyX,1791207597974.300,462,x
P01,S1,2,down,KeyI,1791207598052.800,463,i
P01,S1,2,up,KeyX,1791207598082.500,462,x
P01,S1,2,up,KeyI,1791207598138.600,463,i
P01,S1,2,down,Space,1791207598293.700,464, 
P01,S1,2,up,Space,1791207598391.100,464, 
P01,S1,2,down,KeyD,1791207598729.800,465,d
P01,S1,2,up,KeyD,1791207598854.000,465,d
P01,S1,2,down,KeyR,1791207598964.500,466,r
P01,S1,2,up,KeyR,1791207599074.000,466,r
P01,S1,2,down,KeyI,1791207599103.800,467,i
P01,S1,2,up,KeyI,1791207599185.700,467,i
P01,S1,2,down,KeyV,1791207599345.400,468,v
P01,S1,2,down,KeyE,1791207599417.900,469,e
P01,S1,2,up,KeyV,1791207599433.500,468,v
P01,S1,2,up,KeyE,1791207599507.500,469,e
P01,S1,2,down,KeyR,1791207599615.200,470,r
P01,S1,2,down,Space,1791207599689.000,471, 
P01,S1,2,up,KeyR,1791207599705.800,470,r
P01,S1,2,up,Space,1791207599772.000,471, 
P01,S1,2,down,KeyW,1791207600000.200,472,w
P01,S1,2,down,KeyO,1791207600021.800,473,o
P01,S1,2,up,KeyO,1791207600133.200,473,o
P01,S1,2,up,KeyW,1791207600143.700,472,w
P01,S1,2,down,KeyU,1791207600286.300,474,u
P01,S1,2,up,KeyU,1791207600372.000,474,u
P01,S1,2,down,KeyL,1791207600526.100,475,l
P01,S1,2,down,KeyD,1791207600599.000,476,d
P01,S1,2,up,KeyL,1791207600616.200,475,l
P01,S1,2,up,KeyD,1791207600708.800,476,d
P01,S1,2,down,Space,1791207600765.900,477, 
P01,S1,2,up,Space,1791207600839.900,477, 
P01,S1,2,down,KeyB,1791207600977.400,478,b
P01,S1,2,down,KeyE,1791207601018.600,479,e
P01,S1,2,up,KeyB,1791207601058.700,478,b
P01,S1,2,up,KeyE,1791207601094.600,479,e
P01,S1,2,down,Space,1791207601188.700,480, 
P01,S1,2,up,Space,1791207601262.000,480, 
P01,S1,2,down,KeyA,1791207601289.900,481,a
P01,S1,2,up,KeyA,1791207601395.000,481,a
P01,S1,2,down,Space,1791207601412.600,482, 
P01,S1,2,up,Space,1791207601485.500,482, 
P01,S1,2,down,KeyB,1791207601641.600,483,b
P01,S1,2,up,KeyB,1791207601725.700,483,b
P01,S1,2,down,KeyI,1791207601856.000,484,i
P01,S1,2,up,KeyI,1791207601938.600,484,i
P01,S1,2,down,KeyT,1791207601971.800,485,t
P01,S1,2,up,KeyT,1791207602028.100,485,t
P01,S1,2,down,Space,1791207602090.100,486, 
P01,S1,2,up,Space,1791207602160.600,486, 
P01,S1,2,down,KeyO,1791207602306.000,487,o
P01,S1,2,up,KeyO,1791207602362.100,487,o
P01,S1,2,down,KeyF,1791207602392.100,488,f
P01,S1,2,up,KeyF,1791207602492.500,488,f
P01,S1,2,down,Space,1791207602511.800,489, 
P01,S1,2,up,Space,1791207602593.900,489, 
P01,S1,2,down,KeyF,1791207602643.300,490,f
P01,S1,2,down,KeyU,1791207602745.200,491,u
P01,S1,2,up,KeyF,1791207602757.500,490,f
P01,S1,2,up,KeyU,1791207602824.700,491,u
P01,S1,2,down,KeyN,1791207602936.700,492,n
P01,S1,2,up,KeyN,1791207603034.200,492,n
P01,S1,2,down,Comma,1791207603216.600,493,","
P01,S1,2,up,Comma,1791207603305.500,493,","
P01,S1,2,down,Space,1791207603430.800,494, 
P01,S1,2,up,Space,1791207603513.800,494, 
P01,S1,2,down,KeyA,1791207603529.600,495,a
P01,S1,2,up,KeyA,1791207603610.200,495,a
P01,S1,2,down,KeyN,1791207603660.700,496,n
P01,S1,2,up,KeyN,1791207603731.700,496,n
P01,S1,2,down,KeyD,1791207603745.300,497,d
P01,S1,2,down,Space,1791207603832.400,498, 
P01,S1,2,up,KeyD,1791207603851.100,497,d
P01,S1,2,up,Space,1791207603930.400,498, 
P01,S1,2,down,KeyH,1791207604060.300,499,h
P01,S1,2,up,KeyH,1791207604135.400,499,h
P01,S1,2,down,Backspace,1791207604434.900,500,Backspace
P01,S1,2,up,Backspace,1791207604507.400,500,Backspace
P01,S1,2,down,KeyT,1791207604523.900,501,t
P01,S1,2,up,KeyT,1791207604621.300,501,t
P01,S1,2,down,KeyH,1791207604654.100,502,h
P01,S1,2,up,KeyH,1791207604746.900,502,h
P01,S1,2,down,KeyE,1791207604759.800,503,e
P01,S1,2,up,KeyE,1791207604840.200,503,e
P01,S1,2,down,KeyN,1791207604853.800,504,n
P01,S1,2,up,KeyN,1791207604933.200,504,n
P01,S1,2,down,Space,1791207605028.300,505, 
P01,S1,2,up,Space,1791207605123.900,505, 
P01,S1,2,down,KeyM,1791207605514.700,506,m
P01,S1,2,up,KeyM,1791207605618.000,506,m
P01,S1,2,down,KeyA,1791207605637.200,507,a
P01,S1,2,up,KeyA,1791207605731.300,507,a
P01,S1,2,down,KeyY,1791207605844.400,508,y
P01,S1,2,up,KeyY,1791207605915.800,508,y
P01,S1,2,down,KeyB,1791207606056.000,509,b
P01,S1,2,up,KeyB,1791207606128.100,509,b
P01,S1,2,down,KeyE,1791207606161.000,510,e
P01,S1,2,up,KeyE,1791207606212.800,510,e
P01,S1,2,down,Space,1791207606257.900,511, 
P01,S1,2,up,Space,1791207606352.900,511, 
P01,S1,2,down,KeyA,1791207613911.600,512,a
P01,S1,2,down,Space,1791207614012.500,513, 
P01,S1,2,up,KeyA,1791207614028.900,512,a
P01,S1,2,up,Space,1791207614097.500,513, 
P01,S1,2,down,KeyS,1791207614959.800,514,s
P01,S1,2,up,KeyS,1791207615075.800,514,s
P01,S1,2,down,KeyH,1791207615089.800,515,h
P01,S1,2,up,KeyH,1791207615184.000,515,h
P01,S1,2,down,KeyE,1791207615263.400,516,e
P01,S1,2,up,KeyE,1791207615343.900,516,e
P01,S1,2,down,KeyE,1791207615443.200,517,e
P01,S1,2,up,KeyE,1791207615538.200,517,e
P01,S1,2,down,KeyP,1791207615591.600,518,p
P01,S1,2,up,KeyP,1791207615647.000,518,p
P01,S1,2,down,Space,1791207615897.300,519, 
P01,S1,2,up,Space,1791207615997.300,519, 
P01,S1,2,down,KeyA,1791207616018.000,520,a
P01,S1,2,up,KeyA,1791207616110.700,520,a
P01,S1,2,down,KeyS,1791207616248.800,521,s
P01,S1,2,up,KeyS,1791207616332.700,521,s
P01,S1,2,down,Space,1791207616408.300,522, 
P01,S1,2,down,KeyA,1791207616479.500,523,a
P01,S1,2,up,Space,1791207616506.000,522, 
P01,S1,2,up,KeyA,1791207616594.000,523,a
P01,S1,2,down,Space,1791207616631.300,524, 
P01,S1,2,up,Space,1791207616686.700,524, 
P01,S1,2,down,KeyK,1791207618780.700,525,k
P01,S1,2,up,KeyK,1791207618873.600,525,k
P01,S1,2,down,KeyN,1791207618981.400,526,n
P01,S1,2,up,KeyN,1791207619064.600,526,n
P01,S1,2,down,KeyI,1791207619191.100,527,i
P01,S1,2,up,KeyI,1791207619283.500,527,i
P01,S1,2,down,KeyT,1791207619295.900,528,t
P01,S1,2,up,KeyT,1791207619406.000,528,t
P01,S1,2,down,KeyT,1791207619473.700,529,t
P01,S1,2,up,KeyT,1791207619568.600,529,t
P01,S1,2,down,KeyE,1791207619684.700,530,e
P01,S1,2,up,KeyE,1791207619778.400,530,e
P01,S1,2,down,KeyR,1791207619900.200,531,r
P01,S1,2,up,KeyR,1791207620001.200,531,r
P01,S1,2,down,Slash,1791207620334.400,532,/
P01,S1,2,up,Slash,1791207620460.600,532,/
P01,S1,2,down,Space,1791207620703.300,533, 
P01,S1,2,up,Space,1791207620799.500,533, 
P01,S1,2,down,KeyC,1791207620850.500,534,c
P01,S1,2,up,KeyC,1791207620976.300,534,c
P01,S1,2,down,KeyR,1791207621231.000,535,r
P01,S1,2,up,KeyR,1791207621322.100,535,r
P01,S1,2,down,KeyO,1791207621354.500,536,o
P01,S1,2,up,KeyO,1791207621430.800,536,o
P01,S1,2,down,KeyC,1791207621544.600,537,c
P01,S1,2,up,KeyC,1791207621726.400,537,c
P01,S1,2,down,KeyH,1791207621805.200,538,h
P01,S1,2,up,KeyH,1791207621820.900,538,h
P01,S1,2,up,KeyG,1791207621859.500,539,g
P01,S1,2,down,KeyE,1791207621914.900,540,e
P01,S1,2,up,KeyE,1791207622024.900,540,e
P01,S1,2,down,Backspace,1791207622672.300,541,Backspace
P01,S1,2,up,Backspace,1791207622753.900,541,Backspace
P01,S1,2,down,Backspace,1791207622823.000,542,Backspace
P01,S1,2,up,Backspace,1791207622926.100,542,Backspace
P01,S1,2,down,KeyE,1791207623317.700,543,e
P01,S1,2,up,KeyE,1791207623427.100,543,e
P01,S1,2,down,KeyT,1791207623680.900,544,t
P01,S1,2,up,KeyT,1791207623768.900,544,t
P01,S1,2,down,KeyE,1791207623822.600,545,e
P01,S1,2,up,KeyE,1791207623944.900,545,e
P01,S1,2,down,KeyR,1791207624253.200,546,r
P01,S1,2,up,KeyR,1791207624358.000,546,r
P01,S1,2,down,Period,1791207625100.900,547,.
P01,S1,2,up,Period,1791207625175.800,547,.
P01,S1,2,down,Enter,1791207625413.400,548,Enter
P01,S1,3,up,Enter,1791207625497.300,548,Enter
P01,S1,3,down,ShiftLeft,1791207651016.900,549,Shift
P01,S1,3,down,KeyI,1791207652080.000,550,I
P01,S1,3,up,KeyI,1791207652161.200,550,I
P01,S1,3,up,ShiftLeft,1791207652181.600,549,Shift
P01,S1,3,down,Space,1791207652291.300,551, 
P01,S1,3,up,Space,1791207652403.900,551, 
P01,S1,3,down,KeyT,1791207652488.900,552,t
P01,S1,3,down,KeyH,1791207652563.000,553,h
P01,S1,3,up,KeyT,1791207652582.200,552,t
P01,S1,3,up,KeyH,1791207652643.500,553,h
P01,S1,3,down,KeyI,1791207652763.000,554,i
P01,S1,3,up,KeyI,1791207652831.300,554,i
P01,S1,3,down,KeyN,1791207652932.900,555,n
P01,S1,3,up,KeyN,1791207653015.600,555,n
P01,S1,3,down,KeyK,1791207653137.300,556,k
P01,S1,3,up,KeyK,1791207653224.300,556,k
P01,S1,3,down,Space,1791207653315.600,557, 
P01,S1,3,up,Space,1791207653403.000,557, 
P01,S1,3,down,KeyA,1791207653415.200,558,a
P01,S1,3,up,KeyA,1791207653531.500,558,a
P01,S1,3,down,Space,1791207653681.600,559, 
P01,S1,3,up,Space,1791207653787.700,559, 
P01,S1,3,down,KeyC,1791207654324.900,560,c
P01,S1,3,up,KeyC,1791207654409.300,560,c
P01,S1,3,down,KeyA,1791207654546.100,561,a
P01,S1,3,up,KeyA,1791207654651.600,561,a
P01,S1,3,down,KeyT,1791207654671.100,562,t
P01,S1,3,up,KeyT,1791207654730.500,562,t
P01,S1,3,down,Space,1791207654859.400,563, 
P01,S1,3,up,Space,1791207654964.000,563, 
P01,S1,3,down,KeyA,1791207655018.000,564,a
P01,S1,3,up,KeyA,1791207655124.900,564,a
P01,S1,3,down,KeyS,1791207655251.200,565,s
P01,S1,3,up,KeyS,1791207655326.700,565,s
P01,S1,3,down,Space,1791207655342.200,566, 
P01,S1,3,up,Space,1791207655435.500,566, 
P01,S1,3,down,KeyM,1791207655577.100,567,m
P01,S1,3,up,KeyM,1791207655658.500,567,m
P01,S1,3,down,KeyI,1791207655781.100,568,i
P01,S1,3,up,KeyI,1791207655869.000,568,i
P01,S1,3,down,KeyD,1791207655917.200,569,d
P01,S1,3,up,KeyD,1791207655971.900,569,d
P01,S1,3,down,KeyD,1791207656070.600,570,d
P01,S1,3,up,KeyD,1791207656127.500,570,d
P01,S1,3,down,KeyL,1791207656151.700,571,l
P01,S1,3,up,KeyL,1791207656251.300,571,l
P01,S1,3,down,KeyE,1791207656308.700,572,e
P01,S1,3,up,KeyE,1791207656384.500,572,e
P01,S1,3,down,Space,1791207656401.600,573, 
P01,S1,3,up,Space,1791207656484.800,573, 
P01,S1,3,down,KeyM,1791207656622.700,574,m
P01,S1,3,up,KeyM,1791207656686.700,574,m
P01,S1,3,down,KeyA,1791207656785.400,575,a
P01,S1,3,up,KeyA,1791207656885.000,575,a
P01,S1,3,down,KeyN,1791207656980.700,576,n
P01,S1,3,up,KeyN,1791207657061.400,576,n
P01,S1,3,down,KeyA,1791207657125.600,577,a
P01,S1,3,up,KeyA,1791207657229.400,577,a
P01,S1,3,down,KeyG,1791207657392.700,578,g
P01,S1,3,up,KeyG,1791207657445.900,578,g
P01,S1,3,down,KeyE,1791207657484.000,579,e
P01,S1,3,up,KeyE,1791207657603.800,579,e
P01,S1,3,down,KeyM,1791207657620.400,580,m
P01,S1,3,up,KeyM,1791207657715.600,580,m
P01,S1,3,down,KeyE,1791207657750.800,581,e
P01,S1,3,up,KeyE,1791207657862.500,581,e
P01,S1,3,down,KeyN,1791207657901.100,582,n
P01,S1,3,up,KeyN,1791207657975.400,582,n
P01,S1,3,down,KeyT,1791207658032.000,583,t
P01,S1,3,down,Space,1791207658113.100,584, 
P01,S1,3,up,KeyT,1791207658138.300,583,t
P01,S1,3,up,Space,1791207658198.800,584, 
P01,S1,3,down,KeyI,1791207658466.400,585,i
P01,S1,3,up,KeyI,1791207658520.600,585,i
P01,S1,3,down,KeyS,1791207658541.600,586,s
P01,S1,3,up,KeyS,1791207658641.000,586,s
P01,S1,3,down,Space,1791207658680.400,587, 
P01,S1,3,up,Space,1791207658761.600,587, 
P01,S1,3,down,KeyE,1791207658881.500,588,e
P01,S1,3,up,KeyE,1791207658963.300,588,e
P01,S1,3,down,KeyX,1791207659177.200,589,x
P01,S1,3,up,KeyX,1791207659327.900,589,x
P01,S1,3,down,KeyC,1791207659437.300,590,c
P01,S1,3,up,KeyC,1791207659527.700,590,c
P01,S1,3,down,KeyE,1791207659639.600,591,e
P01,S1,3,down,KeyL,1791207659710.300,592,l
P01,S1,3,up,KeyE,1791207659730.000,591,e
P01,S1,3,up,KeyL,1791207659771.500,592,l
P01,S1,3,down,KeyL,1791207659867.200,593,l
P01,S1,3,up,KeyL,1791207659951.000,593,l
P01,S1,3,down,KeyE,1791207659967.300,594,e
P01,S1,3,up,KeyE,1791207660148.300,594,e
P01,S1,3,down,KeyN,1791207660185.900,595,n
P01,S1,3,up,KeyN,1791207660274.100,595,n
P01,S1,3,down,KeyT,1791207660310.400,596,t
P01,S1,3,up,KeyT,1791207660404.400,596,t
P01,S1,3,down,Comma,1791207660466.300,597,","
P01,S1,3,up,Comma,1791207660578.200,597,","
P01,S1,3,down,Space,1791207660690.500,598, 
P01,S1,3,down,KeyA,1791207660747.700,599,a
P01,S1,3,up,Space,1791207660775.000,598, 
P01,S1,3,up,KeyA,1791207660858.600,599,a
P01,S1,3,down,KeyD,1791207660969.200,600,d
P01,S1,3,up,KeyD,1791207661062.500,600,d
P01,S1,3,down,Space,1791207661167.700,601, 
P01,S1,3,up,Space,1791207661232.700,601, 
P01,S1,3,down,Backspace,1791207661441.100,602,Backspace
P01,S1,3,up,Backspace,1791207661504.600,602,Backspace
P01,S1,3,down,Backspace,1791207661591.000,603,Backspace
P01,S1,3,up,Backspace,1791207661664.500,603,Backspace
P01,S1,3,down,KeyN,1791207661808.600,604,n
P01,S1,3,up,KeyN,1791207661879.400,604,n
P01,S1,3,down,Space,1791207661994.400,605, 
P01,S1,3,up,Space,1791207662081.100,605, 
P01,S1,3,down,Backspace,1791207662310.400,606,Backspace
P01,S1,3,up,Backspace,1791207662378.000,606,Backspace
P01,S1,3,down,KeyD,1791207662413.400,607,d
P01,S1,3,up,KeyD,1791207662511.800,607,d
P01,S1,3,down,Space,1791207662528.300,608, 
P01,S1,3,up,Space,1791207662624.900,608, 
P01,S1,3,down,KeyA,1791207662643.100,609,a
P01,S1,3,down,Space,1791207662743.700,610, 
P01,S1,3,up,KeyA,1791207662765.100,609,a
P01,S1,3,up,Space,1791207662821.900,610, 
P01,S1,3,down,KeyP,1791207663058.300,611,p
P01,S1,3,up,KeyP,1791207663157.400,611,p
P01,S1,3,down,KeyO,1791207663280.900,612,o
P01,S1,3,up,KeyO,1791207663369.400,612,o
P01,S1,3,down,KeyW,1791207663649.800,613,w
P01,S1,3,up,KeyW,1791207663852.800,613,w
P01,S1,3,down,KeyE,1791207664090.400,614,e
P01,S1,3,up,KeyE,1791207664186.700,614,e
P01,S1,3,down,KeyR,1791207664285.500,615,r
P01,S1,3,up,KeyR,1791207664403.700,615,r
P01,S1,3,down,KeyF,1791207664477.800,616,f
P01,S1,3,down,KeyU,1791207664595.600,617,u
P01,S1,3,up,KeyF,1791207664620.100,616,f
P01,S1,3,up,KeyU,1791207664693.700,617,u
P01,S1,3,down,KeyL,1791207664840.600,618,l
P01,S1,3,up,KeyL,1791207664921.200,618,l
P01,S1,3,down,Space,1791207665052.900,619, 
P01,S1,3,up,Space,1791207665163.400,619, 
P01,S1,3,down,KeyA,1791207674124.900,620,a
P01,S1,3,down,KeyL,1791207674236.400,621,l
P01,S1,3,up,KeyA,1791207674259.900,620,a
P01,S1,3,up,KeyL,1791207674348.300,621,l
P01,S1,3,down,KeyI,1791207674440.300,622,i
P01,S1,3,up,KeyI,1791207674529.600,622,i
P01,S1,3,down,KeyS,1791207674546.600,623,s
P01,S1,3,up,KeyS,1791207674639.300,623,s
P01,S1,3,down,Backspace,1791207674812.400,624,Backspace
P01,S1,3,up,Backspace,1791207674912.700,624,Backspace
P01,S1,3,down,Backspace,1791207674977.900,625,Backspace
P01,S1,3,up,Backspace,1791207675070.100,625,Backspace
P01,S1,3,down,Backspace,1791207675164.500,626,Backspace
P01,S1,3,up,Backspace,1791207675242.900,626,Backspace
P01,S1,3,down,Backspace,1791207675336.200,627,Backspace
P01,S1,3,up,Backspace,1791207675416.100,627,Backspace
P01,S1,3,down,KeyM,1791207676170.200,628,m
P01,S1,3,up,KeyM,1791207676260.500,628,m
P01,S1,3,down,KeyE,1791207676274.700,629,e
P01,S1,3,up,KeyE,1791207676404.500,629,e
P01,S1,3,down,KeyT,1791207676521.800,630,t
P01,S1,3,up,KeyT,1791207676621.100,630,t
P01,S1,3,down,KeyA,1791207676800.400,631,a
P01,S1,3,up,KeyA,1791207676899.700,631,a
P01,S1,3,down,KeyP,1791207676913.900,632,p
P01,S1,3,up,KeyP,1791207676986.500,632,p
P01,S1,3,down,KeyH,1791207677156.400,633,h
P01,S1,3,up,KeyH,1791207677222.000,633,h
P01,S1,3,down,KeyP,1791207677422.400,634,p
P01,S1,3,up,KeyP,1791207677489.700,634,p
P01,S1,3,down,KeyR,1791207677547.800,635,r
P01,S1,3,up,KeyR,1791207677642.200,635,r
P01,S1,3,down,Space,1791207677674.000,636, 
P01,S1,3,up,Space,1791207677774.700,636, 
P01,S1,3,down,Backspace,1791207678085.700,637,Backspace
P01,S1,3,up,Backspace,1791207678159.000,637,Backspace
P01,S1,3,down,Backspace,1791207678244.200,638,Backspace
P01,S1,3,up,Backspace,1791207678319.600,638,Backspace
P01,S1,3,down,Backspace,1791207678419.600,639,Backspace
P01,S1,3,up,Backspace,1791207678468.000,639,Backspace
P01,S1,3,down,Backspace,1791207678612.400,640,Backspace
P01,S1,3,up,Backspace,1791207678669.700,640,Backspace
P01,S1,3,down,KeyH,1791207679729.100,641,h
P01,S1,3,up,KeyH,1791207679820.900,641,h
P01,S1,3,down,KeyP,1791207679998.200,642,p
P01,S1,3,up,KeyP,1791207680082.600,642,p
P01,S1,3,down,KeyR,1791207680103.700,643,r
P01,S1,3,up,KeyR,1791207680173.900,643,r
P01,S1,3,down,Backspace,1791207680563.800,644,Backspace
P01,S1,3,up,Backspace,1791207680630.700,644,Backspace
P01,S1,3,down,Backspace,1791207680714.100,645,Backspace
P01,S1,3,up,Backspace,1791207680818.400,645,Backspace
P01,S1,3,down,KeyO,1791207680870.100,646,o
P01,S1,3,down,KeyR,1791207680949.300,647,r
P01,S1,3,up,KeyO,1791207680974.600,646,o
P01,S1,3,up,KeyR,1791207681049.400,647,r
P01,S1,3,down,Space,1791207681137.600,648, 
P01,S1,3,up,Space,1791207681231.400,648, 
P01,S1,3,down,KeyF,1791207681480.200,649,f
P01,S1,3,up,KeyF,1791207681584.900,649,f
P01,S1,3,down,KeyO,1791207681601.400,650,o
P01,S1,3,up,KeyO,1791207681673.400,650,o
P01,S1,3,down,KeyR,1791207681695.600,651,r
P01,S1,3,up,KeyR,1791207681797.800,651,r
P01,S1,3,down,Space,1791207681815.500,652, 
P01,S1,3,up,Space,1791207681885.400,652, 
P01,S1,3,down,KeyH,1791207682009.500,653,h
P01,S1,3,up,KeyH,1791207682079.000,653,h
P01,S1,3,down,Backspace,1791207682361.500,654,Backspace
P01,S1,3,up,Backspace,1791207682433.200,654,Backspace
P01,S1,3,down,KeyT,1791207682452.200,655,t
P01,S1,3,up,KeyT,1791207682533.400,655,t
P01,S1,3,down,KeyH,1791207682581.700,656,h
P01,S1,3,down,KeyE,1791207682673.800,657,e
P01,S1,3,up,KeyH,1791207682699.900,656,h
P01,S1,3,up,KeyE,1791207682767.400,657,e
P01,S1,3,down,KeyI,1791207682820.700,658,i
P01,S1,3,up,KeyI,1791207682905.500,658,i
P01,S1,3,down,KeyR,1791207682943.500,659,r
P01,S1,3,up,KeyR,1791207683020.800,659,r
P01,S1,3,down,Space,1791207683093.400,660, 
P01,S1,3,up,Space,1791207683141.900,660, 
P01,S1,3,down,KeyP,1791207683387.300,661,p
P01,S1,3,up,KeyP,1791207683430.400,661,p
P01,S1,3,down,KeyL,1791207683741.500,662,l
P01,S1,3,up,KeyL,1791207683823.800,662,l
P01,S1,3,down,KeyA,1791207683881.300,663,a
P01,S1,3,up,KeyA,1791207683965.900,663,a
P01,S1,3,down,KeyC,1791207684075.400,664,c
P01,S1,3,up,KeyC,1791207684197.800,664,c
P01,S1,3,down,KeyE,1791207684263.300,665,e
P01,S1,3,down,Space,1791207684305.500,666, 
P01,S1,3,up,Space,1791207684403.900,666, 
P01,S1,3,down,KeyI,1791207684660.900,667,i
P01,S1,3,up,KeyI,1791207684729.700,667,i
P01,S1,3,down,KeyN,1791207684868.300,668,n
P01,S1,3,up,KeyN,1791207684916.400,668,n
P01,S1,3,down,Space,1791207685001.000,669, 
P01,S1,3,up,Space,1791207685083.100,669, 
P01,S1,3,down,KeyS,1791207685240.200,670,s
P01,S1,3,up,KeyS,1791207685345.800,670,s
P01,S1,3,down,KeyO,1791207685388.100,671,o
P01,S1,3,up,KeyO,1791207685454.900,671,o
P01,S1,3,down,KeyC,1791207685612.100,672,c
P01,S1,3,down,KeyI,1791207685725.500,673,i
P01,S1,3,up,KeyC,1791207685740.000,672,c
P01,S1,3,up,KeyI,1791207685818.900,673,i
P01,S1,3,down,KeyE,1791207685864.400,674,e
P01,S1,3,up,KeyE,1791207685950.300,674,e
P01,S1,3,down,KeyT,1791207686168.500,675,t
P01,S1,3,up,KeyT,1791207686262.500,675,t
P01,S1,3,down,KeyY,1791207686324.100,676,y
P01,S1,3,up,KeyY,1791207686376.500,676,y
P01,S1,3,down,Period,1791207686802.800,677,.
P01,S1,3,up,Period,1791207686886.200,677,.
P01,S1,3,down,Space,1791207687029.500,678, 
P01,S1,3,down,ShiftLeft,1791207687084.800,679,Shift
P01,S1,3,up,Space,1791207687100.400,678, 
P01,S1,3,down,KeyH,1791207687251.500,680,H
P01,S1,3,up,ShiftLeft,1791207687279.700,679,Shift
P01,S1,3,up,KeyH,1791207687316.300,680,h
P01,S1,3,down,KeyE,1791207687350.800,681,e
P01,S1,3,up,KeyE,1791207687462.100,681,e
P01,S1,3,down,KeyR,1791207687555.200,682,r
P01,S1,3,up,KeyR,1791207687643.000,682,r
P01,S1,3,down,KeyE,1791207687743.100,683,e
P01,S1,3,up,KeyE,1791207687846.400,683,e
P01,S1,3,down,Quote,1791207688631.100,684,'
P01,S1,3,up,Quote,1791207688724.300,684,'
P01,S1,3,down,KeyS,1791207688859.800,685,s
P01,S1,3,down,Space,1791207688953.500,686, 
P01,S1,3,up,KeyS,1791207688972.500,685,s
P01,S1,3,up,Space,1791207689043.700,686, 
P01,S1,3,down,KeyM,1791207689266.100,687,m
P01,S1,3,up,KeyM,1791207689375.000,687,m
P01,S1,3,down,KeyY,1791207689538.500,688,y
P01,S1,3,up,KeyY,1791207689607.800,688,y
P01,S1,3,down,Space,1791207689738.000,689, 
P01,S1,3,up,Space,1791207689853.100,689, 
P01,S1,3,down,KeyQ,1791207690001.500,690,q
P01,S1,3,up,KeyQ,1791207690124.300,690,q
P01,S1,3,down,KeyU,1791207690212.500,691,u
P01,S1,3,up,KeyU,1791207690294.300,691,u
P01,S1,3,down,KeyE,1791207690341.000,692,e
P01,S1,3,up,KeyE,1791207690444.800,692,e
P01,S1,3,down,KeyS,1791207690552.900,693,s
P01,S1,3,up,KeyS,1791207690649.100,693,s
P01,S1,3,down,KeyT,1791207690805.100,694,t
P01,S1,3,down,KeyI,1791207690895.900,695,i
P01,S1,3,up,KeyT,1791207690924.000,694,t
P01,S1,3,up,KeyI,1791207690987.600,695,i
P01,S1,3,down,KeyO,1791207691080.500,696,o
P01,S1,3,up,KeyO,1791207691139.400,696,o
P01,S1,3,down,KeyN,1791207691249.500,697,n
P01,S1,3,up,KeyN,1791207691328.800,697,n
P01,S1,3,down,Space,1791207691408.900,698, 
P01,S1,3,up,Space,1791207691504.900,698, 
P01,S1,3,down,KeyT,1791207691547.800,699,t
P01,S1,3,up,KeyT,1791207691616.900,699,t
P01,S1,3,down,KeyO,1791207691660.800,700,o
P01,S1,3,up,KeyO,1791207691727.600,700,o
P01,S1,3,down,Space,1791207691874.500,701, 
P01,S1,3,up,Space,1791207691968.800,701, 
P01,S1,3,down,KeyY,1791207692207.900,702,y
P01,S1,3,up,KeyY,1791207692291.400,702,y
P01,S1,3,down,KeyO,1791207692463.600,703,o
P01,S1,3,up,KeyO,1791207692538.400,703,o
P01,S1,3,down,KeyU,1791207692663.800,704,u
P01,S1,3,up,KeyU,1791207692733.500,704,u
P01,S1,3,down,Space,1791207692864.400,705, 
P01,S1,3,up,Space,1791207692973.500,705, 
P01,S1,3,down,Minus,1791207693306.200,706,-
P01,S1,3,up,Minus,1791207693378.600,706,-
P01,S1,3,down,Space,1791207693398.700,707, 
P01,S1,3,up,Space,1791207693501.300,707, 
P01,S1,3,down,KeyI,1791207693643.300,708,i
P01,S1,3,up,KeyI,1791207693707.100,708,i
P01,S1,3,down,KeyF,1791207693781.500,709,f
P01,S1,3,up,KeyF,1791207693895.800,709,f
P01,S1,3,down,Space,1791207693937.500,710, 
P01,S1,3,up,Space,1791207694015.000,710, 
P01,S1,3,down,KeyY,1791207694244.900,711,y
P01,S1,3,up,KeyY,1791207694324.800,711,y
P01,S1,3,down,KeyO,1791207694458.000,712,o
P01,S1,3,up,KeyO,1791207694548.900,712,o
P01,S1,3,down,KeyU,1791207694667.500,713,u
P01,S1,3,up,KeyU,1791207694729.300,713,u
P01,S1,3,down,Space,1791207694841.600,714, 
P01,S1,3,up,Space,1791207694941.400,714, 
P01,S1,3,down,KeyH,1791207695048.500,715,h
P01,S1,3,down,KeyA,1791207695141.000,716,a
P01,S1,3,up,KeyA,1791207695255.900,716,a
P01,S1,3,down,KeyD,1791207695313.500,717,d
P01,S1,3,up,KeyD,1791207695406.000,717,d
P01,S1,3,down,Space,1791207695423.700,718, 
P01,S1,3,up,Space,1791207695514.200,718, 
P01,S1,3,down,KeyT,1791207695587.200,719,t
P01,S1,3,down,KeyO,1791207695666.700,720,o
P01,S1,3,up,KeyT,1791207695699.400,719,t
P01,S1,3,up,KeyO,1791207695756.700,720,o
P01,S1,3,down,Space,1791207695906.800,721, 
P01,S1,3,up,Space,1791207696001.300,721, 
P01,S1,3,down,KeyD,1791207696171.400,722,d
P01,S1,3,up,KeyD,1791207696283.200,722,d
P01,S1,3,down,KeyE,1791207696341.800,723,e
P01,S1,3,up,KeyE,1791207696425.400,723,e
P01,S1,3,down,KeyS,1791207696534.800,724,s
P01,S1,3,up,KeyS,1791207696625.400,724,s
P01,S1,3,down,KeyI,1791207696679.700,725,i
P01,S1,3,up,KeyI,1791207696754.700,725,i
P01,S1,3,down,KeyG,1791207696883.300,726,g
P01,S1,3,up,KeyG,1791207696979.300,726,g
P01,S1,3,down,Space,1791207697131.300,727, 
P01,S1,3,up,Space,1791207697238.500,727, 
P01,S1,3,down,Backspace,1791207697457.400,728,Backspace
P01,S1,3,up,Backspace,1791207697581.800,728,Backspace
P01,S1,3,down,KeyN,1791207697721.400,729,n
P01,S1,3,up,KeyN,1791207697784.900,729,n
P01,S1,3,down,Space,1791207697880.900,730, 
P01,S1,3,up,Space,1791207697966.200,730, 
P01,S1,3,down,KeyA,1791207697983.200,731,a
P01,S1,3,down,Space,1791207698086.700,732, 
P01,S1,3,up,KeyA,1791207698110.800,731,a
P01,S1,3,up,Space,1791207698174.400,732, 
P01,S1,3,down,Quote,1791207699001.100,733,'
P01,S1,3,up,Quote,1791207699086.300,733,'
P01,S1,3,down,KeyP,1791207699302.500,734,p
P01,S1,3,up,KeyP,1791207699389.000,734,p
P01,S1,3,down,KeyU,1791207699557.700,735,u
P01,S1,3,up,KeyU,1791207699640.500,735,u
P01,S1,3,down,KeyR,1791207699699.900,736,r
P01,S1,3,up,KeyR,1791207699756.300,736,r
P01,S1,3,down,KeyG,1791207699908.500,737,g
P01,S1,3,up,KeyG,1791207699991.000,737,g
P01,S1,3,down,KeyA,1791207700134.200,738,a
P01,S1,3,up,KeyA,1791207700203.000,738,a
P01,S1,3,down,KeyT,1791207700436.500,739,t
P01,S1,3,down,KeyO,1791207700526.300,740,o
P01,S1,3,up,KeyT,1791207700558.800,739,t
P01,S1,3,up,KeyO,1791207700621.200,740,o
P01,S1,3,down,KeyR,1791207700663.200,741,r
P01,S1,3,up,KeyR,1791207700761.800,741,r
P01,S1,3,down,KeyY,1791207700827.800,742,y
P01,S1,3,up,KeyY,1791207700891.300,742,y
P01,S1,3,down,Quote,1791207701512.300,743,'
P01,S1,3,up,Quote,1791207701564.700,743,'
P01,S1,3,down,Space,1791207701754.700,744, 
P01,S1,3,up,Space,1791207701837.700,744, 
P01,S1,3,down,KeyF,1791207701881.100,745,f
P01,S1,3,down,KeyO,1791207702006.000,746,o
P01,S1,3,up,KeyO,1791207702089.700,746,o
P01,S1,3,up,KeyR,1791207702162.500,747,r
P01,S1,3,down,Space,1791207702220.600,748, 
P01,S1,3,up,Space,1791207702321.000,748, 
P01,S1,3,down,KeyH,1791207702542.400,749,h
P01,S1,3,up,KeyH,1791207702642.800,749,h
P01,S1,3,down,KeyU,1791207702784.700,750,u
P01,S1,3,up,KeyU,1791207702873.200,750,u
P01,S1,3,down,KeyM,1791207703024.400,751,m
P01,S1,3,up,KeyM,1791207703126.900,751,m
P01,S1,3,down,KeyA,1791207703183.900,752,a
P01,S1,3,up,KeyA,1791207703268.200,752,a
P01,S1,3,down,KeyN,1791207703289.400,753,n
P01,S1,3,up,KeyN,1791207703360.000,753,n
P01,S1,3,down,KeyI,1791207703486.800,754,i
P01,S1,3,up,KeyI,1791207703561.800,754,i
P01,S1,3,down,KeyT,1791207703641.100,755,t
P01,S1,3,up,KeyT,1791207703713.500,755,t
P01,S1,3,down,Comma,1791207703929.600,756,","
P01,S1,3,up,Comma,1791207704002.900,756,","
P01,S1,3,down,Space,1791207704094.100,757, 
P01,S1,3,up,Space,1791207704187.200,757, 
P01,S1,3,down,KeyW,1791207704483.600,758,w
P01,S1,3,up,KeyW,1791207704551.200,758,w
P01,S1,3,down,Backspace,1791207704766.700,759,Backspace
P01,S1,3,up,Backspace,1791207704840.800,759,Backspace
P01,S1,3,down,Backspace,1791207704923.000,760,Backspace
P01,S1,3,up,Backspace,1791207704982.000,760,Backspace
P01,S1,3,down,Backspace,1791207705068.700,761,Backspace
P01,S1,3,up,Backspace,1791207705143.500,761,Backspace
P01,S1,3,down,KeyY,1791207705604.600,762,y
P01,S1,3,up,KeyY,1791207705685.800,762,y
P01,S1,3,down,Space,1791207705835.800,763, 
P01,S1,3,up,Space,1791207705940.600,763, 
P01,S1,3,down,KeyW,1791207706097.100,764,w
P01,S1,3,up,KeyW,1791207706182.000,764,w
P01,S1,3,down,KeyH,1791207706199.200,765,h
P01,S1,3,down,KeyA,1791207706329.100,766,a
P01,S1,3,up,KeyA,1791207706384.100,766,a
P01,S1,3,down,KeyT,1791207706460.500,767,t
P01,S1,3,up,KeyT,1791207706562.200,767,t
P01,S1,3,down,Backspace,1791207706857.900,768,Backspace
P01,S1,3,up,Backspace,1791207706949.700,768,Backspace
P01,S1,3,down,Backspace,1791207707025.200,769,Backspace
P01,S1,3,up,Backspace,1791207707102.700,769,Backspace
P01,S1,3,down,Backspace,1791207707167.400,770,Backspace
P01,S1,3,up,Backspace,1791207707241.800,770,Backspace
P01,S1,3,down,Backspace,1791207707327.300,771,Backspace
P01,S1,3,up,Backspace,1791207707379.700,771,Backspace
P01,S1,3,down,Backspace,1791207707450.400,772,Backspace
P01,S1,3,up,Backspace,1791207707533.000,772,Backspace
P01,S1,3,down,Comma,1791207707710.800,773,","
P01,S1,3,up,Comma,1791207707823.300,773,","
P01,S1,3,down,Space,1791207708008.400,774, 
P01,S1,3,up,Space,1791207708080.500,774, 
P01,S1,3,down,KeyW,1791207708235.400,775,w
P01,S1,3,down,KeyH,1791207708298.000,776,h
P01,S1,3,up,KeyW,1791207708332.300,775,w
P01,S1,3,up,KeyH,1791207708392.700,776,h
P01,S1,3,down,KeyA,1791207708472.800,777,a
P01,S1,3,down,KeyT,1791207708558.300,778,t
P01,S1,3,up,KeyA,1791207708608.900,777,a
P01,S1,3,up,KeyT,1791207708632.200,778,t
P01,S1,3,down,Space,1791207708811.600,779, 
P01,S1,3,up,Space,1791207708871.600,779, 
P01,S1,3,down,KeyW,1791207708888.600,780,w
P01,S1,3,up,KeyW,1791207708966.300,780,w
P01,S1,3,down,KeyO,1791207709084.300,781,o
P01,S1,3,up,KeyO,1791207709143.000,781,o
P01,S1,3,down,KeyU,1791207709957.700,782,u
P01,S1,3,up,KeyU,1791207710038.400,782,u
P01,S1,3,down,KeyL,1791207710182.700,783,l
P01,S1,3,up,KeyL,1791207710266.000,783,l
P01,S1,3,down,KeyD,1791207710311.700,784,d
P01,S1,3,down,Space,1791207710394.500,785, 
P01,S1,3,up,KeyD,1791207710418.000,784,d
P01,S1,3,up,Space,1791207710494.200,785, 
P01,S1,3,down,KeyI,1791207710605.400,786,i
P01,S1,3,down,KeyT,1791207710684.700,787,t
P01,S1,3,up,KeyT,1791207710775.300,787,t
P01,S1,3,down,Space,1791207710855.300,788, 
P01,S1,3,up,Space,1791207710921.500,788, 
P01,S1,3,down,KeyO,1791207711480.700,789,o
P01,S1,3,up,KeyO,1791207711555.300,789,o
P01,S1,3,down,Backspace,1791207711755.800,790,Backspace
P01,S1,3,up,Backspace,1791207711827.800,790,Backspace
P01,S1,3,down,KeyL,1791207712054.200,791,l
P01,S1,3,up,KeyL,1791207712140.600,791,l
P01,S1,3,down,KeyO,1791207712287.600,792,o
P01,S1,3,up,KeyO,1791207712369.800,792,o
P01,S1,3,down,KeyO,1791207712433.600,793,o
P01,S1,3,up,KeyO,1791207712504.700,793,o
P01,S1,3,down,KeyK,1791207712630.700,794,k
P01,S1,3,up,KeyK,1791207712703.800,794,k
P01,S1,3,down,Space,1791207712833.500,795, 
P01,S1,3,up,Space,1791207712907.300,795, 
P01,S1,3,down,KeyL,1791207713056.500,796,l
P01,S1,3,up,KeyL,1791207713126.800,796,l
P01,S1,3,down,KeyI,1791207713256.000,797,i
P01,S1,3,up,KeyI,1791207713329.300,797,i
P01,S1,3,down,KeyK,1791207713407.600,798,k
P01,S1,3,down,KeyE,1791207713469.500,799,e
P01,S1,3,up,KeyK,1791207713493.700,798,k
P01,S1,3,up,KeyE,1791207713570.600,799,e
P01,S1,3,down,ShiftRight,1791207713717.700,800,Shift
P01,S1,3,down,Slash,1791207714166.400,801,?
P01,S1,3,up,Slash,1791207714263.600,801,?
P01,S1,3,up,ShiftRight,1791207714310.600,800,Shift
P01,S1,3,down,Space,1791207714659.900,802, 
P01,S1,3,up,Space,1791207714770.700,802, 
P01,S1,3,down,ShiftLeft,1791207715052.400,803,Shift
P01,S1,3,down,KeyF,1791207715223.500,804,F
P01,S1,3,up,ShiftLeft,1791207715286.900,803,Shift
P01,S1,3,up,KeyF,1791207715330.900,804,f
P01,S1,3,down,KeyO,1791207715348.100,805,o
P01,S1,3,up,KeyO,1791207715405.400,805,o
P01,S1,3,down,Space,1791207715524.000,806, 
P01,S1,3,up,Space,1791207715617.000,806, 
P01,S1,3,down,KeyR,1791207715635.000,807,r
P01,S1,3,up,KeyR,1791207715740.900,807,r
P01,S1,3,down,Backspace,1791207715979.600,808,Backspace
P01,S1,3,up,Backspace,1791207716060.200,808,Backspace
P01,S1,3,down,Backspace,1791207716127.800,809,Backspace
P01,S1,3,up,Backspace,1791207716203.000,809,Backspace
P01,S1,3,down,KeyR,1791207716225.600,810,r
P01,S1,3,up,KeyR,1791207716323.100,810,r
P01,S1,3,down,Space,1791207716350.200,811, 
P01,S1,3,up,Space,1791207716433.100,811, 
P01,S1,3,down,KeyM,1791207716523.100,812,m
P01,S1,3,up,KeyM,1791207716606.300,812,m
P01,S1,3,down,Comma,1791207716793.000,813,","
P01,S1,3,up,Comma,1791207716891.300,813,","
P01,S1,3,down,Backspace,1791207717664.300,814,Backspace
P01,S1,3,up,Backspace,1791207717784.900,814,Backspace
P01,S1,3,down,KeyE,1791207717874.200,815,e
P01,S1,3,up,KeyE,1791207717946.000,815,e
P01,S1,3,down,Space,1791207717976.200,816, 
P01,S1,3,up,Space,1791207718087.300,816, 
P01,S1,3,down,Backspace,1791207718307.700,817,Backspace
P01,S1,3,up,Backspace,1791207718419.000,817,Backspace
P01,S1,3,down,Comma,1791207718774.100,818,","
P01,S1,3,up,Comma,1791207718854.600,818,","
P01,S1,3,down,Space,1791207718961.700,819, 
P01,S1,3,up,Space,1791207719045.400,819, 
P01,S1,3,down,KeyF,1791207719102.500,820,f
P01,S1,3,up,KeyF,1791207719217.500,820,f
P01,S1,3,up,KeyO,1791207719297.300,821,o
P01,S1,3,down,KeyR,1791207719320.500,822,r
P01,S1,3,up,KeyR,1791207719416.800,822,r
P01,S1,3,down,Space,1791207719435.500,823, 
P01,S1,3,up,Space,1791207719524.900,823, 
P01,S1,3,down,KeyE,1791207719614.600,824,e
P01,S1,3,up,KeyE,1791207719697.700,824,e
P01,S1,3,down,KeyX,1791207720060.200,825,x
P01,S1,3,up,KeyX,1791207720184.000,825,x
P01,S1,3,down,KeyA,1791207720497.100,826,a
P01,S1,3,up,KeyA,1791207720639.200,826,a
P01,S1,3,down,KeyM,1791207720735.400,827,m
P01,S1,3,up,KeyM,1791207720828.700,827,m
P01,S1,3,down,KeyP,1791207720962.100,828,p
P01,S1,3,up,KeyP,1791207721040.700,828,p
P01,S1,3,down,KeyE,1791207721203.900,829,e
P01,S1,3,up,KeyE,1791207721303.600,829,e
P01,S1,3,down,Backspace,1791207721712.700,830,Backspace
P01,S1,3,up,Backspace,1791207721796.100,830,Backspace
P01,S1,3,down,KeyL,1791207721906.900,831,l
P01,S1,3,down,KeyE,1791207721987.600,832,e
P01,S1,3,up,KeyL,1791207722015.900,831,l
P01,S1,3,up,KeyE,1791207722083.500,832,e
P01,S1,3,down,Comma,1791207722883.000,833,","
P01,S1,3,up,Comma,1791207722977.500,833,","
P01,S1,3,down,Space,1791207723163.600,834, 
P01,S1,3,up,Space,1791207723224.800,834, 
P01,S1,3,down,KeyI,1791207729868.800,835,i
P01,S1,3,up,KeyI,1791207729962.200,835,i
P01,S1,3,down,KeyT,1791207729981.600,836,t
P01,S1,3,up,KeyT,1791207730059.400,836,t
P01,S1,3,down,Space,1791207730111.100,837, 
P01,S1,3,up,Space,1791207730185.400,837, 
P01,S1,3,down,KeyW,1791207730244.200,838,w
P01,S1,3,down,KeyO,1791207730354.800,839,o
P01,S1,3,up,KeyW,1791207730377.700,838,w
P01,S1,3,up,KeyO,1791207730436.500,839,o
P01,S1,3,down,KeyU,1791207730563.900,840,u
P01,S1,3,up,KeyU,1791207730674.000,840,u
P01,S1,3,down,KeyL,1791207730785.200,841,l
P01,S1,3,down,KeyD,1791207730888.000,842,d
P01,S1,3,up,KeyL,1791207730916.500,841,l
P01,S1,3,up,KeyD,1791207730990.700,842,d
P01,S1,3,down,Space,1791207731035.200,843, 
P01,S1,3,up,Space,1791207731141.100,843, 
P01,S1,3,down,KeyL,1791207731261.200,844,l
P01,S1,3,up,KeyL,1791207731356.300,844,l
P01,S1,3,down,KeyO,1791207731494.200,845,o
P01,S1,3,up,KeyO,1791207731582.300,845,o
P01,S1,3,down,KeyO,1791207731657.100,846,o
P01,S1,3,up,KeyO,1791207731709.800,846,o
P01,S1,3,down,KeyK,1791207731818.400,847,k
P01,S1,3,up,KeyK,1791207731895.100,847,k
P01,S1,3,down,Space,1791207732029.800,848, 
P01,S1,3,up,Space,1791207732118.500,848, 
P01,S1,3,down,KeyL,1791207732256.200,849,l
P01,S1,3,up,KeyL,1791207732354.900,849,l
P01,S1,3,down,KeyI,1791207732472.200,850,i
P01,S1,3,up,KeyI,1791207732549.200,850,i
P01,S1,3,down,KeyK,1791207732625.900,851,k
P01,S1,3,down,KeyE,1791207732695.900,852,e
P01,S1,3,up,KeyK,1791207732724.200,851,k
P01,S1,3,up,KeyE,1791207732806.500,852,e
P01,S1,3,down,Space,1791207733542.700,853, 
P01,S1,3,up,Space,1791207733641.000,853, 
P01,S1,3,down,KeyI,1791207733899.900,854,i
P01,S1,3,up,KeyI,1791207733985.900,854,i
P01,S1,3,down,KeyN,1791207734094.400,855,n
P01,S1,3,up,KeyN,1791207734176.100,855,n
P01,S1,3,down,KeyD,1791207734253.900,856,d
P01,S1,3,up,KeyD,1791207734369.200,856,d
P01,S1,3,down,KeyI,1791207734391.300,857,i
P01,S1,3,up,KeyI,1791207734475.900,857,i
P01,S1,3,down,KeyV,1791207734547.100,858,v
P01,S1,3,up,KeyV,1791207734627.300,858,v
P01,S1,3,down,KeyI,1791207735133.200,859,i
P01,S1,3,up,KeyI,1791207735225.000,859,i
P01,S1,3,down,KeyD,1791207735355.800,860,d
P01,S1,3,up,KeyD,1791207735490.100,860,d
P01,S1,3,down,KeyU,1791207735510.000,861,u
P01,S1,3,up,KeyU,1791207735574.300,861,u
P01,S1,3,down,KeyA,1791207735775.200,862,a
P01,S1,3,down,KeyL,1791207735866.900,863,l
P01,S1,3,up,KeyA,1791207735891.200,862,a
P01,S1,3,up,KeyL,1791207735966.400,863,l
P01,S1,3,down,Space,1791207736191.200,864, 
P01,S1,3,up,Space,1791207736311.600,864, 
P01,S1,3,down,KeyC,1791207736637.200,865,c
P01,S1,3,up,KeyC,1791207736796.700,865,c
P01,S1,3,down,KeyU,1791207736907.600,866,u
P01,S1,3,up,KeyU,1791207737011.200,866,u
P01,S1,3,down,KeyB,1791207737207.200,867,b
P01,S1,3,up,KeyB,1791207737292.300,867,b
P01,S1,3,down,KeyI,1791207737523.400,868,i
P01,S1,3,up,KeyI,1791207737613.100,868,i
P01,S1,3,down,KeyC,1791207737664.500,869,c
P01,S1,3,up,KeyC,1791207737777.300,869,c
P01,S1,3,down,KeyL,1791207737838.800,870,l
P01,S1,3,down,KeyE,1791207737912.300,871,e
P01,S1,3,up,KeyL,1791207737935.800,870,l
P01,S1,3,up,KeyE,1791207738009.900,871,e
P01,S1,3,down,Minus,1791207738451.400,872,-
P01,S1,3,up,Minus,1791207738547.000,872,-
P01,S1,3,down,KeyS,1791207738638.000,873,s
P01,S1,3,up,KeyS,1791207738709.000,873,s
P01,S1,3,down,KeyT,1791207738884.200,874,t
P01,S1,3,up,KeyT,1791207739002.100,874,t
P01,S1,3,down,KeyY,1791207739385.200,875,y
P01,S1,3,up,KeyY,1791207739479.400,875,y
P01,S1,3,down,KeyL,1791207739665.900,876,l
P01,S1,3,up,KeyL,1791207739769.300,876,l
P01,S1,3,down,KeyE,1791207739794.100,877,e
P01,S1,3,up,KeyE,1791207739861.200,877,e
P01,S1,3,down,Space,1791207739922.000,878, 
P01,S1,3,up,Space,1791207740012.000,878, 
P01,S1,3,down,KeyO,1791207740153.600,879,o
P01,S1,3,up,KeyO,1791207740252.100,879,o
P01,S1,3,down,KeyF,1791207740334.900,880,f
P01,S1,3,up,KeyF,1791207740425.900,880,f
P01,S1,3,down,KeyF,1791207740515.400,881,f
P01,S1,3,up,KeyF,1791207740617.200,881,f
P01,S1,3,down,KeyI,1791207740672.700,882,i
P01,S1,3,down,KeyC,1791207740735.300,883,c
P01,S1,3,up,KeyC,1791207740838.300,883,c
P01,S1,3,down,KeyE,1791207740896.000,884,e
P01,S1,3,up,KeyE,1791207740967.400,884,e
P01,S1,3,down,KeyS,1791207741070.800,885,s
P01,S1,3,down,Comma,1791207741181.300,886,","
P01,S1,3,up,Comma,1791207741292.900,886,","
P01,S1,3,down,Space,1791207741390.400,887, 
P01,S1,3,up,Space,1791207741504.000,887, 
P01,S1,3,down,KeyA,1791207741524.100,888,a
P01,S1,3,up,KeyA,1791207741657.600,888,a
P01,S1,3,down,Backspace,1791207741935.400,889,Backspace
P01,S1,3,up,Backspace,1791207742016.400,889,Backspace
P01,S1,3,down,KeyW,1791207742109.500,890,w
P01,S1,3,up,KeyW,1791207742197.900,890,w
P01,S1,3,down,KeyH,1791207742279.200,891,h
P01,S1,3,down,KeyE,1791207742320.800,892,e
P01,S1,3,up,KeyE,1791207742433.700,892,e
P01,S1,3,down,KeyR,1791207742522.400,893,r
P01,S1,3,up,KeyR,1791207742643.900,893,r
P01,S1,3,down,KeyE,1791207742770.600,894,e
P01,S1,3,up,KeyE,1791207742857.100,894,e
P01,S1,3,down,Space,1791207742943.500,895, 
P01,S1,3,up,Space,1791207743017.000,895, 
P01,S1,3,down,KeyE,1791207743083.700,896,e
P01,S1,3,up,KeyE,1791207743187.500,896,e
P01,S1,3,down,KeyV,1791207743660.300,897,v
P01,S1,3,up,KeyV,1791207743751.000,897,v
P01,S1,3,down,KeyE,1791207743830.100,898,e
P01,S1,3,up,KeyE,1791207743952.000,898,e
P01,S1,3,down,KeyR,1791207744033.400,899,r
P01,S1,3,up,KeyR,1791207744144.700,899,r
P01,S1,3,down,KeyY,1791207744165.200,900,y
P01,S1,3,up,KeyY,1791207744222.600,900,y
P01,S1,3,down,KeyO,1791207744379.200,901,o
P01,S1,3,up,KeyO,1791207744470.200,901,o
P01,S1,3,down,KeyM,1791207744630.000,902,m
P01,S1,3,up,KeyM,1791207744693.900,902,m
P01,S1,3,down,KeyE,1791207744718.800,903,e
P01,S1,3,up,KeyE,1791207744830.700,903,e
P01,S1,3,down,Backspace,1791207745073.000,904,Backspace
P01,S1,3,up,Backspace,1791207745140.100,904,Backspace
P01,S1,3,down,Backspace,1791207745223.500,905,Backspace
P01,S1,3,up,Backspace,1791207745294.100,905,Backspace
P01,S1,3,down,KeyN,1791207745433.300,906,n
P01,S1,3,up,KeyN,1791207745527.200,906,n
P01,S1,3,down,KeyE,1791207745548.100,907,e
P01,S1,3,up,KeyE,1791207745640.900,907,e
P01,S1,3,up,Space,1791207745703.900,908, 
P01,S1,3,down,KeyH,1791207745809.700,909,h
P01,S1,3,up,KeyH,1791207745887.400,909,h
P01,S1,3,down,KeyA,1791207745912.100,910,a
P01,S1,3,up,KeyA,1791207746042.200,910,a
P01,S1,3,down,KeyS,1791207746121.700,911,s
P01,S1,3,down,Space,1791207746223.100,912, 
P01,S1,3,up,KeyS,1791207746251.900,911,s
P01,S1,3,down,KeyT,1791207746337.100,913,t
P01,S1,3,up,KeyT,1791207746444.800,913,t
P01,S1,3,down,KeyO,1791207746497.500,914,o
P01,S1,3,up,KeyO,1791207746559.600,914,o
P01,S1,3,down,Space,1791207746703.400,915, 
P01,S1,3,up,Space,1791207746807.100,915, 
P01,S1,3,down,KeyR,1791207746858.100,916,r
P01,S1,3,up,KeyR,1791207746978.800,916,r
P01,S1,3,down,KeyE,1791207747062.300,917,e
P01,S1,3,down,KeyL,1791207747179.800,918,l
P01,S1,3,up,KeyE,1791207747207.900,917,e
P01,S1,3,up,KeyL,1791207747270.400,918,l
P01,S1,3,down,KeyI,1791207747409.300,919,i
P01,S1,3,up,KeyI,1791207747494.600,919,i
P01,S1,3,down,KeyV,1791207747514.400,920,v
P01,S1,3,up,KeyV,1791207747606.000,920,v
P01,S1,3,down,KeyE,1791207747645.500,921,e
P01,S1,3,up,KeyE,1791207747756.400,921,e
P01,S1,3,down,Space,1791207747779.400,922, 
P01,S1,3,up,Space,1791207747855.300,922, 
P01,S1,3,down,KeyT,1791207747996.300,923,t
P01,S1,3,up,KeyT,1791207748077.000,923,t
P01,S1,3,down,KeyH,1791207748112.700,924,h
P01,S1,3,up,KeyH,1791207748201.400,924,h
P01,S1,3,down,KeyE,1791207748257.900,925,e
P01,S1,3,up,KeyE,1791207748357.100,925,e
P01,S1,3,down,KeyI,1791207748470.600,926,i
P01,S1,3,up,KeyI,1791207748550.400,926,i
P01,S1,3,down,KeyR,1791207748580.000,927,r
P01,S1,3,down,Space,1791207748690.600,928, 
P01,S1,3,up,Space,1791207748805.600,928, 
P01,S1,3,down,KeyT,1791207749437.400,929,t
P01,S1,3,up,KeyT,1791207749539.700,929,t
P01,S1,3,down,KeyO,1791207749661.300,930,o
P01,S1,3,up,KeyO,1791207749731.900,930,o
P01,S1,3,down,KeyP,1791207749830.200,931,p
P01,S1,3,up,KeyP,1791207749914.100,931,p
P01,S1,3,down,Space,1791207750075.400,932, 
P01,S1,3,up,Space,1791207750171.800,932, 
P01,S1,3,down,Digit1,1791207750268.900,933,1
P01,S1,3,up,Digit1,1791207750361.900,933,1
P01,S1,3,down,Digit0,1791207750779.500,934,0
P01,S1,3,up,Digit0,1791207750872.100,934,0
P01,S1,3,down,Space,1791207751230.100,935, 
P01,S1,3,up,Space,1791207751343.400,935, 
P01,S1,3,down,KeyM,1791207751470.500,936,m
P01,S1,3,up,KeyM,1791207751566.500,936,m
P01,S1,3,down,KeyO,1791207751682.900,937,o
P01,S1,3,up,KeyO,1791207751758.500,937,o
P01,S1,3,down,KeyS,1791207751783.300,938,s
P01,S1,3,up,KeyS,1791207751858.600,938,s
P01,S1,3,down,KeyT,1791207751978.100,939,t
P01,S1,3,up,KeyT,1791207752079.600,939,t
P01,S1,3,down,Space,1791207752147.100,940, 
P01,S1,3,up,Space,1791207752236.600,940, 
P01,S1,3,down,KeyM,1791207752361.900,941,m
P01,S1,3,up,KeyM,1791207752460.200,941,m
P01,S1,3,down,KeyE,1791207752483.800,942,e
P01,S1,3,up,KeyE,1791207752593.900,942,e
P01,S1,3,down,KeyD,1791207752704.000,943,d
P01,S1,3,up,KeyD,1791207752826.100,943,d
P01,S1,3,down,KeyI,1791207752952.000,944,i
P01,S1,3,up,KeyI,1791207753047.100,944,i
P01,S1,3,down,KeyO,1791207753107.300,945,o
P01,S1,3,up,KeyO,1791207753210.000,945,o
P01,S1,3,down,KeyC,1791207753307.800,946,c
P01,S1,3,up,KeyC,1791207753421.500,946,c
P01,S1,3,down,KeyR,1791207753549.200,947,r
P01,S1,3,up,KeyR,1791207753633.300,947,r
P01,S1,3,down,KeyE,1791207753739.400,948,e
P01,S1,3,up,KeyE,1791207753833.900,948,e
P01,S1,3,down,Space,1791207753952.200,949, 
P01,S1,3,up,Space,1791207754054.800,949, 
P01,S1,3,down,KeyM,1791207754182.200,950,m
P01,S1,3,up,KeyM,1791207754258.300,950,m
P01,S1,3,down,KeyO,1791207754403.800,951,o
P01,S1,3,up,KeyO,1791207754480.000,951,o
P01,S1,3,down,KeyM,1791207754616.800,952,m
P01,S1,3,down,KeyE,1791207754709.600,953,e
P01,S1,3,up,KeyM,1791207754738.400,952,m
P01,S1,3,up,KeyE,1791207754815.800,953,e
P01,S1,3,down,KeyN,1791207754871.700,954,n
P01,S1,3,down,KeyT,1791207754972.200,955,t
P01,S1,3,up,KeyT,1791207755085.200,955,t
P01,S1,3,down,KeyS,1791207755261.900,956,s
P01,S1,3,down,Space,1791207755365.300,957, 
P01,S1,3,up,Space,1791207755461.100,957, 
P01,S1,3,down,KeyI,1791207755617.900,958,i
P01,S1,3,up,KeyI,1791207755689.500,958,i
P01,S1,3,down,KeyN,1791207755801.600,959,n
P01,S1,3,up,KeyN,1791207755901.700,959,n
P01,S1,3,down,Space,1791207755982.200,960, 
P01,S1,3,up,Space,1791207756053.800,960, 
P01,S1,3,down,KeyL,1791207756209.100,961,l
P01,S1,3,up,KeyL,1791207756283.000,961,l
P01,S1,3,down,KeyI,1791207756411.400,962,i
P01,S1,3,up,KeyI,1791207756494.000,962,i
P01,S1,3,down,KeyF,1791207756581.100,963,f
P01,S1,3,up,KeyF,1791207756653.900,963,f
P01,S1,3,down,KeyE,1791207756775.800,964,e
P01,S1,3,up,KeyE,1791207756877.300,964,e
P01,S1,3,down,Period,1791207757082.000,965,.
P01,S1,3,up,Period,1791207757145.500,965,.
P01,S1,3,down,Space,1791207757331.500,966, 
P01,S1,3,up,Space,1791207757393.400,966, 
P01,S1,3,down,ShiftLeft,1791207757477.100,967,Shift
P01,S1,3,up,ShiftLeft,1791207757842.100,967,Shift
P01,S1,3,down,Enter,1791207758320.000,968,Enter
P01,S1,4,up,Enter,1791207758472.600,968,Enter
P01,S1,4,down,ShiftLeft,1791207785314.800,969,Shift
P01,S1,4,down,KeyT,1791207785883.100,970,T
P01,S1,4,up,KeyT,1791207785982.200,970,t
P01,S1,4,down,KeyH,1791207786126.700,971,h
P01,S1,4,up,KeyH,1791207786208.800,971,h
P01,S1,4,down,KeyA,1791207786238.200,972,a
P01,S1,4,up,KeyA,1791207786326.500,972,a
P01,S1,4,down,KeyT,1791207786349.900,973,t
P01,S1,4,up,KeyT,1791207786416.700,973,t
P01,S1,4,down,Space,1791207786597.900,974, 
P01,S1,4,up,Space,1791207786684.000,974, 
P01,S1,4,down,KeyB,1791207786801.300,975,b
P01,S1,4,up,KeyB,1791207786872.000,975,b
P01,S1,4,down,KeyU,1791207787019.700,976,u
P01,S1,4,up,KeyU,1791207787118.600,976,u
P01,S1,4,down,KeyT,1791207787151.700,977,t
P01,S1,4,up,KeyT,1791207787245.200,977,t
P01,S1,4,down,KeyT,1791207787341.400,978,t
P01,S1,4,down,KeyO,1791207787434.500,979,o
P01,S1,4,up,KeyO,1791207787522.200,979,o
P01,S1,4,down,KeyN,1791207787656.400,980,n
P01,S1,4,up,KeyN,1791207787753.900,980,n
P01,S1,4,down,Space,1791207787858.600,981, 
P01,S1,4,up,Space,1791207787980.900,981, 
P01,S1,4,down,KeyT,1791207788160.200,982,t
P01,S1,4,up,KeyT,1791207788221.500,982,t
P01,S1,4,down,KeyH,1791207788329.500,983,h
P01,S1,4,up,KeyH,1791207788422.900,983,h
P01,S1,4,down,KeyA,1791207788452.500,984,a
P01,S1,4,up,KeyA,1791207788553.400,984,a
P01,S1,4,down,KeyT,1791207788576.400,985,t
P01,S1,4,up,KeyT,1791207788646.200,985,t
P01,S1,4,down,Space,1791207788845.300,986, 
P01,S1,4,up,Space,1791207788948.000,986, 
P01,S1,4,down,KeyD,1791207789067.100,987,d
P01,S1,4,up,KeyD,1791207789196.600,987,d
P01,S1,4,down,KeyO,1791207789289.700,988,o
P01,S1,4,up,KeyO,1791207789375.500,988,o
P01,S1,4,up,KeyE,1791207789469.600,989,e
P01,S1,4,down,KeyS,1791207789552.300,990,s
P01,S1,4,up,KeyS,1791207789673.400,990,s
P01,S1,4,down,Space,1791207789785.700,991, 
P01,S1,4,up,Space,1791207789858.500,991, 
P01,S1,4,down,KeyN,1791207790091.900,992,n
P01,S1,4,up,KeyN,1791207790173.500,992,n
P01,S1,4,down,KeyO,1791207790325.100,993,o
P01,S1,4,up,KeyO,1791207790419.600,993,o
P01,S1,4,up,KeyT,1791207790486.600,994,t
P01,S1,4,down,KeyH,1791207790530.900,995,h
P01,S1,4,up,KeyH,1791207790638.000,995,h
P01,S1,4,down,KeyI,1791207790720.800,996,i
P01,S1,4,up,KeyI,1791207790799.900,996,i
P01,S1,4,down,KeyN,1791207790882.300,997,n
P01,S1,4,down,KeyG,1791207790976.200,998,g
P01,S1,4,down,Space,1791207791075.500,999, 
P01,S1,4,up,Space,1791207791174.700,999, 
P01,S1,4,down,KeyB,1791207791404.100,1000,b
P01,S1,4,up,KeyB,1791207791477.300,1000,b
P01,S1,4,down,KeyU,1791207791881.100,1001,u
P01,S1,4,up,KeyU,1791207791980.300,1001,u
P01,S1,4,down,KeyT,1791207792010.400,1002,t
P01,S1,4,down,Space,1791207792117.600,1003, 
P01,S1,4,up,Space,1791207792220.900,1003, 
P01,S1,4,down,KeyF,1791207792454.100,1004,f
P01,S1,4,up,KeyF,1791207792587.800,1004,f
P01,S1,4,down,KeyE,1791207792677.100,1005,e
P01,S1,4,up,KeyE,1791207792759.200,1005,e
P01,S1,4,down,KeyE,1791207792833.600,1006,e
P01,S1,4,up,KeyE,1791207792908.500,1006,e
P01,S1,4,down,KeyL,1791207792950.300,1007,l
P01,S1,4,up,KeyL,1791207793056.300,1007,l
P01,S1,4,down,Space,1791207793148.200,1009, 
P01,S1,4,up,Space,1791207793241.000,1009, 
P01,S1,4,down,KeyG,1791207793702.200,1010,g
P01,S1,4,up,KeyG,1791207793776.600,1010,g
P01,S1,4,down,KeyR,1791207793802.900,1011,r
P01,S1,4,up,KeyR,1791207793908.600,1011,r
P01,S1,4,down,KeyE,1791207793997.800,1012,e
P01,S1,4,up,KeyE,1791207794073.500,1012,e
P01,S1,4,down,KeyA,1791207794164.700,1013,a
P01,S1,4,down,KeyT,1791207794288.800,1014,t
P01,S1,4,up,KeyT,1791207794359.700,1014,t
P01,S1,4,down,Space,1791207794501.800,1015, 
P01,S1,4,up,Space,1791207794590.000,1015, 
P01,S1,4,down,KeyT,1791207794801.000,1016,t
P01,S1,4,down,KeyO,1791207794871.700,1017,o
P01,S1,4,up,KeyO,1791207794953.900,1017,o
P01,S1,4,down,Space,1791207795066.300,1018, 
P01,S1,4,up,Space,1791207795149.200,1018, 
P01,S1,4,down,KeyP,1791207795284.800,1019,p
P01,S1,4,up,KeyP,1791207795369.700,1019,p
P01,S1,4,up,KeyR,1791207795459.000,1020,r
P01,S1,4,down,KeyE,1791207795523.300,1021,e
P01,S1,4,up,KeyE,1791207795601.300,1021,e
P01,S1,4,down,KeyS,1791207795695.100,1022,s
P01,S1,4,up,KeyS,1791207795783.600,1022,s
P01,S1,4,down,KeyS,1791207795857.500,1023,s
P01,S1,4,down,Space,1791207795965.800,1024, 
P01,S1,4,up,Space,1791207796042.200,1024, 
P01,S1,4,down,KeyS,1791207796129.900,1025,s
P01,S1,4,down,KeyO,1791207796208.000,1026,o
P01,S1,4,up,KeyO,1791207796300.000,1026,o
P01,S1,4,down,KeyU,1791207796409.200,1027,u
P01,S1,4,up,KeyU,1791207796488.600,1027,u
P01,S1,4,down,KeyN,1791207796605.900,1028,n
P01,S1,4,down,KeyD,1791207796679.200,1029,d
P01,S1,4,up,KeyN,1791207796719.200,1028,n
P01,S1,4,up,KeyD,1791207796811.500,1029,d
P01,S1,4,down,KeyS,1791207796834.900,1030,s
P01,S1,4,up,KeyS,1791207796954.500,1030,s
P01,S1,4,down,KeyA,1791207797065.100,1032,a
P01,S1,4,up,KeyA,1791207797214.700,1032,a
P01,S1,4,down,KeyN,1791207797311.100,1033,n
P01,S1,4,up,KeyN,1791207797385.900,1033,n
P01,S1,4,down,Space,1791207797455.700,1034, 
P01,S1,4,up,Space,1791207797566.300,1034, 
P01,S1,4,down,KeyA,1791207797824.800,1035,a
P01,S1,4,up,KeyA,1791207797951.800,1035,a
P01,S1,4,down,KeyW,1791207798057.700,1036,w
P01,S1,4,up,KeyW,1791207798162.800,1036,w
P01,S1,4,down,KeyF,1791207798270.200,1037,f
P01,S1,4,down,KeyU,1791207798394.800,1038,u
P01,S1,4,up,KeyU,1791207798494.800,1038,u
P01,S1,4,down,KeyL,1791207798632.900,1039,l
P01,S1,4,up,KeyL,1791207798725.900,1039,l
P01,S1,4,down,Space,1791207798818.300,1040, 
P01,S1,4,up,Space,1791207798904.900,1040, 
P01,S1,4,down,KeyL,1791207799069.100,1041,l
P01,S1,4,up,KeyL,1791207799150.100,1041,l
P01,S1,4,down,KeyO,1791207799320.100,1042,o
P01,S1,4,up,KeyO,1791207799390.800,1042,o
P01,S1,4,down,KeyT,1791207799473.600,1043,t
P01,S1,4,down,Space,1791207799575.400,1044, 
P01,S1,4,up,KeyT,1791207799610.800,1043,t
P01,S1,4,up,Space,1791207799670.700,1044, 
P01,S1,4,down,KeyL,1791207799793.800,1045,l
P01,S1,4,up,KeyL,1791207799864.300,1045,l
P01,S1,4,down,KeyI,1791207799972.300,1046,i
P01,S1,4,up,KeyI,1791207800071.200,1046,i
P01,S1,4,down,KeyK,1791207800160.100,1047,k
P01,S1,4,up,KeyK,1791207800252.300,1047,k
P01,S1,4,up,KeyE,1791207800309.500,1048,e
P01,S1,4,down,Space,1791207800365.300,1049, 
P01,S1,4,up,Space,1791207800467.500,1049, 
P01,S1,4,down,KeyM,1791207800572.300,1050,m
P01,S1,4,up,KeyM,1791207800649.300,1050,m
P01,S1,4,down,KeyA,1791207800715.600,1051,a
P01,S1,4,up,KeyA,1791207800790.600,1051,a
P01,S1,4,down,KeyS,1791207800936.300,1052,s
P01,S1,4,up,KeyS,1791207801035.300,1052,s
P01,S1,4,down,KeyT,1791207801063.600,1053,t
P01,S1,4,up,KeyT,1791207801133.300,1053,t
P01,S1,4,down,KeyU,1791207801307.500,1054,u
P01,S1,4,up,KeyU,1791207801389.900,1054,u
P01,S1,4,down,KeyR,1791207801415.800,1055,r
P01,S1,4,up,KeyR,1791207801524.000,1055,r
P01,S1,4,down,KeyB,1791207801649.600,1056,b
P01,S1,4,up,KeyB,1791207801725.300,1056,b
P01,S1,4,down,KeyA,1791207801751.100,1057,a
P01,S1,4,up,KeyA,1791207801857.000,1057,a
P01,S1,4,up,KeyT,1791207801958.900,1058,t
P01,S1,4,down,KeyI,1791207802242.800,1059,i
P01,S1,4,up,KeyI,1791207802316.300,1059,i
P01,S1,4,down,KeyO,1791207802475.200,1060,o
P01,S1,4,up,KeyO,1791207802560.800,1060,o
P01,S1,4,down,KeyN,1791207802695.000,1061,n
P01,S1,4,up,KeyN,1791207802772.000,1061,n
P01,S1,4,down,Space,1791207802909.100,1062, 
P01,S1,4,up,Space,1791207802993.100,1062, 
P01,S1,4,down,KeyO,1791207803183.800,1063,o
P01,S1,4,up,KeyO,1791207803233.300,1063,o
P01,S1,4,down,Backspace,1791207803523.200,1064,Backspace
P01,S1,4,up,Backspace,1791207803623.700,1064,Backspace
P01,S1,4,down,KeyO,1791207803725.900,1066,o
P01,S1,4,up,KeyO,1791207803835.400,1066,o
P01,S1,4,down,Space,1791207803926.900,1067, 
P01,S1,4,up,Space,1791207804018.100,1067, 
P01,S1,4,down,KeyM,1791207804105.400,1068,m
P01,S1,4,down,KeyE,1791207804180.900,1069,e
P01,S1,4,up,KeyM,1791207804214.900,1068,m
P01,S1,4,down,Comma,1791207804322.000,1070,","
P01,S1,4,up,Comma,1791207804422.900,1070,","
P01,S1,4,down,Space,1791207804522.200,1071, 
P01,S1,4,up,Space,1791207804621.100,1071, 
P01,S1,4,down,KeyB,1791207804957.000,1072,b
P01,S1,4,up,KeyB,1791207805039.300,1072,b
P01,S1,4,down,KeyU,1791207805168.500,1073,u
P01,S1,4,up,KeyU,1791207805241.100,1073,u
P01,S1,4,down,KeyT,1791207805274.100,1074,t
P01,S1,4,up,KeyT,1791207805351.800,1074,t
P01,S1,4,down,Space,1791207805400.600,1075, 
P01,S1,4,up,Space,1791207805493.500,1075, 
P01,S1,4,down,KeyM,1791207805591.700,1076,m
P01,S1,4,up,KeyM,1791207805668.400,1076,m
P01,S1,4,down,KeyO,1791207805813.600,1077,o
P01,S1,4,up,KeyO,1791207805896.100,1077,o
P01,S1,4,up,KeyV,1791207806012.300,1078,v
P01,S1,4,down,KeyI,1791207806086.600,1079,i
P01,S1,4,up,KeyI,1791207806178.100,1079,i
P01,S1,4,down,KeyN,1791207806293.800,1080,n
P01,S1,4,down,KeyG,1791207806397.600,1081,g
P01,S1,4,down,Space,1791207806488.400,1082, 
P01,S1,4,up,Space,1791207806591.400,1082, 
P01,S1,4,down,KeyO,1791207806817.400,1083,o
P01,S1,4,up,KeyO,1791207806891.000,1083,o
P01,S1,4,down,KeyN,1791207807145.700,1084,n
P01,S1,4,up,KeyN,1791207807224.000,1084,n
P01,S1,4,down,Comma,1791207807466.200,1085,","
P01,S1,4,up,Comma,1791207807549.300,1085,","
P01,S1,4,down,Space,1791207807663.900,1086, 
P01,S1,4,up,Space,1791207807747.700,1086, 
P01,S1,4,down,ShiftLeft,1791207807929.900,1087,Shift
P01,S1,4,down,KeyI,1791207808072.300,1088,I
P01,S1,4,up,ShiftLeft,1791207808114.000,1087,Shift
P01,S1,4,down,Space,1791207808252.200,1089, 
P01,S1,4,up,Space,1791207808333.700,1089, 
P01,S1,4,down,KeyW,1791207808358.900,1090,w
P01,S1,4,up,KeyW,1791207808428.000,1090,w
P01,S1,4,down,KeyO,1791207808482.400,1091,o
P01,S1,4,up,KeyO,1791207808547.300,1091,o
P01,S1,4,down,KeyU,1791207808696.500,1092,u
P01,S1,4,up,KeyU,1791207808777.300,1092,u
P01,S1,4,down,KeyL,1791207808946.800,1093,l
P01,S1,4,down,KeyD,1791207809059.100,1094,d
P01,S1,4,up,KeyD,1791207809170.100,1094,d
P01,S1,4,down,Space,1791207809197.100,1095, 
P01,S1,4,up,Space,1791207809314.000,1095, 
P01,S1,4,down,KeyL,1791207809453.100,1096,l
P01,S1,4,up,KeyL,1791207809541.800,1096,l
P01,S1,4,down,KeyO,1791207809642.600,1097,o
P01,S1,4,down,KeyV,1791207809723.500,1098,v
P01,S1,4,up,KeyV,1791207809805.200,1098,v
P01,S1,4,down,KeyE,1791207809897.600,1099,e
P01,S1,4,down,Space,1791207809999.900,1100, 
P01,S1,4,down,KeyT,1791207810117.000,1101,t
P01,S1,4,down,KeyO,1791207810227.300,1102,o
P01,S1,4,up,KeyO,1791207810305.800,1102,o
P01,S1,4,down,Space,1791207810414.800,1103, 
P01,S1,4,up,Space,1791207810503.000,1103, 
P01,S1,4,down,KeyA,1791207810575.200,1104,a
P01,S1,4,up,KeyA,1791207810660.700,1104,a
P01,S1,4,down,KeyS,1791207810775.900,1105,s
P01,S1,4,up,KeyS,1791207810863.900,1105,s
P01,S1,4,down,Backspace,1791207811157.300,1106,Backspace
P01,S1,4,up,Backspace,1791207811248.500,1106,Backspace
P01,S1,4,down,KeyD,1791207811274.500,1107,d
P01,S1,4,up,KeyD,1791207811397.600,1107,d
P01,S1,4,down,KeyD,1791207811476.600,1108,d
P01,S1,4,up,KeyD,1791207811577.400,1108,d
P01,S1,4,down,Space,1791207811607.000,1109, 
P01,S1,4,up,Space,1791207811727.400,1109, 
P01,S1,4,down,KeyC,1791207812144.900,1110,c
P01,S1,4,up,KeyC,1791207812288.000,1110,c
P01,S1,4,down,KeyU,1791207812365.100,1111,u
P01,S1,4,up,KeyU,1791207812445.100,1111,u
P01,S1,4,down,KeyS,1791207812483.700,1112,s
P01,S1,4,up,KeyS,1791207812593.600,1112,s
P01,S1,4,down,KeyT,1791207812759.500,1113,t
P01,S1,4,up,KeyT,1791207812850.900,1113,t
P01,S1,4,down,KeyO,1791207812882.500,1114,o
P01,S1,4,up,KeyO,1791207812965.800,1114,o
P01,S1,4,down,KeyM,1791207813108.200,1115,m
P01,S1,4,up,KeyM,1791207813206.700,1115,m
P01,S1,4,down,KeyI,1791207813521.500,1116,i
P01,S1,4,up,KeyI,1791207813598.200,1116,i
P01,S1,4,down,KeyZ,1791207813937.500,1117,z
P01,S1,4,up,KeyZ,1791207814022.800,1117,z
P01,S1,4,down,KeyA,1791207814115.900,1118,a
P01,S1,4,up,KeyA,1791207814230.400,1118,a
P01,S1,4,down,KeyB,1791207814304.100,1119,b
P01,S1,4,up,KeyB,1791207814382.800,1119,b
P01,S1,4,down,KeyL,1791207814540.400,1120,l
P01,S1,4,up,KeyL,1791207814625.700,1120,l
P01,S1,4,up,KeyE,1791207814702.200,1121,e
P01,S1,4,down,Space,1791207814773.000,1122, 
P01,S1,4,up,Space,1791207814888.100,1122, 
P01,S1,4,down,KeyH,1791207815642.200,1123,h
P01,S1,4,up,KeyH,1791207815741.600,1123,h
P01,S1,4,down,KeyA,1791207815773.000,1124,a
P01,S1,4,up,KeyA,1791207815855.000,1124,a
P01,S1,4,down,KeyI,1791207815907.700,1125,i
P01,S1,4,down,KeyR,1791207816034.500,1126,r
P01,S1,4,up,KeyR,1791207816112.300,1126,r
P01,S1,4,down,Space,1791207816165.200,1127, 
P01,S1,4,up,Space,1791207816247.500,1127, 
P01,S1,4,down,KeyT,1791207816358.000,1128,t
P01,S1,4,down,KeyO,1791207816448.400,1129,o
P01,S1,4,up,KeyO,1791207816529.500,1129,o
P01,S1,4,down,Space,1791207816698.100,1130, 
P01,S1,4,up,Space,1791207816791.000,1130, 
P01,S1,4,down,KeyE,1791207816922.400,1131,e
P01,S1,4,up,KeyE,1791207817045.200,1131,e
P01,S1,4,down,KeyV,1791207817118.400,1132,v
P01,S1,4,down,KeyE,1791207817201.100,1133,e
P01,S1,4,up,KeyV,1791207817232.200,1132,v
P01,S1,4,up,KeyE,1791207817290.700,1133,e
P01,S1,4,down,KeyR,1791207817399.500,1134,r
P01,S1,4,up,KeyR,1791207817479.500,1134,r
P01,S1,4,up,KeyY,1791207817559.900,1135,y
P01,S1,4,down,KeyO,1791207817720.400,1136,o
P01,S1,4,up,KeyO,1791207817800.500,1136,o
P01,S1,4,down,KeyN,1791207817941.900,1137,n
P01,S1,4,up,KeyN,1791207818029.800,1137,n
P01,S1,4,down,KeyE,1791207818099.800,1138,e
P01,S1,4,up,KeyE,1791207818219.600,1138,e
P01,S1,4,down,Space,1791207818492.200,1139, 
P01,S1,4,up,Space,1791207818593.400,1139, 
P01,S1,4,down,Backspace,1791207818925.600,1140,Backspace
P01,S1,4,up,Backspace,1791207819056.900,1140,Backspace
P01,S1,4,down,Period,1791207819443.500,1141,.
P01,S1,4,up,Period,1791207819560.400,1141,.
P01,S1,4,down,Space,1791207819661.200,1142, 
P01,S1,4,down,ShiftLeft,1791207819744.200,1143,Shift
P01,S1,4,up,Space,1791207819772.200,1142, 
P01,S1,4,down,KeyS,1791207820054.700,1144,S
P01,S1,4,up,KeyS,1791207820161.100,1144,S
P01,S1,4,up,ShiftLeft,1791207820188.600,1143,Shift
P01,S1,4,up,KeyO,1791207820315.000,1145,o
P01,S1,4,down,Comma,1791207820853.000,1146,","
P01,S1,4,up,Comma,1791207820954.600,1146,","
P01,S1,4,down,Space,1791207821083.000,1147, 
P01,S1,4,up,Space,1791207821163.100,1147, 
P01,S1,4,down,KeyE,1791207821920.600,1148,e
P01,S1,4,up,KeyE,1791207822034.700,1148,e
P01,S1,4,down,KeyV,1791207822136.200,1149,v
P01,S1,4,up,KeyV,1791207822250.800,1149,v
P01,S1,4,down,KeyE,1791207822324.000,1150,e
P01,S1,4,up,KeyE,1791207822424.700,1150,e
P01,S1,4,down,KeyR,1791207822507.300,1151,r
P01,S1,4,down,KeyY,1791207822612.000,1152,y
P01,S1,4,up,KeyY,1791207822685.500,1152,y
P01,S1,4,down,Space,1791207822851.400,1153, 
P01,S1,4,up,Space,1791207822933.600,1153, 
P01,S1,4,down,KeyM,1791207823059.400,1154,m
P01,S1,4,up,KeyM,1791207823093.700,1154,m
P01,S1,4,down,KeyO,1791207823270.200,1155,o
P01,S1,4,down,KeyR,1791207823362.700,1156,r
P01,S1,4,up,KeyR,1791207823441.700,1156,r
P01,S1,4,down,KeyN,1791207823496.900,1157,n
P01,S1,4,up,KeyN,1791207823613.900,1157,n
P01,S1,4,down,KeyI,1791207823754.700,1158,i
P01,S1,4,up,KeyI,1791207823841.100,1158,i
P01,S1,4,down,KeyN,1791207823936.700,1159,n
P01,S1,4,up,KeyN,1791207824031.300,1159,n
P01,S1,4,down,KeyG,1791207824063.500,1160,g
P01,S1,4,up,KeyG,1791207824142.300,1160,g
P01,S1,4,down,Comma,1791207824220.300,1161,","
P01,S1,4,up,Comma,1791207824335.000,1161,","
P01,S1,4,down,Space,1791207824432.300,1162, 
P01,S1,4,up,Space,1791207824518.500,1162, 
P01,S1,4,down,KeyY,1791207824702.500,1163,y
P01,S1,4,up,KeyY,1791207824780.900,1163,y
P01,S1,4,down,KeyO,1791207824907.200,1164,o
P01,S1,4,up,KeyO,1791207825001.500,1164,o
P01,S1,4,down,KeyU,1791207825100.200,1165,u
P01,S1,4,up,KeyU,1791207825183.800,1165,u
P01,S1,4,down,Space,1791207825310.100,1166, 
P01,S1,4,down,KeyC,1791207825410.100,1167,c
P01,S1,4,up,KeyC,1791207825492.100,1167,c
P01,S1,4,down,KeyA,1791207825631.000,1168,a
P01,S1,4,up,KeyA,1791207825723.400,1168,a
P01,S1,4,up,KeyN,1791207825807.200,1169,n
P01,S1,4,down,Space,1791207825906.800,1170, 
P01,S1,4,up,Space,1791207826005.400,1170, 
P01,S1,4,down,KeyL,1791207826126.500,1171,l
P01,S1,4,up,KeyL,1791207826207.600,1171,l
P01,S1,4,down,KeyO,1791207826337.200,1172,o
P01,S1,4,up,KeyO,1791207826422.000,1172,o
P01,S1,4,down,KeyO,1791207826500.400,1173,o
P01,S1,4,up,KeyO,1791207826579.900,1173,o
P01,S1,4,down,KeyK,1791207826709.900,1174,k
P01,S1,4,up,KeyK,1791207826761.500,1174,k
P01,S1,4,down,Space,1791207826904.200,1175, 
P01,S1,4,up,Space,1791207826997.500,1175, 
P01,S1,4,down,KeyI,1791207827127.300,1176,i
P01,S1,4,up,KeyI,1791207827213.200,1176,i
P01,S1,4,down,KeyN,1791207827293.600,1177,n
P01,S1,4,up,KeyN,1791207827386.200,1177,n
P01,S1,4,down,Space,1791207827463.500,1178, 
P01,S1,4,up,Space,1791207827546.600,1178, 
P01,S1,4,down,KeyY,1791207827716.600,1179,y
P01,S1,4,up,KeyY,1791207827799.600,1179,y
P01,S1,4,down,KeyO,1791207827962.800,1180,o
P01,S1,4,up,KeyO,1791207828059.100,1180,o
P01,S1,4,down,KeyU,1791207828183.400,1181,u
P01,S1,4,down,KeyR,1791207828276.800,1182,r
P01,S1,4,up,KeyR,1791207828387.000,1182,r
P01,S1,4,down,Space,1791207828413.800,1183, 
P01,S1,4,up,Space,1791207828485.900,1183, 
P01,S1,4,down,KeyB,1791207828596.300,1184,b
P01,S1,4,up,KeyB,1791207828680.300,1184,b
P01,S1,4,down,KeyA,1791207828798.200,1185,a
P01,S1,4,up,KeyA,1791207828890.900,1185,a
P01,S1,4,down,KeyT,1791207828980.000,1186,t
P01,S1,4,up,KeyT,1791207829029.400,1186,t
P01,S1,4,down,KeyH,1791207829136.500,1187,h
P01,S1,4,up,KeyH,1791207829215.400,1187,h
P01,S1,4,down,KeyR,1791207829249.500,1188,r
P01,S1,4,down,KeyO,1791207829372.800,1189,o
P01,S1,4,up,KeyO,1791207829450.300,1189,o
P01,S1,4,down,KeyO,1791207829511.400,1190,o
P01,S1,4,up,KeyO,1791207829585.300,1190,o
P01,S1,4,down,KeyM,1791207829712.800,1191,m
P01,S1,4,up,KeyM,1791207829804.700,1191,m
P01,S1,4,down,Space,1791207829974.800,1192, 
P01,S1,4,up,Space,1791207830057.600,1192, 
P01,S1,4,down,KeyM,1791207830241.600,1193,m
P01,S1,4,up,KeyM,1791207830347.100,1193,m
P01,S1,4,down,KeyI,1791207830614.100,1194,i
P01,S1,4,up,KeyI,1791207830696.900,1194,i
P01,S1,4,down,KeyR,1791207830773.000,1195,r
P01,S1,4,up,KeyR,1791207830857.800,1195,r
P01,S1,4,down,KeyR,1791207830935.000,1196,r
P01,S1,4,down,KeyO,1791207831039.200,1197,o
P01,S1,4,up,KeyO,1791207831126.000,1197,o
P01,S1,4,down,Space,1791207831280.800,1199, 
P01,S1,4,up,Space,1791207831367.000,1199, 
P01,S1,4,down,KeyA,1791207831436.300,1200,a
P01,S1,4,up,KeyA,1791207831550.900,1200,a
P01,S1,4,up,KeyN,1791207831635.800,1201,n
P01,S1,4,down,KeyD,1791207831674.500,1202,d
P01,S1,4,down,Space,1791207831773.400,1203, 
P01,S1,4,up,Space,1791207831872.600,1203, 
P01,S1,4,down,KeyC,1791207833194.500,1204,c
P01,S1,4,up,KeyC,1791207833317.000,1204,c
P01,S1,4,down,KeyU,1791207833417.700,1205,u
P01,S1,4,up,KeyU,1791207833536.000,1205,u
P01,S1,4,down,KeyS,1791207833577.600,1206,s
P01,S1,4,down,KeyT,1791207833707.200,1207,t
P01,S1,4,up,KeyT,1791207833788.900,1207,t
P01,S1,4,down,KeyO,1791207833947.400,1208,o
P01,S1,4,up,KeyO,1791207834041.300,1208,o
P01,S1,4,down,KeyM,1791207834169.900,1209,m
P01,S1,4,up,KeyM,1791207834263.000,1209,m
P01,S1,4,down,KeyI,1791207834395.500,1210,i
P01,S1,4,up,KeyI,1791207834478.700,1210,i
P01,S1,4,down,KeyZ,1791207834685.700,1211,z
P01,S1,4,up,KeyZ,1791207834798.700,1211,z
P01,S1,4,down,KeyE,1791207834925.800,1212,e
P01,S1,4,down,Space,1791207835031.000,1213, 
P01,S1,4,up,Space,1791207835112.500,1213, 
P01,S1,4,down,KeyY,1791207835654.100,1214,y
P01,S1,4,up,KeyY,1791207835740.900,1214,y
P01,S1,4,down,KeyO,1791207835897.000,1215,o
P01,S1,4,up,KeyO,1791207836010.500,1215,o
P01,S1,4,down,KeyU,1791207836104.400,1216,u
P01,S1,4,up,KeyU,1791207836186.500,1216,u
P01,S1,4,up,KeyR,1791207836273.200,1217,r
P01,S1,4,down,Space,1791207836356.400,1218, 
P01,S1,4,up,Space,1791207836432.200,1218, 
P01,S1,4,down,KeyH,1791207836784.400,1219,h
P01,S1,4,up,KeyH,1791207836869.000,1219,h
P01,S1,4,down,KeyA,1791207836958.900,1220,a
P01,S1,4,up,KeyA,1791207837043.800,1220,a
P01,S1,4,down,KeyI,1791207837133.000,1221,i
P01,S1,4,up,KeyI,1791207837230.900,1221,i
P01,S1,4,down,KeyR,1791207837264.000,1222,r
P01,S1,4,up,KeyR,1791207837347.700,1222,r
P01,S1,4,down,KeyS,1791207837511.200,1223,s
P01,S1,4,up,KeyS,1791207837620.500,1223,s
P01,S1,4,down,KeyT,1791207837656.500,1224,t
P01,S1,4,up,KeyT,1791207837737.800,1224,t
P01,S1,4,down,KeyY,1791207837852.100,1225,y
P01,S1,4,up,KeyY,1791207837893.400,1225,y
P01,S1,4,down,KeyK,1791207838064.500,1226,k
P01,S1,4,down,KeyE,1791207838161.600,1227,e
P01,S1,4,up,KeyE,1791207838254.800,1227,e
P01,S1,4,down,Space,1791207838357.600,1228, 
P01,S1,4,up,Space,1791207838444.000,1228, 
P01,S1,4,down,Backspace,1791207838716.300,1229,Backspace
P01,S1,4,up,Backspace,1791207838807.100,1229,Backspace
P01,S1,4,down,Backspace,1791207838890.200,1230,Backspace
P01,S1,4,up,Backspace,1791207838930.400,1230,Backspace
P01,S1,4,down,Backspace,1791207839023.400,1231,Backspace
P01,S1,4,up,Backspace,1791207839104.200,1231,Backspace
P01,S1,4,down,KeyL,1791207839241.100,1232,l
P01,S1,4,down,KeyE,1791207839336.400,1233,e
P01,S1,4,up,KeyE,1791207839421.200,1233,e
P01,S1,4,down,Space,1791207839545.600,1234, 
P01,S1,4,up,Space,1791207839627.200,1234, 
P01,S1,4,down,KeyD,1791207839979.900,1235,d
P01,S1,4,up,KeyD,1791207840110.300,1235,d
P01,S1,4,down,KeyO,1791207840289.700,1236,o
P01,S1,4,up,KeyO,1791207840402.500,1236,o
P01,S1,4,down,KeyW,1791207840440.100,1237,w
P01,S1,4,up,KeyW,1791207840567.700,1237,w
P01,S1,4,down,KeyN,1791207840646.200,1238,n
P01,S1,4,up,KeyN,1791207840685.200,1238,n
P01,S1,4,down,Space,1791207840816.200,1239, 
P01,S1,4,up,Space,1791207840906.200,1239, 
P01,S1,4,down,KeyT,1791207841000.000,1240,t
P01,S1,4,up,KeyT,1791207841092.500,1240,t
P01,S1,4,down,KeyO,1791207841400.800,1241,o
P01,S1,4,up,KeyO,1791207841493.900,1241,o
P01,S1,4,down,Space,1791207841619.400,1242, 
P01,S1,4,up,Space,1791207841719.700,1242, 
P01,S1,4,down,KeyT,1791207841751.500,1243,t
P01,S1,4,down,KeyH,1791207841874.900,1244,h
P01,S1,4,up,KeyH,1791207841935.600,1244,h
P01,S1,4,up,KeyE,1791207842052.100,1245,e
P01,S1,4,up,Space,1791207842155.300,1246, 
P01,S1,4,down,KeyI,1791207842287.500,1247,i
P01,S1,4,up,KeyI,1791207842378.500,1247,i
P01,S1,4,down,KeyN,1791207842458.800,1248,n
P01,S1,4,up,KeyN,1791207842581.000,1248,n
P01,S1,4,down,KeyD,1791207842772.200,1249,d
P01,S1,4,down,KeyI,1791207842894.200,1250,i
P01,S1,4,up,KeyI,1791207843022.600,1250,i
P01,S1,4,down,KeyV,1791207843059.000,1251,v
P01,S1,4,down,KeyI,1791207843197.000,1252,i
P01,S1,4,down,KeyD,1791207843322.100,1253,d
P01,S1,4,up,KeyD,1791207843455.600,1253,d
P01,S1,4,down,KeyU,1791207843538.100,1254,u
P01,S1,4,down,KeyA,1791207843625.700,1255,a
P01,S1,4,down,KeyL,1791207843768.300,1256,l
P01,S1,4,up,KeyL,1791207843888.800,1256,l
P01,S1,4,down,Space,1791207844024.400,1257, 
P01,S1,4,up,Space,1791207844122.000,1257, 
P01,S1,4,down,KeyS,1791207844314.800,1258,s
P01,S1,4,up,KeyS,1791207844441.600,1258,s
P01,S1,4,down,KeyT,1791207844528.000,1259,t
P01,S1,4,up,KeyT,1791207844643.500,1259,t
P01,S1,4,down,KeyR,1791207844736.500,1260,r
P01,S1,4,down,KeyA,1791207844834.400,1261,a
P01,S1,4,down,KeyN,1791207844962.700,1262,n
P01,S1,4,down,KeyD,1791207845052.400,1263,d
P01,S1,4,up,KeyD,1791207845171.000,1263,d
P01,S1,4,down,Period,1791207845782.900,1264,.
P01,S1,4,up,Period,1791207845876.900,1264,.
P01,S1,4,down,Enter,1791207846106.400,1265,Enter
P01,S1,5,up,Enter,1791207846189.600,1265,Enter
P01,S1,5,down,KeyO,1791207887717.900,1266,o
P01,S1,5,up,KeyO,1791207887813.100,1266,o
P01,S1,5,down,KeyO,1791207887901.100,1267,o
P01,S1,5,up,KeyO,1791207887983.500,1267,o
P01,S1,5,down,KeyO,1791207888067.800,1268,o
P01,S1,5,up,KeyO,1791207888175.400,1268,o
P01,S1,5,down,KeyH,1791207888419.300,1269,h
P01,S1,5,up,KeyH,1791207888502.100,1269,h
P01,S1,5,down,Space,1791207888736.100,1270, 
P01,S1,5,up,Space,1791207888826.400,1270, 
P01,S1,5,down,Backspace,1791207889398.400,1271,Backspace
P01,S1,5,up,Backspace,1791207889493.000,1271,Backspace
P01,S1,5,down,Comma,1791207889802.300,1272,","
P01,S1,5,up,Comma,1791207889888.100,1272,","
P01,S1,5,down,Space,1791207889977.100,1273, 
P01,S1,5,up,Space,1791207890059.900,1273, 
P01,S1,5,down,KeyI,1791207890215.100,1274,i
P01,S1,5,up,KeyI,1791207890311.800,1274,i
P01,S1,5,down,Quote,1791207890927.100,1275,'
P01,S1,5,up,Quote,1791207891011.400,1275,'
P01,S1,5,down,KeyM,1791207891242.500,1276,m
P01,S1,5,up,KeyM,1791207891332.800,1276,m
P01,S1,5,down,Space,1791207891411.500,1277, 
P01,S1,5,up,Space,1791207891479.000,1277, 
P01,S1,5,down,KeyN,1791207891549.500,1278,n
P01,S1,5,up,KeyN,1791207891661.300,1278,n
P01,S1,5,down,KeyO,1791207891746.900,1279,o
P01,S1,5,up,KeyO,1791207891833.600,1279,o
P01,S1,5,down,KeyT,1791207891871.700,1280,t
P01,S1,5,up,KeyT,1791207892016.600,1280,t
P01,S1,5,down,KeyG,1791207892128.200,1282,g
P01,S1,5,up,KeyO,1791207892269.200,1283,o
P01,S1,5,down,KeyN,1791207892387.700,1284,n
P01,S1,5,up,KeyN,1791207892445.700,1284,n
P01,S1,5,up,KeyN,1791207892576.400,1285,n
P01,S1,5,down,Space,1791207892725.600,1287, 
P01,S1,5,up,Space,1791207892808.900,1287, 
P01,S1,5,down,Backspace,1791207892958.300,1288,Backspace
P01,S1,5,up,Backspace,1791207893050.900,1288,Backspace
P01,S1,5,down,Backspace,1791207893127.800,1289,Backspace
P01,S1,5,down,KeyA,1791207893170.200,1290,a
P01,S1,5,up,KeyA,1791207893280.300,1290,a
P01,S1,5,down,Space,1791207893372.800,1291, 
P01,S1,5,up,Space,1791207893441.900,1291, 
P01,S1,5,down,KeyG,1791207893876.500,1292,g
P01,S1,5,up,KeyG,1791207893990.600,1292,g
P01,S1,5,up,KeyO,1791207894077.300,1293,o
P01,S1,5,down,Space,1791207894166.400,1294, 
P01,S1,5,up,Space,1791207894250.700,1294, 
P01,S1,5,up,KeyW,1791207894379.300,1295,w
P01,S1,5,up,KeyI,1791207894463.200,1296,i
P01,S1,5,down,KeyH,1791207894613.400,1298,h
P01,S1,5,up,KeyH,1791207894697.500,1298,h
P01,S1,5,down,Space,1791207894789.900,1299, 
P01,S1,5,up,Space,1791207894872.100,1299, 
P01,S1,5,down,KeyI,1791207894998.600,1300,i
P01,S1,5,up,KeyI,1791207895082.400,1300,i
P01,S1,5,down,KeyD,1791207895125.000,1301,d
P01,S1,5,up,KeyD,1791207895277.600,1301,d
P01,S1,5,down,KeyE,1791207895313.700,1302,e
P01,S1,5,up,KeyE,1791207895398.800,1302,e
P01,S1,5,down,KeyN,1791207895488.000,1303,n
P01,S1,5,down,KeyT,1791207895575.100,1304,t
P01,S1,5,down,KeyI,1791207895711.400,1305,i
P01,S1,5,down,KeyT,1791207895884.400,1306,t
P01,S1,5,up,KeyT,1791207896007.600,1306,t
P01,S1,5,up,KeyY,1791207896078.700,1307,y
P01,S1,5,down,Space,1791207896490.100,1308, 
P01,S1,5,up,Space,1791207896587.300,1308, 
P01,S1,5,down,KeyH,1791207896750.100,1309,h
P01,S1,5,up,KeyH,1791207896830.400,1309,h
P01,S1,5,down,KeyE,1791207896859.400,1310,e
P01,S1,5,up,KeyE,1791207896943.000,1310,e
P01,S1,5,down,KeyR,1791207897028.800,1311,r
P01,S1,5,up,KeyR,1791207897146.900,1311,r
P01,S1,5,down,KeyE,1791207897243.300,1312,e
P01,S1,5,up,KeyE,1791207897333.200,1312,e
P01,S1,5,down,Comma,1791207897432.100,1313,","
P01,S1,5,up,Comma,1791207897468.600,1313,","
P01,S1,5,down,Space,1791207897817.400,1314, 
P01,S1,5,up,Space,1791207897903.900,1314, 
P01,S1,5,down,KeyB,1791207897997.300,1315,b
P01,S1,5,up,KeyB,1791207898082.300,1315,b
P01,S1,5,down,KeyU,1791207898197.600,1316,u
P01,S1,5,up,KeyU,1791207898260.600,1316,u
P01,S1,5,down,KeyT,1791207898332.900,1317,t
P01,S1,5,down,Space,1791207898420.700,1318, 
P01,S1,5,up,Space,1791207898508.800,1318, 
P01,S1,5,down,KeyI,1791207898648.900,1319,i
P01,S1,5,up,KeyI,1791207898691.900,1319,i
P01,S1,5,down,KeyN,1791207898808.400,1320,n
P01,S1,5,up,KeyN,1791207898895.700,1320,n
P01,S1,5,down,KeyT,1791207899017.600,1322,t
P01,S1,5,down,KeyE,1791207899098.300,1323,e
P01,S1,5,up,KeyE,1791207899170.700,1323,e
P01,S1,5,down,KeyA,1791207899371.100,1324,a
P01,S1,5,up,KeyA,1791207899461.300,1324,a
P01,S1,5,down,KeyD,1791207899623.600,1325,d
P01,S1,5,down,Space,1791207899724.500,1326, 
P01,S1,5,up,Space,1791207899812.400,1326, 
P01,S1,5,down,KeyO,1791207899975.600,1327,o
P01,S1,5,up,KeyO,1791207900067.900,1327,o
P01,S1,5,down,Backspace,1791207900306.200,1328,Backspace
P01,S1,5,up,Backspace,1791207900408.900,1328,Backspace
P01,S1,5,down,ShiftLeft,1791207900642.100,1329,Shift
P01,S1,5,down,KeyI,1791207900799.600,1330,I
P01,S1,5,up,KeyI,1791207900886.100,1330,I
P01,S1,5,up,ShiftLeft,1791207900986.400,1329,Shift
P01,S1,5,down,Quote,1791207901742.600,1331,'
P01,S1,5,up,Quote,1791207901831.200,1331,'
P01,S1,5,down,KeyL,1791207901999.700,1332,l
P01,S1,5,up,KeyL,1791207902095.100,1332,l
P01,S1,5,down,KeyL,1791207902144.200,1333,l
P01,S1,5,up,KeyL,1791207902260.800,1333,l
P01,S1,5,down,Space,1791207902354.800,1334, 
P01,S1,5,up,Space,1791207902442.900,1334, 
P01,S1,5,down,KeyG,1791207902478.200,1335,g
P01,S1,5,down,KeyO,1791207902612.300,1336,o
P01,S1,5,up,KeyO,1791207902670.400,1336,o
P01,S1,5,down,Space,1791207902812.300,1337, 
P01,S1,5,up,Space,1791207902909.200,1337, 
P01,S1,5,down,KeyW,1791207902990.800,1338,w
P01,S1,5,down,KeyI,1791207903039.700,1339,i
P01,S1,5,up,KeyI,1791207903164.700,1339,i
P01,S1,5,down,KeyH,1791207903311.500,1341,h
P01,S1,5,up,KeyH,1791207903361.100,1341,h
P01,S1,5,down,Space,1791207903481.500,1342, 
P01,S1,5,up,Space,1791207903598.300,1342, 
P01,S1,5,down,KeyJ,1791207905139.100,1343,j
P01,S1,5,up,KeyJ,1791207905222.800,1343,j
P01,S1,5,down,KeyU,1791207905387.600,1344,u
P01,S1,5,up,KeyU,1791207905473.200,1344,u
P01,S1,5,down,KeyS,1791207905551.300,1345,s
P01,S1,5,down,KeyT,1791207905640.800,1346,t
P01,S1,5,up,KeyT,1791207905731.900,1346,t
P01,S1,5,down,Space,1791207905890.300,1347, 
P01,S1,5,up,Space,1791207905975.300,1347, 
P01,S1,5,down,KeyW,1791207906338.300,1348,w
P01,S1,5,up,KeyW,1791207906428.600,1348,w
P01,S1,5,down,KeyH,1791207906461.600,1349,h
P01,S1,5,down,KeyA,1791207906553.100,1350,a
P01,S1,5,up,KeyA,1791207906684.500,1350,a
P01,S1,5,up,KeyT,1791207906749.300,1351,t
P01,S1,5,down,Space,1791207906892.500,1352, 
P01,S1,5,up,Space,1791207906936.600,1352, 
P01,S1,5,down,KeyI,1791207907082.000,1353,i
P01,S1,5,up,KeyI,1791207907121.000,1353,i
P01,S1,5,down,Space,1791207907206.100,1354, 
P01,S1,5,up,Space,1791207907299.700,1354, 
P01,S1,5,up,KeyD,1791207907380.100,1355,d
P01,S1,5,down,Backspace,1791207907624.300,1356,Backspace
P01,S1,5,up,Backspace,1791207907721.300,1356,Backspace
P01,S1,5,up,KeyF,1791207907812.500,1357,f
P01,S1,5,down,KeyE,1791207907879.500,1358,e
P01,S1,5,up,KeyE,1791207907992.300,1358,e
P01,S1,5,down,KeyE,1791207908075.500,1359,e
P01,S1,5,up,KeyE,1791207908212.300,1359,e
P01,S1,5,up,KeyL,1791207908272.500,1360,l
P01,S1,5,down,Space,1791207908366.900,1361, 
P01,S1,5,up,Space,1791207908452.600,1361, 
P01,S1,5,down,KeyI,1791207908874.400,1362,i
P01,S1,5,up,KeyI,1791207908929.800,1362,i
P01,S1,5,down,Backspace,1791207909252.400,1363,Backspace
P01,S1,5,up,Backspace,1791207909352.900,1363,Backspace
P01,S1,5,down,KeyI,1791207909655.800,1364,i
P01,S1,5,down,KeyS,1791207909744.100,1365,s
P01,S1,5,up,KeyS,1791207909836.200,1365,s
P01,S1,5,down,Space,1791207909892.400,1366, 
P01,S1,5,down,KeyA,1791207909974.000,1367,a
P01,S1,5,down,Space,1791207910109.200,1368, 
P01,S1,5,up,Space,1791207910180.200,1368, 
P01,S1,5,down,KeyG,1791207910531.000,1369,g
P01,S1,5,up,KeyG,1791207910633.700,1369,g
P01,S1,5,down,KeyR,1791207910759.200,1370,r
P01,S1,5,up,KeyR,1791207910874.400,1370,r
P01,S1,5,down,KeyE,1791207910970.300,1371,e
P01,S1,5,up,KeyE,1791207911064.900,1371,e
P01,S1,5,down,KeyA,1791207911177.800,1372,a
P01,S1,5,down,KeyT,1791207911288.100,1373,t
P01,S1,5,up,KeyT,1791207911353.200,1373,t
P01,S1,5,down,Space,1791207911499.900,1374, 
P01,S1,5,up,Space,1791207911600.400,1374, 
P01,S1,5,down,KeyR,1791207913088.600,1375,r
P01,S1,5,up,KeyR,1791207913194.400,1375,r
P01,S1,5,down,KeyE,1791207913290.600,1376,e
P01,S1,5,up,KeyE,1791207913396.000,1376,e
P01,S1,5,down,Backspace,1791207913786.900,1377,Backspace
P01,S1,5,up,Backspace,1791207913880.500,1377,Backspace
P01,S1,5,down,Backspace,1791207914180.700,1378,Backspace
P01,S1,5,up,Backspace,1791207914279.000,1378,Backspace
P01,S1,5,down,KeyO,1791207915619.300,1379,o
P01,S1,5,up,KeyO,1791207915731.100,1379,o
P01,S1,5,down,KeyB,1791207915875.500,1380,b
P01,S1,5,down,KeyJ,1791207915980.900,1381,j
P01,S1,5,down,KeyE,1791207916108.500,1382,e
P01,S1,5,up,KeyE,1791207916230.700,1382,e
P01,S1,5,down,KeyC,1791207916360.100,1383,c
P01,S1,5,down,KeyT,1791207916478.900,1384,t
P01,S1,5,up,KeyT,1791207916574.700,1384,t
P01,S1,5,down,Comma,1791207916787.900,1385,","
P01,S1,5,up,Comma,1791207916894.200,1385,","
P01,S1,5,down,Space,1791207917021.300,1386, 
P01,S1,5,up,Space,1791207917116.000,1386, 
P01,S1,5,down,KeyT,1791207917378.400,1387,t
P01,S1,5,down,KeyH,1791207917421.600,1388,h
P01,S1,5,down,KeyA,1791207917601.400,1389,a
P01,S1,5,up,KeyA,1791207917729.700,1389,a
P01,S1,5,up,KeyT,1791207917768.100,1390,t
P01,S1,5,down,Space,1791207917963.500,1391, 
P01,S1,5,up,Space,1791207918062.500,1391, 
P01,S1,5,down,KeyV,1791207918305.200,1392,v
P01,S1,5,up,KeyV,1791207918413.000,1392,v
P01,S1,5,up,KeyE,1791207918460.200,1393,e
P01,S1,5,down,KeyR,1791207918602.700,1394,r
P01,S1,5,up,KeyR,1791207918687.600,1394,r
P01,S1,5,up,KeyY,1791207918780.900,1395,y
P01,S1,5,down,Backspace,1791207919142.100,1396,Backspace
P01,S1,5,up,Backspace,1791207919192.500,1396,Backspace
P01,S1,5,up,Backspace,1791207919336.900,1397,Backspace
P01,S1,5,down,Backspace,1791207919413.300,1398,Backspace
P01,S1,5,up,Backspace,1791207919486.000,1398,Backspace
P01,S1,5,up,Backspace,1791207919618.700,1399,Backspace
P01,S1,5,down,KeyE,1791207919661.000,1400,e
P01,S1,5,up,KeyE,1791207919762.600,1400,e
P01,S1,5,down,KeyV,1791207920097.900,1401,v
P01,S1,5,up,KeyV,1791207920198.700,1401,v
P01,S1,5,down,KeyE,1791207920325.400,1402,e
P01,S1,5,up,KeyE,1791207920380.300,1402,e
P01,S1,5,down,KeyY,1791207920548.300,1403,y
P01,S1,5,up,KeyY,1791207920591.300,1403,y
P01,S1,5,down,KeyO,1791207920866.100,1404,o
P01,S1,5,up,KeyO,1791207920956.800,1404,o
P01,S1,5,down,Backspace,1791207921305.700,1405,Backspace
P01,S1,5,up,Backspace,1791207921365.200,1405,Backspace
P01,S1,5,down,Backspace,1791207921440.100,1406,Backspace
P01,S1,5,up,Backspace,1791207921528.800,1406,Backspace
P01,S1,5,up,KeyR,1791207921618.700,1407,r
P01,S1,5,down,KeyY,1791207922213.700,1408,y
P01,S1,5,up,KeyY,1791207922333.400,1408,y
P01,S1,5,down,KeyO,1791207922457.900,1409,o
P01,S1,5,up,KeyO,1791207922548.700,1409,o
P01,S1,5,down,KeyN,1791207922655.900,1410,n
P01,S1,5,up,KeyN,1791207922753.300,1410,n
P01,S1,5,down,Space,1791207922848.600,1412, 
P01,S1,5,up,Space,1791207922944.500,1412, 
P01,S1,5,down,KeyE,1791207923047.400,1413,e
P01,S1,5,down,KeyN,1791207923179.100,1414,n
P01,S1,5,up,KeyN,1791207923268.600,1414,n
P01,S1,5,down,KeyJ,1791207923562.700,1415,j
P01,S1,5,up,KeyJ,1791207923654.100,1415,j
P01,S1,5,down,KeyO,1791207923786.700,1416,o
P01,S1,5,up,KeyO,1791207923873.800,1416,o
P01,S1,5,down,KeyY,1791207923992.200,1417,y
P01,S1,5,up,KeyY,1791207924083.100,1417,y
P01,S1,5,down,Space,1791207924238.600,1419, 
P01,S1,5,up,KeyA,1791207924394.400,1420,a
P01,S1,5,down,Backspace,1791207924716.900,1421,Backspace
P01,S1,5,up,Backspace,1791207924804.200,1421,Backspace
P01,S1,5,down,Backspace,1791207925088.200,1422,Backspace
P01,S1,5,up,Backspace,1791207925174.700,1422,Backspace
P01,S1,5,down,Comma,1791207925419.000,1423,","
P01,S1,5,up,Comma,1791207925508.600,1423,","
P01,S1,5,down,Space,1791207925615.600,1424, 
P01,S1,5,up,Space,1791207925707.900,1424, 
P01,S1,5,down,KeyN,1791207925825.900,1426,n
P01,S1,5,up,KeyN,1791207925891.600,1426,n
P01,S1,5,up,KeyD,1791207925999.500,1427,d
P01,S1,5,up,Space,1791207926117.900,1428, 
P01,S1,5,down,KeyR,1791207926652.900,1429,r
P01,S1,5,up,KeyR,1791207926733.700,1429,r
P01,S1,5,down,KeyE,1791207926842.200,1430,e
P01,S1,5,up,KeyE,1791207926930.200,1430,e
P01,S1,5,down,KeyC,1791207927121.900,1431,c
P01,S1,5,down,KeyO,1791207927236.100,1432,o
P01,S1,5,up,KeyO,1791207927339.900,1432,o
P01,S1,5,down,KeyN,1791207927458.000,1433,n
P01,S1,5,down,KeyG,1791207927552.200,1434,g
P01,S1,5,up,KeyG,1791207927686.000,1434,g
P01,S1,5,down,Backspace,1791207928001.700,1435,Backspace
P01,S1,5,up,Backspace,1791207928090.300,1435,Backspace
P01,S1,5,down,Backspace,1791207928141.600,1436,Backspace
P01,S1,5,down,KeyG,1791207928219.800,1437,g
P01,S1,5,down,KeyN,1791207928372.900,1438,n
P01,S1,5,up,KeyN,1791207928470.200,1438,n
P01,S1,5,down,KeyI,1791207928768.000,1439,i
P01,S1,5,down,KeyS,1791207928866.500,1440,s
P01,S1,5,up,KeyS,1791207929004.700,1440,s
P01,S1,5,down,KeyE,1791207929097.600,1441,e
P01,S1,5,up,KeyE,1791207929193.800,1441,e
P01,S1,5,down,KeyS,1791207929282.900,1442,s
P01,S1,5,down,Space,1791207929384.600,1443, 
P01,S1,5,up,Space,1791207929485.700,1443, 
P01,S1,5,down,KeyI,1791207929605.200,1444,i
P01,S1,5,up,KeyI,1791207929699.100,1444,i
P01,S1,5,down,KeyN,1791207929798.200,1445,n
P01,S1,5,up,KeyN,1791207929898.200,1445,n
P01,S1,5,down,KeyS,1791207929932.900,1446,s
P01,S1,5,up,KeyS,1791207930074.500,1446,s
P01,S1,5,down,KeyT,1791207930161.300,1447,t
P01,S1,5,up,KeyT,1791207930219.500,1447,t
P01,S1,5,down,KeyA,1791207930277.300,1448,a
P01,S1,5,up,KeyA,1791207930379.800,1448,a
P01,S1,5,down,KeyN,1791207931803.600,1449,n
P01,S1,5,down,KeyT,1791207931900.800,1450,t
P01,S1,5,up,KeyT,1791207932004.400,1450,t
P01,S1,5,down,KeyL,1791207932226.900,1451,l
P01,S1,5,up,KeyL,1791207932360.400,1451,l
P01,S1,5,down,KeyY,1791207932720.700,1452,y
P01,S1,5,up,KeyY,1791207932841.200,1452,y
P01,S1,5,down,Period,1791207933341.800,1453,.
P01,S1,5,up,Period,1791207933445.400,1453,.
P01,S1,5,down,Space,1791207933625.600,1454, 
P01,S1,5,down,ShiftLeft,1791207933757.600,1455,Shift
P01,S1,5,down,KeyI,1791207934110.600,1456,I
P01,S1,5,up,ShiftLeft,1791207934209.100,1455,Shift
P01,S1,5,down,Quote,1791207934623.100,1457,'
P01,S1,5,up,Quote,1791207934716.400,1457,'
P01,S1,5,down,KeyL,1791207934904.800,1458,l
P01,S1,5,up,KeyL,1791207934968.300,1458,l
P01,S1,5,down,KeyL,1791207935049.100,1459,l
P01,S1,5,up,KeyL,1791207935126.100,1459,l
P01,S1,5,down,Space,1791207935287.000,1460, 
P01,S1,5,up,Space,1791207935401.700,1460, 
P01,S1,5,down,KeyE,1791207935545.800,1461,e
P01,S1,5,up,KeyE,1791207935649.400,1461,e
P01,S1,5,down,KeyI,1791207935686.900,1462,i
P01,S1,5,down,KeyT,1791207935805.300,1463,t
P01,S1,5,up,KeyT,1791207935946.700,1463,t
P01,S1,5,down,KeyE,1791207936023.200,1465,e
P01,S1,5,down,KeyR,1791207936231.100,1466,r
P01,S1,5,up,Space,1791207936433.200,1467, 
P01,S1,5,down,KeyG,1791207936535.500,1468,g
P01,S1,5,down,KeyO,1791207936708.700,1469,o
P01,S1,5,down,KeyT,1791207936853.500,1470,t
P01,S1,5,up,KeyT,1791207936948.400,1470,t
P01,S1,5,down,Backspace,1791207937186.500,1471,Backspace
P01,S1,5,up,Backspace,1791207937281.300,1471,Backspace
P01,S1,5,down,Space,1791207937419.500,1472, 
P01,S1,5,up,Space,1791207937534.500,1472, 
P01,S1,5,down,KeyF,1791207937733.700,1473,f
P01,S1,5,up,KeyF,1791207937870.400,1473,f
P01,S1,5,up,KeyR,1791207937984.700,1475,r
P01,S1,5,up,Space,1791207938203.100,1476, 
P01,S1,5,up,Space,1791207938372.600,1478, 
P01,S1,5,down,KeyH,1791207940203.000,1479,h
P01,S1,5,up,KeyH,1791207940263.000,1479,h
P01,S1,5,down,KeyO,1791207940452.200,1480,o
P01,S1,5,up,KeyO,1791207940549.700,1480,o
P01,S1,5,down,KeyO,1791207940591.600,1481,o
P01,S1,5,down,KeyV,1791207940683.500,1482,v
P01,S1,5,up,KeyV,1791207940771.700,1482,v
P01,S1,5,down,KeyE,1791207940871.900,1483,e
P01,S1,5,up,KeyE,1791207940967.200,1483,e
P01,S1,5,down,KeyR,1791207941047.500,1484,r
P01,S1,5,up,KeyR,1791207941150.100,1484,r
P01,S1,5,down,Space,1791207941488.500,1485, 
P01,S1,5,up,Space,1791207941598.200,1485, 
P01,S1,5,down,Minus,1791207941632.500,1486,-
P01,S1,5,down,Space,1791207941726.300,1487, 
P01,S1,5,up,Space,1791207941839.400,1487, 
P01,S1,5,down,KeyC,1791207942501.200,1488,c
P01,S1,5,up,KeyC,1791207942627.000,1488,c
P01,S1,5,down,KeyL,1791207942662.400,1489,l
P01,S1,5,down,KeyA,1791207942801.800,1490,a
P01,S1,5,up,KeyA,1791207942932.900,1490,a
P01,S1,5,down,KeyS,1791207943030.500,1491,s
P01,S1,5,up,KeyS,1791207943125.400,1491,s
P01,S1,5,down,KeyS,1791207943211.800,1492,s
P01,S1,5,up,KeyS,1791207943308.900,1492,s
P01,S1,5,down,KeyI,1791207943410.400,1493,i
P01,S1,5,down,KeyC,1791207943459.300,1494,c
P01,S1,5,up,KeyC,1791207943594.500,1494,c
P01,S1,5,down,Comma,1791207943789.000,1495,","
P01,S1,5,up,Comma,1791207943901.200,1495,","
P01,S1,5,down,Space,1791207944260.000,1496, 
P01,S1,5,up,Space,1791207944394.800,1496, 
P01,S1,5,down,KeyA,1791207944707.500,1497,a
P01,S1,5,up,KeyA,1791207944818.700,1497,a
P01,S1,5,down,Backspace,1791207945084.700,1498,Backspace
P01,S1,5,up,Backspace,1791207945205.300,1498,Backspace
P01,S1,5,down,KeyM,1791207945319.300,1499,m
P01,S1,5,up,KeyM,1791207945425.000,1499,m
P01,S1,5,down,KeyA,1791207945458.500,1500,a
P01,S1,5,down,KeyY,1791207945600.200,1501,y
P01,S1,5,up,KeyY,1791207945697.200,1501,y
P01,S1,5,down,KeyE,1791207945947.100,1502,e
P01,S1,5,up,KeyE,1791207946016.200,1502,e
P01,S1,5,up,KeyB,1791207946152.900,1503,b
P01,S1,5,down,Backspace,1791207946404.500,1504,Backspace
P01,S1,5,up,Backspace,1791207946457.700,1504,Backspace
P01,S1,5,up,Backspace,1791207946600.700,1505,Backspace
P01,S1,5,down,KeyB,1791207946733.900,1506,b
P01,S1,5,down,KeyE,1791207946866.000,1507,e
P01,S1,5,up,KeyE,1791207946966.900,1507,e
P01,S1,5,up,Space,1791207947048.600,1508, 
P01,S1,5,down,KeyN,1791207947188.100,1510,n
P01,S1,5,up,KeyN,1791207947311.100,1510,n
P01,S1,5,up,Space,1791207947470.400,1511, 
P01,S1,5,down,KeyO,1791207947610.600,1512,o
P01,S1,5,up,KeyO,1791207947672.100,1512,o
P01,S1,5,down,KeyL,1791207947799.600,1513,l
P01,S1,5,down,KeyD,1791207947902.800,1514,d
P01,S1,5,up,KeyD,1791207948045.400,1514,d
P01,S1,5,down,Space,1791207948094.400,1515, 
P01,S1,5,up,Space,1791207948230.400,1515, 
P01,S1,5,down,KeyD,1791207948336.700,1516,d
P01,S1,5,up,KeyD,1791207948442.900,1516,d
P01,S1,5,down,KeyY,1791207948626.300,1517,y
P01,S1,5,up,KeyY,1791207948742.300,1517,y
P01,S1,5,down,KeyS,1791207949003.500,1518,s
P01,S1,5,up,KeyS,1791207949114.800,1518,s
P01,S1,5,up,KeyO,1791207949182.400,1519,o
P01,S1,5,down,KeyN,1791207949304.400,1520,n
P01,S1,5,up,KeyN,1791207949394.400,1520,n
P01,S1,5,down,Space,1791207949533.600,1521, 
P01,S1,5,up,Space,1791207949639.700,1521, 
P01,S1,5,down,KeyM,1791207949907.200,1522,m
P01,S1,5,up,KeyM,1791207950010.100,1522,m
P01,S1,5,down,KeyO,1791207950153.400,1523,o
P01,S1,5,down,KeyD,1791207950280.700,1524,d
P01,S1,5,down,KeyE,1791207950440.600,1525,e
P01,S1,5,down,KeyL,1791207950538.900,1526,l
P01,S1,5,up,KeyL,1791207950646.900,1526,l
P01,S1,5,down,Period,1791207950819.100,1527,.
P01,S1,5,up,Period,1791207950988.000,1527,.
P01,S1,5,down,Space,1791207951530.100,1528, 
P01,S1,5,up,Space,1791207951663.300,1528, 
P01,S1,5,down,ShiftLeft,1791207951701.500,1529,Shift
P01,S1,5,down,KeyO,1791207951892.200,1530,O
P01,S1,5,up,KeyO,1791207951964.800,1530,O
P01,S1,5,up,ShiftLeft,1791207952098.600,1529,Shift
P01,S1,5,down,KeyR,1791207952227.900,1531,r
P01,S1,5,up,KeyR,1791207952350.500,1531,r
P01,S1,5,down,Comma,1791207953135.300,1532,","
P01,S1,5,up,Comma,1791207953238.100,1532,","
P01,S1,5,down,Space,1791207953334.900,1533, 
P01,S1,5,up,Space,1791207953418.600,1533, 
P01,S1,5,down,KeyI,1791207953621.700,1534,i
P01,S1,5,up,KeyI,1791207953728.500,1534,i
P01,S1,5,down,Quote,1791207954366.900,1535,'
P01,S1,5,up,Quote,1791207954483.600,1535,'
P01,S1,5,down,KeyL,1791207954748.500,1536,l
P01,S1,5,up,KeyL,1791207954844.000,1536,l
P01,S1,5,down,KeyL,1791207954945.400,1537,l
P01,S1,5,up,KeyL,1791207954991.400,1537,l
P01,S1,5,down,Space,1791207955141.800,1538, 
P01,S1,5,up,Space,1791207955222.500,1538, 
P01,S1,5,down,KeyG,1791207955297.000,1539,g
P01,S1,5,up,KeyO,1791207955442.600,1540,o
P01,S1,5,up,Space,1791207955674.100,1541, 
P01,S1,5,up,KeyO,1791207955832.300,1543,o
P01,S1,5,up,KeyR,1791207956033.100,1544,r
P01,S1,5,down,Space,1791207956171.300,1545, 
P01,S1,5,up,Space,1791207956277.900,1545, 
P01,S1,5,down,KeyT,1791207956313.800,1546,t
P01,S1,5,down,KeyH,1791207956420.800,1547,h
P01,S1,5,up,KeyH,1791207956519.500,1547,h
P01,S1,5,down,KeyA,1791207956772.600,1548,a
P01,S1,5,up,KeyA,1791207956903.400,1548,a
P01,S1,5,up,KeyT,1791207957004.600,1549,t
P01,S1,5,down,Space,1791207957178.700,1550, 
P01,S1,5,up,Space,1791207957300.600,1550, 
P01,S1,5,down,KeyC,1791207957468.300,1551,c
P01,S1,5,up,KeyC,1791207957573.300,1551,c
P01,S1,5,up,KeyL,1791207957686.200,1552,l
P01,S1,5,down,KeyA,1791207957776.100,1553,a
P01,S1,5,up,KeyA,1791207957882.400,1553,a
P01,S1,5,down,KeyS,1791207958125.900,1554,s
P01,S1,5,up,KeyS,1791207958243.200,1554,s
P01,S1,5,down,KeyS,1791207958334.000,1555,s
P01,S1,5,up,KeyS,1791207958451.900,1555,s
P01,S1,5,down,KeyI,1791207958509.400,1556,i
P01,S1,5,down,KeyC,1791207958609.300,1557,c
P01,S1,5,up,KeyC,1791207958745.900,1557,c
P01,S1,5,down,Comma,1791207958924.100,1558,","
P01,S1,5,up,Comma,1791207959053.200,1558,","
P01,S1,5,down,Space,1791207959164.600,1559, 
P01,S1,5,up,Space,1791207959289.000,1559, 
P01,S1,5,down,KeyB,1791207959443.300,1560,b
P01,S1,5,up,KeyB,1791207959549.500,1560,b
P01,S1,5,down,KeyL,1791207959706.500,1561,l
P01,S1,5,up,KeyL,1791207959815.500,1561,l
P01,S1,5,down,KeyC,1791207959948.200,1563,c
P01,S1,5,up,KeyK,1791207960100.100,1564,k
P01,S1,5,down,Space,1791207960247.600,1565, 
P01,S1,5,up,Space,1791207960353.500,1565, 
P01,S1,5,down,KeyN,1791207960465.700,1567,n
P01,S1,5,down,KeyD,1791207960607.400,1568,d
P01,S1,5,up,Space,1791207960735.900,1569, 
P01,S1,5,down,KeyY,1791207961157.500,1570,y
P01,S1,5,up,KeyY,1791207961282.500,1570,y
P01,S1,5,down,KeyL,1791207961445.900,1572,l
P01,S1,5,up,KeyL,1791207961522.400,1572,l
P01,S1,5,up,KeyL,1791207961686.700,1573,l
P01,S1,5,down,KeyO,1791207961801.700,1574,o
P01,S1,5,down,KeyW,1791207961889.400,1575,w
P01,S1,5,down,Space,1791207962067.300,1576, 
P01,S1,5,up,Space,1791207962170.400,1576, 
P01,S1,5,down,ShiftLeft,1791207962450.100,1577,Shift
P01,S1,5,down,KeyH,1791207962644.400,1578,H
P01,S1,5,up,KeyH,1791207962749.500,1578,H
P01,S1,5,down,KeyB,1791207962907.200,1579,B
P01,S1,5,up,KeyB,1791207963012.700,1579,B
P01,S1,5,up,ShiftLeft,1791207963137.200,1577,Shift
P01,S1,5,down,Space,1791207963247.000,1580, 
P01,S1,5,up,Space,1791207963357.500,1580, 
P01,S1,5,down,KeyP,1791207963852.900,1581,p
P01,S1,5,down,KeyE,1791207963965.100,1582,e
P01,S1,5,up,KeyE,1791207964066.000,1582,e
P01,S1,5,down,KeyN,1791207964195.400,1583,n
P01,S1,5,up,KeyN,1791207964313.900,1583,n
P01,S1,5,down,KeyC,1791207964493.800,1584,c
P01,S1,5,down,KeyI,1791207964606.500,1585,i
P01,S1,5,up,KeyI,1791207964716.800,1585,i
P01,S1,5,down,KeyL,1791207964851.900,1586,l
P01,S1,5,up,KeyL,1791207964954.800,1586,l
P01,S1,5,down,Comma,1791207965111.100,1587,","
P01,S1,5,up,Comma,1791207965213.000,1587,","
P01,S1,5,down,Space,1791207965313.700,1588, 
P01,S1,5,up,Space,1791207965438.800,1588, 
P01,S1,5,down,KeyT,1791207965576.800,1589,t
P01,S1,5,up,KeyT,1791207965699.800,1589,t
P01,S1,5,up,KeyH,1791207965798.300,1590,h
P01,S1,5,down,KeyA,1791207966172.300,1591,a
P01,S1,5,down,KeyT,1791207966274.900,1592,t
P01,S1,5,up,KeyT,1791207966388.100,1592,t
P01,S1,5,down,Quote,1791207966866.100,1593,'
P01,S1,5,up,Quote,1791207966996.500,1593,'
P01,S1,5,down,KeyS,1791207967035.100,1594,s
P01,S1,5,down,Space,1791207967197.300,1595, 
P01,S1,5,up,Space,1791207967298.900,1595, 
P01,S1,5,down,KeyS,1791207967650.900,1596,s
P01,S1,5,down,KeyL,1791207967769.200,1597,l
P01,S1,5,up,KeyL,1791207967883.000,1597,l
P01,S1,5,down,KeyI,1791207967973.200,1598,i
P01,S1,5,up,KeyI,1791207968068.400,1598,i
P01,S1,5,down,KeyG,1791207968139.700,1599,g
P01,S1,5,up,KeyG,1791207968236.200,1599,g
P01,S1,5,down,KeyT,1791207968332.300,1601,t
P01,S1,5,up,KeyL,1791207968563.100,1602,l
P01,S1,5,up,KeyY,1791207968701.300,1603,y
P01,S1,5,up,Space,1791207968828.300,1604, 
P01,S1,5,down,KeyT,1791207969194.900,1605,t
P01,S1,5,down,KeyO,1791207969305.900,1606,o
P01,S1,5,up,KeyO,1791207969362.900,1606,o
P01,S1,5,down,KeyO,1791207969606.800,1607,o
P01,S1,5,up,KeyO,1791207969711.700,1607,o
P01,S1,5,down,Space,1791207969834.000,1608, 
P01,S1,5,up,Space,1791207969955.700,1608, 
P01,S1,5,down,KeyS,1791207970052.100,1609,s
P01,S1,5,up,KeyS,1791207970160.400,1609,s
P01,S1,5,up,KeyH,1791207970226.500,1610,h
P01,S1,5,down,KeyO,1791207970344.800,1611,o
P01,S1,5,up,KeyO,1791207970472.600,1611,o
P01,S1,5,down,KeyT,1791207970634.000,1613,t
P01,S1,5,down,Space,1791207970805.100,1614, 
P01,S1,5,up,Space,1791207970946.700,1614, 
P01,S1,5,down,KeyF,1791207971662.900,1615,f
P01,S1,5,up,KeyF,1791207971798.000,1615,f
P01,S1,5,up,KeyR,1791207971930.700,1616,r
P01,S1,5,up,KeyO,1791207972030.000,1617,o
P01,S1,5,down,KeyM,1791207972185.100,1618,m
P01,S1,5,up,KeyM,1791207972257.600,1618,m
P01,S1,5,down,Space,1791207972402.900,1619, 
P01,S1,5,up,Space,1791207972512.200,1619, 
P01,S1,5,down,KeyA,1791207973720.400,1620,a
P01,S1,5,up,KeyA,1791207973837.600,1620,a
P01,S1,5,up,Space,1791207973950.000,1621, 
P01,S1,5,down,KeyL,1791207974114.600,1622,l
P01,S1,5,up,KeyL,1791207974214.600,1622,l
P01,S1,5,down,KeyI,1791207974346.600,1623,i
P01,S1,5,down,KeyT,1791207974427.400,1624,t
P01,S1,5,up,KeyT,1791207974519.200,1624,t
P01,S1,5,down,KeyT,1791207974609.800,1625,t
P01,S1,5,down,KeyL,1791207974734.900,1626,l
P01,S1,5,down,KeyE,1791207974921.800,1627,e
P01,S1,5,up,KeyE,1791207975018.300,1627,e
P01,S1,5,up,Space,1791207975105.900,1628, 
P01,S1,5,down,KeyB,1791207975491.400,1629,b
P01,S1,5,up,KeyB,1791207975603.400,1629,b
P01,S1,5,down,KeyI,1791207975709.100,1630,i
P01,S1,5,down,KeyT,1791207975814.300,1631,t
P01,S1,5,down,Space,1791207975980.800,1632, 
P01,S1,5,up,Space,1791207976052.500,1632, 
P01,S1,5,down,KeyO,1791207976475.300,1633,o
P01,S1,5,down,KeyF,1791207976603.900,1634,f
P01,S1,5,down,Space,1791207976760.400,1635, 
P01,S1,5,up,Space,1791207976874.500,1635, 
P01,S1,5,down,KeyO,1791207977299.000,1636,o
P01,S1,5,up,KeyO,1791207977433.100,1636,o
P01,S1,5,down,KeyV,1791207977593.400,1637,v
P01,S1,5,down,KeyE,1791207977715.500,1638,e
P01,S1,5,down,KeyR,1791207977869.100,1639,r
P01,S1,5,up,KeyR,1791207977966.900,1639,r
P01,S1,5,down,KeyU,1791207978048.700,1640,u
P01,S1,5,up,KeyS,1791207978219.200,1641,s
P01,S1,5,up,KeyE,1791207978427.000,1642,e
P01,S1,5,down,Period,1791207978942.200,1643,.
P01,S1,5,up,Period,1791207979053.100,1643,.
P01,S1,5,down,Enter,1791207979196.400,1644,Enter
P01,S1,6,up,Enter,1791207979289.600,1644,Enter
P01,S1,6,down,KeyO,1791208002853.500,1645,o
P01,S1,6,up,KeyO,1791208003004.700,1645,o
P01,S1,6,down,KeyO,1791208003057.800,1646,o
P01,S1,6,up,KeyO,1791208003145.600,1646,o
P01,S1,6,down,KeyO,1791208003245.000,1647,o
P01,S1,6,up,KeyO,1791208003332.800,1647,o
P01,S1,6,down,KeyO,1791208003436.100,1648,o
P01,S1,6,up,KeyO,1791208003547.800,1648,o
P01,S1,6,down,KeyH,1791208003865.300,1649,h
P01,S1,6,up,KeyH,1791208003908.300,1649,h
P01,S1,6,down,Comma,1791208004793.000,1650,","
P01,S1,6,up,Comma,1791208004905.800,1650,","
P01,S1,6,down,Space,1791208005005.100,1651, 
P01,S1,6,down,KeyT,1791208005115.100,1652,t
P01,S1,6,up,KeyT,1791208005185.400,1652,t
P01,S1,6,up,KeyH,1791208005309.700,1653,h
P01,S1,6,down,KeyT,1791208005510.500,1654,t
P01,S1,6,up,KeyT,1791208005567.800,1654,t
P01,S1,6,down,Backspace,1791208005865.500,1655,Backspace
P01,S1,6,down,KeyA,1791208005979.400,1656,a
P01,S1,6,up,KeyA,1791208006093.900,1656,a
P01,S1,6,down,KeyT,1791208006316.300,1657,t
P01,S1,6,up,KeyT,1791208006439.900,1657,t
P01,S1,6,down,Quote,1791208006840.700,1658,'
P01,S1,6,down,KeyS,1791208006961.200,1659,s
P01,S1,6,down,Space,1791208007112.800,1660, 
P01,S1,6,up,Space,1791208007186.100,1660, 
P01,S1,6,down,KeyE,1791208007328.700,1661,e
P01,S1,6,up,KeyE,1791208007426.900,1661,e
P01,S1,6,down,KeyX,1791208007748.500,1662,x
P01,S1,6,up,KeyX,1791208007864.100,1662,x
P01,S1,6,down,KeyC,1791208007989.200,1663,c
P01,S1,6,down,KeyE,1791208008133.300,1664,e
P01,S1,6,up,KeyE,1791208008290.300,1664,e
P01,S1,6,down,KeyL,1791208008327.100,1665,l
P01,S1,6,up,KeyL,1791208008436.800,1665,l
P01,S1,6,up,KeyT,1791208008550.100,1666,t
P01,S1,6,down,KeyL,1791208008704.500,1667,l
P01,S1,6,up,KeyL,1791208008791.100,1667,l
P01,S1,6,down,Backspace,1791208008979.800,1668,Backspace
P01,S1,6,down,Backspace,1791208009090.800,1669,Backspace
P01,S1,6,up,Backspace,1791208009181.700,1669,Backspace
P01,S1,6,down,KeyL,1791208009255.100,1670,l
P01,S1,6,up,KeyL,1791208009432.900,1670,l
P01,S1,6,up,KeyE,1791208009483.100,1671,e
P01,S1,6,down,KeyN,1791208009673.900,1672,n
P01,S1,6,down,KeyT,1791208009781.900,1673,t
P01,S1,6,up,KeyT,1791208009886.800,1673,t
P01,S1,6,down,Period,1791208010350.500,1674,.
P01,S1,6,up,Period,1791208010453.800,1674,.
P01,S1,6,down,Space,1791208010574.200,1675, 
P01,S1,6,up,Space,1791208010637.500,1675, 
P01,S1,6,down,ShiftLeft,1791208010761.800,1676,Shift
P01,S1,6,down,KeyM,1791208010862.600,1677,M
P01,S1,6,up,ShiftLeft,1791208010970.100,1676,Shift
P01,S1,6,up,KeyI,1791208011132.700,1678,i
P01,S1,6,down,KeyN,1791208011274.400,1679,n
P01,S1,6,down,KeyE,1791208011338.500,1680,e
P01,S1,6,up,Space,1791208011568.000,1681, 
P01,S1,6,up,KeyO,1791208011796.000,1683,o
P01,S1,6,up,KeyU,1791208012036.800,1684,u
P01,S1,6,down,KeyL,1791208012132.300,1685,l
P01,S1,6,down,KeyD,1791208012224.500,1686,d
P01,S1,6,up,Space,1791208012441.700,1687, 
P01,S1,6,down,KeyB,1791208012531.500,1688,b
P01,S1,6,up,KeyE,1791208012674.100,1689,e
P01,S1,6,up,Space,1791208012831.100,1690, 
P01,S1,6,down,KeyT,1791208013187.700,1691,t
P01,S1,6,up,KeyH,1791208013316.900,1692,h
P01,S1,6,down,KeyA,1791208013465.200,1693,a
P01,S1,6,up,KeyT,1791208013627.200,1694,t
P01,S1,6,down,Space,1791208014140.700,1695, 
P01,S1,6,up,Space,1791208014274.100,1695, 
P01,S1,6,down,KeyY,1791208014386.600,1696,y
P01,S1,6,up,KeyY,1791208014492.200,1696,y
P01,S1,6,down,KeyO,1791208014598.500,1697,o
P01,S1,6,up,KeyO,1791208014697.700,1697,o
P01,S1,6,down,KeyU,1791208014797.400,1698,u
P01,S1,6,down,KeyR,1791208014912.100,1699,r
P01,S1,6,down,Space,1791208015007.000,1700, 
P01,S1,6,up,Space,1791208015113.400,1700, 
P01,S1,6,down,KeyI,1791208015557.800,1701,i
P01,S1,6,up,KeyI,1791208015668.000,1701,i
P01,S1,6,down,Backspace,1791208015898.000,1702,Backspace
P01,S1,6,down,KeyV,1791208016012.300,1703,v
P01,S1,6,up,Backspace,1791208016061.100,1702,Backspace
P01,S1,6,down,KeyI,1791208016150.300,1704,i
P01,S1,6,down,KeyS,1791208016287.200,1705,s
P01,S1,6,up,KeyI,1791208016497.900,1706,i
P01,S1,6,up,KeyO,1791208016695.900,1707,o
P01,S1,6,down,KeyN,1791208016832.600,1708,n
P01,S1,6,up,KeyN,1791208016931.200,1708,n
P01,S1,6,down,Space,1791208017246.000,1709, 
P01,S1,6,up,Space,1791208017356.200,1709, 
P01,S1,6,down,KeyC,1791208017455.200,1710,c
P01,S1,6,up,KeyC,1791208017519.500,1710,c
P01,S1,6,down,KeyA,1791208017630.500,1711,a
P01,S1,6,down,KeyN,1791208017770.200,1712,n
P01,S1,6,up,KeyN,1791208017819.900,1712,n
P01,S1,6,down,Space,1791208018204.600,1713, 
P01,S1,6,up,Space,1791208018321.500,1713, 
P01,S1,6,up,Quote,1791208018456.400,1714,'
P01,S1,6,down,KeyB,1791208019004.200,1715,b
P01,S1,6,down,KeyO,1791208019056.300,1716,o
P01,S1,6,up,KeyO,1791208019151.800,1716,o
P01,S1,6,up,KeyU,1791208019341.600,1717,u
P01,S1,6,down,KeyC,1791208019510.300,1719,c
P01,S1,6,up,KeyC,1791208019591.400,1719,c
P01,S1,6,down,KeyE,1791208019815.800,1720,e
P01,S1,6,up,KeyE,1791208019926.200,1720,e
P01,S1,6,down,Quote,1791208020362.300,1721,'
P01,S1,6,up,Quote,1791208020422.100,1721,'
P01,S1,6,down,Space,1791208020736.500,1722, 
P01,S1,6,down,KeyA,1791208020868.800,1723,a
P01,S1,6,up,KeyA,1791208021004.900,1723,a
P01,S1,6,down,KeyC,1791208021078.300,1724,c
P01,S1,6,up,KeyC,1791208021214.400,1724,c
P01,S1,6,down,KeyR,1791208021322.300,1725,r
P01,S1,6,up,KeyR,1791208021428.500,1725,r
P01,S1,6,down,KeyS,1791208021552.200,1726,s
P01,S1,6,up,KeyS,1791208021624.700,1726,s
P01,S1,6,down,KeyS,1791208021759.000,1727,s
P01,S1,6,down,Backspace,1791208021907.400,1728,Backspace
P01,S1,6,up,Backspace,1791208021976.600,1728,Backspace
P01,S1,6,up,Backspace,1791208022165.900,1729,Backspace
P01,S1,6,down,KeyO,1791208022369.900,1730,o
P01,S1,6,up,KeyO,1791208022477.500,1730,o
P01,S1,6,up,KeyS,1791208022610.100,1731,s
P01,S1,6,down,KeyS,1791208022704.100,1732,s
P01,S1,6,down,Space,1791208022856.900,1733, 
P01,S1,6,up,Space,1791208022957.500,1733, 
P01,S1,6,down,KeyS,1791208023265.900,1734,s
P01,S1,6,up,KeyS,1791208023403.100,1734,s
P01,S1,6,down,KeyU,1791208023509.200,1735,u
P01,S1,6,up,KeyU,1791208023631.600,1735,u
P01,S1,6,down,KeyR,1791208023824.200,1736,r
P01,S1,6,up,KeyR,1791208023948.500,1736,r
P01,S1,6,down,KeyF,1791208024051.000,1737,f
P01,S1,6,up,KeyF,1791208024153.400,1737,f
P01,S1,6,down,KeyA,1791208024286.100,1738,a
P01,S1,6,up,KeyA,1791208024399.800,1738,a
P01,S1,6,down,KeyC,1791208024495.500,1739,c
P01,S1,6,up,KeyC,1791208024615.500,1739,c
P01,S1,6,down,KeyE,1791208024663.400,1740,e
P01,S1,6,down,Comma,1791208024836.200,1741,","
P01,S1,6,up,Comma,1791208024970.900,1741,","
P01,S1,6,down,KeyA,1791208025110.300,1743,a
P01,S1,6,up,KeyA,1791208025218.300,1743,a
P01,S1,6,down,Backspace,1791208025512.700,1744,Backspace
P01,S1,6,up,Backspace,1791208025597.500,1744,Backspace
P01,S1,6,up,Backspace,1791208025762.800,1745,Backspace
P01,S1,6,down,KeyS,1791208025898.500,1746,s
P01,S1,6,up,KeyS,1791208025962.600,1746,s
P01,S1,6,up,Backspace,1791208026106.100,1747,Backspace
P01,S1,6,down,Backspace,1791208026195.400,1748,Backspace
P01,S1,6,up,Backspace,1791208026282.300,1748,Backspace
P01,S1,6,up,KeyS,1791208026392.700,1749,s
P01,S1,6,down,Comma,1791208026970.100,1750,","
P01,S1,6,up,Comma,1791208027084.600,1750,","
P01,S1,6,down,Space,1791208027136.800,1751, 
P01,S1,6,up,Space,1791208027290.000,1751, 
P01,S1,6,up,KeyA,1791208027338.500,1752,a
P01,S1,6,down,KeyR,1791208027464.400,1753,r
P01,S1,6,up,KeyO,1791208027651.200,1754,o
P01,S1,6,up,KeyU,1791208027853.200,1755,u
P01,S1,6,down,KeyD,1791208028045.200,1757,d
P01,S1,6,up,Space,1791208028247.400,1758, 
P01,S1,6,up,KeyC,1791208028409.400,1759,c
P01,S1,6,up,KeyO,1791208028531.400,1760,o
P01,S1,6,down,KeyR,1791208028972.300,1761,r
P01,S1,6,down,KeyN,1791208029088.300,1762,n
P01,S1,6,up,KeyN,1791208029216.100,1762,n
P01,S1,6,up,KeyE,1791208029308.100,1763,e
P01,S1,6,down,KeyR,1791208029411.000,1764,r
P01,S1,6,up,KeyR,1791208029533.500,1764,r
P01,S1,6,down,KeyS,1791208029633.800,1765,s
P01,S1,6,up,KeyS,1791208029732.900,1765,s
P01,S1,6,up,Space,1791208029899.500,1766, 
P01,S1,6,down,KeyE,1791208030194.400,1767,e
P01,S1,6,up,KeyE,1791208030300.300,1767,e
P01,S1,6,down,KeyT,1791208030408.300,1768,t
P01,S1,6,up,KeyT,1791208030459.400,1768,t
P01,S1,6,down,KeyC,1791208030830.900,1769,c
P01,S1,6,up,KeyC,1791208030942.000,1769,c
P01,S1,6,up,Period,1791208031059.600,1770,.
P01,S1,6,down,Space,1791208031210.200,1771, 
P01,S1,6,up,Space,1791208031316.400,1771, 
P01,S1,6,down,Backspace,1791208032826.200,1772,Backspace
P01,S1,6,up,Backspace,1791208032908.800,1772,Backspace
P01,S1,6,down,Comma,1791208033149.300,1773,","
P01,S1,6,up,Comma,1791208033218.100,1773,","
P01,S1,6,down,Space,1791208033390.700,1774, 
P01,S1,6,up,Space,1791208033513.700,1774, 
P01,S1,6,down,KeyB,1791208033912.700,1775,b
P01,S1,6,up,KeyB,1791208034024.900,1775,b
P01,S1,6,down,KeyY,1791208034174.700,1776,y
P01,S1,6,up,KeyY,1791208034228.200,1776,y
P01,S1,6,down,Backspace,1791208035175.100,1777,Backspace
P01,S1,6,up,Backspace,1791208035258.900,1777,Backspace
P01,S1,6,down,KeyU,1791208035550.300,1778,u
P01,S1,6,down,KeyT,1791208035700.700,1779,t
P01,S1,6,down,Space,1791208035861.200,1780, 
P01,S1,6,up,Space,1791208035961.500,1780, 
P01,S1,6,down,KeyI,1791208036271.800,1781,i
P01,S1,6,up,KeyI,1791208036383.400,1781,i
P01,S1,6,down,Space,1791208036568.500,1782, 
P01,S1,6,up,Space,1791208036689.600,1782, 
P01,S1,6,down,KeyT,1791208037030.800,1783,t
P01,S1,6,up,KeyT,1791208037142.200,1783,t
P01,S1,6,down,Backspace,1791208037246.300,1784,Backspace
P01,S1,6,up,Backspace,1791208037295.600,1784,Backspace
P01,S1,6,down,Backspace,1791208037399.500,1785,Backspace
P01,S1,6,down,KeyT,1791208037518.100,1786,t
P01,S1,6,down,Space,1791208037740.700,1787, 
P01,S1,6,up,Space,1791208037802.500,1787, 
P01,S1,6,down,KeyC,1791208038100.800,1788,c
P01,S1,6,up,KeyC,1791208038218.900,1788,c
P01,S1,6,down,KeyA,1791208038339.300,1789,a
P01,S1,6,down,KeyN,1791208038411.300,1790,n
P01,S1,6,up,KeyN,1791208038492.000,1790,n
P01,S1,6,up,Space,1791208038700.900,1791, 
P01,S1,6,down,ShiftLeft,1791208038796.000,1792,Shift
P01,S1,6,down,KeyO,1791208038947.800,1793,O
P01,S1,6,up,KeyO,1791208038995.500,1793,O
P01,S1,6,down,KeyN,1791208039150.900,1794,N
P01,S1,6,up,KeyN,1791208039199.000,1794,N
P01,S1,6,down,KeyL,1791208040466.700,1795,L
P01,S1,6,up,KeyL,1791208040550.400,1795,L
P01,S1,6,down,KeyY,1791208040762.500,1796,Y
P01,S1,6,up,KeyY,1791208040822.800,1796,Y
P01,S1,6,up,ShiftLeft,1791208041011.300,1792,Shift
P01,S1,6,down,Space,1791208041118.000,1797, 
P01,S1,6,up,Space,1791208041235.300,1797, 
P01,S1,6,down,KeyB,1791208041367.500,1798,b
P01,S1,6,up,KeyB,1791208041437.900,1798,b
P01,S1,6,down,KeyO,1791208041628.300,1799,o
P01,S1,6,up,KeyO,1791208041701.500,1799,o
P01,S1,6,up,KeyU,1791208041872.400,1800,u
P01,S1,6,down,KeyN,1791208041975.100,1801,n
P01,S1,6,up,KeyN,1791208042058.300,1801,n
P01,S1,6,up,KeyC,1791208042161.200,1802,c
P01,S1,6,up,KeyE,1791208042352.600,1803,e
P01,S1,6,down,Space,1791208042522.300,1804, 
P01,S1,6,up,Space,1791208042669.100,1804, 
P01,S1,6,down,Space,1791208042789.000,1806, 
P01,S1,6,up,Space,1791208042908.700,1806, 
P01,S1,6,down,KeyY,1791208043340.900,1807,y
P01,S1,6,up,KeyY,1791208043456.300,1807,y
P01,S1,6,down,KeyO,1791208043614.900,1808,o
P01,S1,6,up,KeyO,1791208043695.900,1808,o
P01,S1,6,down,KeyU,1791208043844.200,1809,u
P01,S1,6,up,KeyU,1791208043964.100,1809,u
P01,S1,6,down,Space,1791208044089.300,1810, 
P01,S1,6,down,KeyC,1791208044204.200,1811,c
P01,S1,6,up,KeyC,1791208044315.500,1811,c
P01,S1,6,down,KeyA,1791208044402.500,1812,a
P01,S1,6,up,KeyN,1791208044588.000,1813,n
P01,S1,6,down,KeyN,1791208045144.500,1814,n
P01,S1,6,up,KeyN,1791208045262.700,1814,n
P01,S1,6,down,KeyO,1791208045396.800,1815,o
P01,S1,6,down,KeyT,1791208045470.200,1816,t
P01,S1,6,down,Space,1791208045641.100,1817, 
P01,S1,6,up,Space,1791208045735.700,1817, 
P01,S1,6,down,KeyT,1791208046016.600,1818,t
P01,S1,6,up,KeyT,1791208046126.800,1818,t
P01,S1,6,up,KeyU,1791208046248.900,1819,u
P01,S1,6,down,KeyR,1791208046395.000,1820,r
P01,S1,6,down,KeyN,1791208046439.800,1821,n
P01,S1,6,up,KeyN,1791208046541.800,1821,n
P01,S1,6,down,Space,1791208046734.900,1822, 
P01,S1,6,up,Space,1791208046844.900,1822, 
P01,S1,6,down,KeyT,1791208047136.000,1823,t
P01,S1,6,down,KeyH,1791208047188.900,1824,h
P01,S1,6,up,KeyH,1791208047295.300,1824,h
P01,S1,6,down,KeyI,1791208047421.900,1825,i
P01,S1,6,up,KeyI,1791208047518.000,1825,i
P01,S1,6,down,Space,1791208047658.500,1827, 
P01,S1,6,up,Space,1791208047806.500,1827, 
P01,S1,6,down,KeyF,1791208049020.300,1828,f
P01,S1,6,up,KeyF,1791208049137.700,1828,f
P01,S1,6,down,KeyE,1791208049178.600,1829,e
P01,S1,6,up,KeyE,1791208049280.400,1829,e
P01,S1,6,down,KeyA,1791208049445.600,1830,a
P01,S1,6,up,KeyA,1791208049504.400,1830,a
P01,S1,6,up,KeyT,1791208049616.100,1831,t
P01,S1,6,down,KeyU,1791208049753.700,1832,u
P01,S1,6,down,KeyR,1791208049837.500,1833,r
P01,S1,6,down,KeyE,1791208050042.700,1834,e
P01,S1,6,up,KeyE,1791208050149.900,1834,e
P01,S1,6,down,Space,1791208050308.300,1835, 
P01,S1,6,up,Space,1791208050360.200,1835, 
P01,S1,6,down,KeyO,1791208050551.800,1836,o
P01,S1,6,down,KeyF,1791208050618.900,1837,f
P01,S1,6,down,KeyF,1791208050844.500,1838,f
P01,S1,6,up,KeyF,1791208050968.700,1838,f
P01,S1,6,down,Period,1791208051204.500,1839,.
P01,S1,6,up,Period,1791208051319.000,1839,.
P01,S1,6,down,Space,1791208051621.700,1840, 
P01,S1,6,up,Space,1791208051733.700,1840, 
P01,S1,6,down,ShiftLeft,1791208051910.800,1841,Shift
P01,S1,6,down,KeyY,1791208052096.500,1842,Y
P01,S1,6,up,KeyY,1791208052213.700,1842,Y
P01,S1,6,up,ShiftLeft,1791208052254.700,1841,Shift
P01,S1,6,down,KeyO,1791208052348.300,1843,o
P01,S1,6,up,KeyO,1791208052453.600,1843,o
P01,S1,6,up,KeyU,1791208052653.400,1844,u
P01,S1,6,down,KeyC,1791208052818.500,1846,c
P01,S1,6,up,KeyC,1791208052933.400,1846,c
P01,S1,6,down,KeyA,1791208053054.700,1847,a
P01,S1,6,up,KeyN,1791208053159.500,1848,n
P01,S1,6,down,Space,1791208053360.300,1849, 
P01,S1,6,up,Space,1791208053436.700,1849, 
P01,S1,6,down,KeyU,1791208053667.900,1850,u
P01,S1,6,up,KeyU,1791208053738.300,1850,u
P01,S1,6,down,KeyP,1791208053927.200,1851,p
P01,S1,6,up,KeyP,1791208053988.000,1851,p
P01,S1,6,down,Space,1791208054172.000,1852, 
P01,S1,6,up,Space,1791208054303.300,1852, 
P01,S1,6,down,KeyT,1791208054353.200,1853,t
P01,S1,6,up,KeyT,1791208054458.200,1853,t
P01,S1,6,down,KeyE,1791208054594.300,1855,e
P01,S1,6,up,Space,1791208054788.100,1856, 
P01,S1,6,down,KeyB,1791208055029.200,1857,b
P01,S1,6,up,KeyB,1791208055084.900,1857,b
P01,S1,6,down,KeyO,1791208055278.900,1858,o
P01,S1,6,up,KeyO,1791208055338.600,1858,o
P01,S1,6,up,KeyU,1791208055530.100,1859,u
P01,S1,6,up,KeyN,1791208055684.700,1860,n
P01,S1,6,down,KeyE,1791208055862.300,1862,e
P01,S1,6,down,KeyS,1791208056059.800,1863,s
P01,S1,6,down,Comma,1791208056216.400,1864,","
P01,S1,6,down,Space,1791208056393.500,1865, 
P01,S1,6,down,KeyF,1791208056493.000,1866,f
P01,S1,6,down,KeyR,1791208056685.100,1867,r
P01,S1,6,up,KeyO,1791208056805.900,1868,o
P01,S1,6,up,KeyM,1791208057030.300,1869,m
P01,S1,6,down,Digit1,1791208057214.900,1870,1
P01,S1,6,up,Digit1,1791208057276.600,1870,1
P01,S1,6,down,Comma,1791208057720.600,1871,","
P01,S1,6,up,Comma,1791208057844.500,1871,","
P01,S1,6,down,Space,1791208057961.000,1872, 
P01,S1,6,up,Space,1791208058025.500,1872, 
P01,S1,6,down,KeyT,1791208058134.800,1873,t
P01,S1,6,up,KeyO,1791208058327.200,1874,o
P01,S1,6,down,Space,1791208058492.900,1875, 
P01,S1,6,down,Digit2,1791208058602.700,1876,2
P01,S1,6,up,Digit2,1791208058756.400,1876,2
P01,S1,6,down,Comma,1791208059627.200,1877,","
P01,S1,6,up,Comma,1791208059744.700,1877,","
P01,S1,6,down,Space,1791208059854.300,1878, 
P01,S1,6,up,Space,1791208059917.700,1878, 
P01,S1,6,down,KeyT,1791208060128.000,1879,t
P01,S1,6,up,KeyT,1791208060250.600,1879,t
P01,S1,6,down,Space,1791208060487.600,1881, 
P01,S1,6,down,Digit3,1791208060615.100,1882,3
P01,S1,6,up,Digit3,1791208060730.000,1882,3
P01,S1,6,down,Space,1791208060967.400,1883, 
P01,S1,6,up,Space,1791208061088.200,1883, 
P01,S1,6,down,KeyE,1791208061201.200,1884,e
P01,S1,6,up,KeyE,1791208061256.900,1884,e
P01,S1,6,up,KeyT,1791208061452.200,1885,t
P01,S1,6,up,KeyC,1791208061591.600,1886,c
P01,S1,6,down,Comma,1791208062204.900,1887,","
P01,S1,6,up,Comma,1791208062279.200,1887,","
P01,S1,6,down,Space,1791208062447.800,1888, 
P01,S1,6,up,Space,1791208062590.800,1888, 
P01,S1,6,down,KeyB,1791208062708.500,1889,b
P01,S1,6,up,KeyB,1791208062774.200,1889,b
P01,S1,6,down,KeyT,1791208062952.800,1891,t
P01,S1,6,up,KeyT,1791208063079.600,1891,t
P01,S1,6,down,Space,1791208063507.100,1892, 
P01,S1,6,up,Space,1791208063638.900,1892, 
P01,S1,6,down,KeyY,1791208064071.700,1893,y
P01,S1,6,up,KeyY,1791208064200.400,1893,y
P01,S1,6,down,KeyO,1791208064335.800,1894,o
P01,S1,6,up,KeyO,1791208064467.400,1894,o
P01,S1,6,down,KeyU,1791208064592.800,1895,u
P01,S1,6,up,KeyU,1791208064655.200,1895,u
P01,S1,6,down,Space,1791208064814.000,1896, 
P01,S1,6,up,Space,1791208064929.200,1896, 
P01,S1,6,down,ShiftLeft,1791208065142.900,1897,Shift
P01,S1,6,down,KeyH,1791208065415.000,1898,H
P01,S1,6,up,KeyH,1791208065528.900,1898,H
P01,S1,6,down,KeyA,1791208065989.100,1899,A
P01,S1,6,up,KeyA,1791208066108.900,1899,A
P01,S1,6,down,KeyV,1791208066148.300,1900,V
P01,S1,6,down,KeyE,1791208066254.500,1901,E
P01,S1,6,up,KeyE,1791208066376.500,1901,E
P01,S1,6,up,Space,1791208066504.200,1902, 
P01,S1,6,down,KeyT,1791208066700.200,1903,t
P01,S1,6,up,KeyO,1791208066897.200,1904,o
P01,S1,6,down,Space,1791208067058.900,1905, 
P01,S1,6,up,Space,1791208067126.900,1905, 
P01,S1,6,down,KeyH,1791208067296.000,1906,h
P01,S1,6,up,KeyH,1791208067363.500,1906,h
P01,S1,6,down,KeyA,1791208067461.100,1907,a
P01,S1,6,down,KeyV,1791208067558.600,1908,v
P01,S1,6,down,KeyE,1791208067753.500,1909,e
P01,S1,6,up,Space,1791208067910.100,1910, 
P01,S1,6,down,KeyY,1791208068132.200,1911,y
P01,S1,6,up,KeyY,1791208068186.200,1911,y
P01,S1,6,down,KeyO,1791208068354.900,1912,o
P01,S1,6,up,KeyO,1791208068469.800,1912,o
P01,S1,6,down,KeyU,1791208068586.200,1913,u
P01,S1,6,up,KeyR,1791208068725.200,1914,r
P01,S1,6,up,Space,1791208068899.200,1915, 
P01,S1,6,down,KeyV,1791208068987.800,1916,v
P01,S1,6,down,KeyI,1791208069108.300,1917,i
P01,S1,6,up,KeyI,1791208069234.400,1917,i
P01,S1,6,up,KeyI,1791208069419.500,1919,i
P01,S1,6,up,KeyO,1791208069583.200,1920,o
P01,S1,6,up,KeyN,1791208069763.300,1921,n
P01,S1,6,up,Space,1791208069970.400,1922, 
P01,S1,6,up,KeyB,1791208070169.200,1923,b
P01,S1,6,down,KeyO,1791208070324.200,1924,o
P01,S1,6,up,KeyO,1791208070371.400,1924,o
P01,S1,6,up,KeyU,1791208070544.800,1925,u
P01,S1,6,down,KeyN,1791208070678.100,1926,n
P01,S1,6,down,KeyC,1791208070757.000,1927,c
P01,S1,6,down,KeyI,1791208070937.800,1928,i
P01,S1,6,down,KeyN,1791208071086.100,1929,n
P01,S1,6,up,KeyN,1791208071179.200,1929,n
P01,S1,6,down,Space,1791208071329.700,1931, 
P01,S1,6,down,KeyA,1791208071538.700,1932,a
P01,S1,6,up,KeyA,1791208071641.300,1932,a
P01,S1,6,down,KeyT,1791208071840.400,1933,t
P01,S1,6,up,KeyT,1791208071907.200,1933,t
P01,S1,6,up,Space,1791208072011.500,1934, 
P01,S1,6,down,KeyL,1791208072236.500,1936,l
P01,S1,6,down,KeyL,1791208072396.000,1937,l
P01,S1,6,down,Space,1791208072579.200,1938, 
P01,S1,6,down,KeyT,1791208072798.900,1939,t
P01,S1,6,up,KeyI,1791208072984.700,1940,i
P01,S1,6,down,KeyE,1791208073204.300,1942,e
P01,S1,6,down,KeyS,1791208073335.300,1943,s
P01,S1,6,up,KeyS,1791208073478.800,1943,s
P01,S1,6,down,Period,1791208073863.500,1944,.
P01,S1,6,up,Period,1791208073991.500,1944,.
P01,S1,7,up,Enter,1791208074471.900,1945,Enter
P01,S1,7,down,KeyO,1791208120559.800,1946,o
P01,S1,7,up,KeyO,1791208120722.800,1946,o
P01,S1,7,down,KeyH,1791208120856.200,1947,h
P01,S1,7,up,KeyH,1791208120910.100,1947,h
P01,S1,7,down,Comma,1791208121263.100,1948,","
P01,S1,7,up,Comma,1791208121331.900,1948,","
P01,S1,7,down,Space,1791208121435.800,1949, 
P01,S1,7,up,Space,1791208121528.300,1949, 
P01,S1,7,down,KeyT,1791208122142.600,1950,t
P01,S1,7,up,KeyT,1791208122200.600,1950,t
P01,S1,7,up,KeyH,1791208122401.900,1951,h
P01,S1,7,down,KeyA,1791208122467.100,1952,a
P01,S1,7,up,KeyT,1791208122623.000,1953,t
P01,S1,7,down,Quote,1791208123149.500,1954,'
P01,S1,7,down,KeyS,1791208123282.200,1955,s
P01,S1,7,up,KeyS,1791208123353.700,1955,s
P01,S1,7,down,KeyA,1791208123514.100,1957,a
P01,S1,7,up,Space,1791208123699.500,1958, 
P01,S1,7,up,KeyV,1791208123914.100,1959,v
P01,S1,7,up,KeyE,1791208124064.200,1960,e
P01,S1,7,up,KeyY,1791208124241.700,1962,y
P01,S1,7,up,Space,1791208124535.200,1963, 
P01,S1,7,up,KeyE,1791208124708.600,1964,e
P01,S1,7,down,KeyA,1791208124819.400,1965,a
P01,S1,7,down,KeyS,1791208124989.100,1966,s
P01,S1,7,up,KeyS,1791208125119.000,1966,s
P01,S1,7,up,KeyY,1791208125225.000,1967,y
P01,S1,7,down,Space,1791208125416.000,1968, 
P01,S1,7,up,Space,1791208125467.400,1968, 
P01,S1,7,down,KeyO,1791208125640.900,1969,o
P01,S1,7,up,KeyO,1791208125694.600,1969,o
P01,S1,7,down,KeyN,1791208125829.500,1970,n
P01,S1,7,up,KeyN,1791208125925.200,1970,n
P01,S1,7,up,KeyE,1791208126036.700,1971,e
P01,S1,7,down,Space,1791208126237.200,1972, 
P01,S1,7,up,Space,1791208126365.700,1972, 
P01,S1,7,down,Minus,1791208126476.100,1973,-
P01,S1,7,up,Minus,1791208126599.500,1973,-
P01,S1,7,down,Space,1791208126665.500,1974, 
P01,S1,7,up,Space,1791208126767.500,1974, 
P01,S1,7,down,KeyI,1791208127065.700,1975,i
P01,S1,7,up,KeyI,1791208127123.500,1975,i
P01,S1,7,down,Space,1791208127284.400,1976, 
P01,S1,7,up,Space,1791208127402.600,1976, 
P01,S1,7,down,KeyH,1791208127607.000,1977,h
P01,S1,7,up,KeyH,1791208127722.400,1977,h
P01,S1,7,up,KeyA,1791208127790.900,1978,a
P01,S1,7,down,KeyT,1791208128077.800,1979,t
P01,S1,7,down,KeyE,1791208128205.700,1980,e
P01,S1,7,up,KeyE,1791208128281.300,1980,e
P01,S1,7,down,Space,1791208128492.300,1981, 
P01,S1,7,up,Space,1791208128554.600,1981, 
P01,S1,7,down,Equal,1791208128814.800,1982,=
P01,S1,7,up,Equal,1791208128934.600,1982,=
P01,S1,7,down,Comma,1791208129099.400,1983,","
P01,S1,7,up,Comma,1791208129157.400,1983,","
P01,S1,7,down,Space,1791208129267.400,1984, 
P01,S1,7,up,Space,1791208129366.700,1984, 
P01,S1,7,down,KeyN,1791208129497.000,1986,n
P01,S1,7,down,Space,1791208129704.300,1988, 
P01,S1,7,down,KeyA,1791208129890.000,1989,a
P01,S1,7,up,KeyH,1791208130086.900,1990,h
P01,S1,7,down,Backspace,1791208130429.100,1991,Backspace
P01,S1,7,up,Backspace,1791208130501.600,1991,Backspace
P01,S1,7,up,Backspace,1791208130678.900,1992,Backspace
P01,S1,7,down,Backspace,1791208130808.900,1993,Backspace
P01,S1,7,down,Backspace,1791208130911.700,1994,Backspace
P01,S1,7,down,Backspace,1791208131073.900,1995,Backspace
P01,S1,7,down,Backspace,1791208131203.700,1996,Backspace
P01,S1,7,down,Backspace,1791208131389.800,1997,Backspace
P01,S1,7,down,Backspace,1791208131536.600,1998,Backspace
P01,S1,7,down,Backspace,1791208131709.000,1999,Backspace
P01,S1,7,down,Backspace,1791208131886.600,2000,Backspace
P01,S1,7,up,Backspace,1791208131983.000,2000,Backspace
P01,S1,7,down,Comma,1791208132368.000,2001,","
P01,S1,7,up,Comma,1791208132493.900,2001,","
P01,S1,7,down,Space,1791208132543.400,2002, 
P01,S1,7,up,KeyA,1791208132749.300,2003,a
P01,S1,7,up,KeyN,1791208132880.100,2004,n
P01,S1,7,up,Space,1791208133050.400,2006, 
P01,S1,7,up,KeyH,1791208133405.700,2007,h
P01,S1,7,up,KeyA,1791208133518.200,2008,a
P01,S1,7,up,KeyV,1791208133637.600,2009,v
P01,S1,7,down,Space,1791208133796.400,2011, 
P01,S1,7,up,KeyA,1791208133993.500,2012,a
P01,S1,7,up,KeyL,1791208134201.000,2013,l
P01,S1,7,up,KeyA,1791208134435.900,2014,a
P01,S1,7,down,Backspace,1791208134665.900,2015,Backspace
P01,S1,7,down,KeyW,1791208134727.200,2016,w
P01,S1,7,up,KeyW,1791208134855.100,2016,w
P01,S1,7,up,KeyA,1791208135053.100,2017,a
P01,S1,7,up,KeyY,1791208135162.600,2018,y
P01,S1,7,up,KeyS,1791208135307.800,2019,s
P01,S1,7,up,Space,1791208135462.300,2020, 
P01,S1,7,down,KeyH,1791208136917.300,2021,h
P01,S1,7,down,KeyA,1791208137036.100,2022,a
P01,S1,7,up,KeyA,1791208137128.600,2022,a
P01,S1,7,up,KeyT,1791208137260.500,2023,t
P01,S1,7,up,KeyE,1791208137387.000,2024,e
P01,S1,7,up,KeyD,1791208137568.900,2025,d
P01,S1,7,up,Comma,1791208137717.400,2026,","
P01,S1,7,down,Space,1791208137968.100,2027, 
P01,S1,7,down,KeyT,1791208138102.600,2028,t
P01,S1,7,down,KeyH,1791208138231.500,2029,h
P01,S1,7,down,KeyE,1791208138335.200,2030,e
P01,S1,7,up,KeyE,1791208138462.900,2030,e
P01,S1,7,up,KeyR,1791208138609.900,2031,r
P01,S1,7,down,Backspace,1791208139001.100,2032,Backspace
P01,S1,7,up,Backspace,1791208139124.200,2032,Backspace
P01,S1,7,down,Space,1791208139235.000,2033, 
P01,S1,7,up,Space,1791208139364.600,2033, 
P01,S1,7,up,KeyW,1791208139466.800,2034,w
P01,S1,7,up,KeyO,1791208139591.400,2035,o
P01,S1,7,down,KeyD,1791208139774.000,2037,d
P01,S1,7,up,Space,1791208139968.700,2038, 
P01,S1,7,down,Quote,1791208140884.100,2039,'
P01,S1,7,up,Quote,1791208141017.000,2039,'
P01,S1,7,down,KeyD,1791208141316.600,2040,d
P01,S1,7,up,KeyD,1791208141449.600,2040,d
P01,S1,7,up,KeyI,1791208141564.800,2041,i
P01,S1,7,down,KeyP,1791208141961.600,2042,p
P01,S1,7,up,KeyP,1791208142088.100,2042,p
P01,S1,7,down,KeyL,1791208142221.100,2043,l
P01,S1,7,up,KeyL,1791208142294.100,2043,l
P01,S1,7,down,KeyO,1791208142677.300,2044,o
P01,S1,7,up,KeyO,1791208142818.700,2044,o
P01,S1,7,down,KeyM,1791208142934.500,2045,m
P01,S1,7,down,KeyA,1791208143069.600,2046,a
P01,S1,7,up,KeyA,1791208143159.400,2046,a
P01,S1,7,down,KeyC,1791208143452.900,2047,c
P01,S1,7,up,KeyC,1791208143589.800,2047,c
P01,S1,7,down,KeyY,1791208143730.200,2048,y
P01,S1,7,up,KeyY,1791208143799.300,2048,y
P01,S1,7,down,Quote,1791208144487.600,2049,'
P01,S1,7,up,Quote,1791208144611.600,2049,'
P01,S1,7,down,Space,1791208144656.200,2050, 
P01,S1,7,up,Space,1791208144792.400,2050, 
P01,S1,7,up,Minus,1791208145003.000,2051,-
P01,S1,7,down,Space,1791208145171.100,2052, 
P01,S1,7,up,Space,1791208145220.400,2052, 
P01,S1,7,down,KeyS,1791208146048.500,2053,s
P01,S1,7,up,KeyS,1791208146172.000,2053,s
P01,S1,7,up,KeyP,1791208146294.800,2054,p
P01,S1,7,down,KeyC,1791208146507.200,2056,c
P01,S1,7,down,KeyI,1791208146645.200,2057,i
P01,S1,7,down,KeyF,1791208146733.100,2058,f
P01,S1,7,down,KeyI,1791208146964.600,2059,i
P01,S1,7,down,KeyC,1791208147109.500,2060,c
P01,S1,7,up,KeyC,1791208147230.500,2060,c
P01,S1,7,down,KeyA,1791208147733.400,2061,a
P01,S1,7,up,KeyA,1791208147824.700,2061,a
P01,S1,7,down,KeyL,1791208147992.600,2063,l
P01,S1,7,up,KeyL,1791208148099.600,2063,l
P01,S1,7,down,KeyY,1791208148315.300,2064,y
P01,S1,7,up,KeyY,1791208148369.200,2064,y
P01,S1,7,down,Space,1791208148478.100,2065, 
P01,S1,7,up,KeyT,1791208148685.000,2066,t
P01,S1,7,up,KeyH,1791208148830.100,2067,h
P01,S1,7,down,KeyT,1791208149010.800,2069,t
P01,S1,7,up,Space,1791208149221.400,2070, 
P01,S1,7,down,KeyE,1791208149453.600,2072,e
P01,S1,7,down,KeyR,1791208149631.400,2073,r
P01,S1,7,up,KeyI,1791208149811.100,2074,i
P01,S1,7,down,Backspace,1791208150101.100,2075,Backspace
P01,S1,7,down,KeyS,1791208150159.000,2076,s
P01,S1,7,up,KeyS,1791208150269.600,2076,s
P01,S1,7,up,KeyI,1791208150481.800,2077,i
P01,S1,7,up,KeyO,1791208150661.600,2078,o
P01,S1,7,down,KeyN,1791208150774.600,2079,n
P01,S1,7,up,KeyN,1791208150876.600,2079,n
P01,S1,7,down,Comma,1791208151052.200,2080,","
P01,S1,7,up,Comma,1791208151109.100,2080,","
P01,S1,7,down,Space,1791208151298.800,2081, 
P01,S1,7,up,Space,1791208151362.800,2081, 
P01,S1,7,down,KeyN,1791208152207.800,2082,n
P01,S1,7,up,KeyN,1791208152277.600,2082,n
P01,S1,7,down,KeyO,1791208152455.700,2083,o
P01,S1,7,up,KeyT,1791208152610.700,2084,t
P01,S1,7,up,Space,1791208152737.100,2085, 
P01,S1,7,down,KeyA,1791208155173.800,2086,a
P01,S1,7,up,KeyA,1791208155323.500,2086,a
P01,S1,7,down,KeyY,1791208155448.200,2088,y
P01,S1,7,down,Space,1791208155610.200,2089, 
P01,S1,7,up,Space,1791208155712.800,2089, 
P01,S1,7,up,KeyT,1791208155924.600,2090,t
P01,S1,7,up,KeyH,1791208156219.100,2092,h
P01,S1,7,down,KeyR,1791208156345.800,2094,r
P01,S1,7,down,Backspace,1791208156587.600,2095,Backspace
P01,S1,7,up,Backspace,1791208156667.700,2095,Backspace
P01,S1,7,up,Backspace,1791208156831.800,2096,Backspace
P01,S1,7,up,Backspace,1791208156987.400,2097,Backspace
P01,S1,7,up,Backspace,1791208157111.100,2098,Backspace
P01,S1,7,up,Backspace,1791208157283.000,2099,Backspace
P01,S1,7,up,Backspace,1791208157434.500,2100,Backspace
P01,S1,7,down,Space,1791208157856.400,2101, 
P01,S1,7,down,KeyO,1791208158008.800,2102,o
P01,S1,7,up,KeyO,1791208158131.000,2102,o
P01,S1,7,down,KeyT,1791208158317.900,2103,t
P01,S1,7,down,KeyH,1791208158457.500,2104,h
P01,S1,7,up,KeyH,1791208158559.000,2104,h
P01,S1,7,down,KeyR,1791208158701.900,2106,r
P01,S1,7,up,Space,1791208158888.000,2107, 
P01,S1,7,up,KeyE,1791208159179.200,2108,e
P01,S1,7,up,KeyN,1791208159300.600,2109,n
P01,S1,7,down,KeyD,1791208159397.300,2110,d
P01,S1,7,up,KeyI,1791208159622.200,2111,i
P01,S1,7,down,KeyG,1791208159863.700,2113,g
P01,S1,7,up,Space,1791208160011.700,2114, 
P01,S1,7,up,KeyO,1791208160240.100,2116,o
P01,S1,7,up,Space,1791208160466.900,2117, 
P01,S1,7,up,KeyI,1791208160731.700,2118,i
P01,S1,7,up,KeyT,1791208160821.000,2119,t
P01,S1,7,up,Comma,1791208161072.100,2120,","
P01,S1,7,up,Space,1791208161261.200,2121, 
P01,S1,7,down,KeyJ,1791208161371.100,2122,j
P01,S1,7,up,KeyJ,1791208161469.200,2122,j
P01,S1,7,up,KeyU,1791208161673.200,2123,u
P01,S1,7,up,KeyS,1791208161754.200,2124,s
P01,S1,7,up,KeyT,1791208161944.200,2125,t
P01,S1,7,up,Space,1791208162174.800,2126, 
P01,S1,7,down,KeyT,1791208163197.300,2127,t
P01,S1,7,up,KeyT,1791208163337.400,2127,t
P01,S1,7,down,KeyH,1791208164297.500,2128,h
P01,S1,7,up,KeyH,1791208164432.400,2128,h
P01,S1,7,up,KeyA,1791208164576.200,2129,a
P01,S1,7,up,KeyT,1791208164699.900,2130,t
P01,S1,7,down,KeyS,1791208164954.300,2131,s
P01,S1,7,up,KeyS,1791208165082.000,2131,s
P01,S1,7,down,Backspace,1791208165317.700,2132,Backspace
P01,S1,7,up,Backspace,1791208165445.000,2132,Backspace
P01,S1,7,down,Space,1791208165584.300,2133, 
P01,S1,7,up,Space,1791208165670.600,2133, 
P01,S1,7,down,KeyS,1791208165761.700,2134,s
P01,S1,7,down,KeyP,1791208165891.000,2135,p
P01,S1,7,up,KeyE,1791208166101.200,2136,e
P01,S1,7,down,KeyI,1791208166363.600,2138,i
P01,S1,7,up,KeyF,1791208166604.200,2139,f
P01,S1,7,down,KeyC,1791208166750.500,2141,c
P01,S1,7,up,Space,1791208166966.400,2142, 
P01,S1,7,down,KeyE,1791208167459.900,2143,e
P01,S1,7,down,KeyO,1791208167593.300,2144,o
P01,S1,7,up,KeyO,1791208167658.900,2144,o
P01,S1,7,down,Backspace,1791208167947.300,2145,Backspace
P01,S1,7,up,Backspace,1791208168001.000,2145,Backspace
P01,S1,7,up,Backspace,1791208168213.800,2146,Backspace
P01,S1,7,down,KeyO,1791208168352.100,2148,o
P01,S1,7,up,KeyR,1791208168553.500,2149,r
P01,S1,7,up,KeyD,1791208168718.100,2150,d
P01,S1,7,down,Space,1791208169005.500,2151, 
P01,S1,7,down,Minus,1791208169129.800,2152,-
P01,S1,7,up,Space,1791208169329.300,2153, 
P01,S1,7,up,KeyI,1791208169524.200,2154,i
P01,S1,7,down,Space,1791208169710.900,2155, 
P01,S1,7,up,Space,1791208169828.200,2155, 
P01,S1,7,down,KeyF,1791208170164.900,2156,f
P01,S1,7,up,KeyF,1791208170290.100,2156,f
P01,S1,7,down,KeyN,1791208170482.000,2158,n
P01,S1,7,up,KeyN,1791208170587.000,2158,n
P01,S1,7,up,Space,1791208170747.300,2160, 
P01,S1,7,up,KeyT,1791208171044.700,2162,t
P01,S1,7,up,Space,1791208171222.100,2163, 
P01,S1,7,up,KeyR,1791208171515.300,2164,r
P01,S1,7,down,KeyE,1791208171630.100,2165,e
P01,S1,7,up,KeyE,1791208171731.000,2165,e
P01,S1,7,up,KeyP,1791208171879.100,2166,p
P01,S1,7,up,KeyL,1791208172047.300,2167,l
P01,S1,7,down,Backspace,1791208172617.100,2168,Backspace
P01,S1,7,up,Backspace,1791208172747.300,2168,Backspace
P01,S1,7,down,KeyU,1791208172896.500,2169,u
P01,S1,7,up,KeyU,1791208172946.900,2169,u
P01,S1,7,down,KeyL,1791208173160.100,2170,l
P01,S1,7,up,KeyL,1791208173295.700,2170,l
P01,S1,7,down,KeyS,1791208173862.200,2171,s
P01,S1,7,up,KeyS,1791208174000.100,2171,s
P01,S1,7,down,KeyV,1791208174145.000,2173,v
P01,S1,7,down,KeyE,1791208174390.500,2174,e
P01,S1,7,up,KeyE,1791208174469.400,2174,e
P01,S1,7,down,Period,1791208174704.300,2175,.
P01,S1,7,up,Period,1791208174756.300,2175,.
P01,S1,8,up,Enter,1791208175402.800,2176,Enter
P01,S1,8,down,KeyO,1791208211889.400,2177,o
P01,S1,8,down,KeyO,1791208212058.300,2178,o
P01,S1,8,down,KeyO,1791208212258.000,2179,o
P01,S1,8,up,KeyO,1791208212486.400,2180,o
P01,S1,8,up,KeyH,1791208212708.000,2181,h
P01,S1,8,down,Comma,1791208213246.800,2182,","
P01,S1,8,up,Comma,1791208213367.500,2182,","
P01,S1,8,down,Space,1791208213507.000,2183, 
P01,S1,8,up,Space,1791208213629.400,2183, 
P01,S1,8,down,KeyN,1791208213770.400,2185,n
P01,S1,8,up,KeyN,1791208213856.000,2185,n
P01,S1,8,up,KeyO,1791208214073.600,2186,o
P01,S1,8,down,KeyH,1791208214241.800,2188,h
P01,S1,8,down,KeyE,1791208214376.200,2189,e
P01,S1,8,down,KeyR,1791208214552.100,2190,r
P01,S1,8,up,Space,1791208214730.500,2191, 
P01,S1,8,down,KeyG,1791208215157.200,2192,g
P01,S1,8,up,KeyG,1791208215237.500,2192,g
P01,S1,8,up,KeyR,1791208215337.100,2193,r
P01,S1,8,up,KeyE,1791208215500.000,2194,e
P01,S1,8,down,KeyA,1791208215626.600,2195,a
P01,S1,8,up,KeyT,1791208215811.200,2196,t
P01,S1,8,up,Space,1791208216069.400,2197, 
P01,S1,8,down,KeyQ,1791208216548.600,2198,q
P01,S1,8,up,KeyQ,1791208216665.000,2198,q
P01,S1,8,down,KeyU,1791208216902.800,2199,u
P01,S1,8,down,KeyE,1791208217040.500,2200,e
P01,S1,8,up,KeyE,1791208217164.300,2200,e
P01,S1,8,down,KeyS,1791208217271.300,2201,s
P01,S1,8,up,KeyS,1791208217368.100,2201,s
P01,S1,8,down,KeyT,1791208217549.800,2202,t
P01,S1,8,down,KeyI,1791208217673.500,2203,i
P01,S1,8,up,KeyI,1791208217732.300,2203,i
P01,S1,8,up,KeyO,1791208217966.600,2204,o
P01,S1,8,up,KeyN,1791208218160.200,2205,n
P01,S1,8,down,Space,1791208218333.100,2206, 
P01,S1,8,up,Space,1791208218463.000,2206, 
P01,S1,8,up,Minus,1791208218616.100,2207,-
P01,S1,8,up,Space,1791208218687.500,2208, 
P01,S1,8,down,KeyI,1791208219158.700,2209,i
P01,S1,8,up,KeyI,1791208219226.900,2209,i
P01,S1,8,down,Quote,1791208219645.600,2210,'
P01,S1,8,up,Quote,1791208219701.400,2210,'
P01,S1,8,down,KeyD,1791208219945.200,2211,d
P01,S1,8,up,Space,1791208220084.100,2212, 
P01,S1,8,down,KeyP,1791208220305.200,2213,p
P01,S1,8,down,KeyR,1791208220369.400,2214,r
P01,S1,8,up,KeyO,1791208220576.700,2215,o
P01,S1,8,down,KeyB,1791208220804.400,2216,b
P01,S1,8,up,KeyB,1791208220892.400,2216,b
P01,S1,8,down,KeyA,1791208221102.100,2217,a
P01,S1,8,up,KeyA,1791208221229.900,2217,a
P01,S1,8,up,KeyB,1791208221292.600,2218,b
P01,S1,8,down,KeyL,1791208221469.500,2219,l
P01,S1,8,up,KeyL,1791208221563.800,2219,l
P01,S1,8,down,KeyY,1791208221891.700,2220,y
P01,S1,8,up,KeyY,1791208221964.600,2220,y
P01,S1,8,down,Space,1791208222153.100,2221, 
P01,S1,8,up,Space,1791208222208.600,2221, 
P01,S1,8,down,KeyG,1791208222343.900,2222,g
P01,S1,8,up,KeyO,1791208222538.900,2223,o
P01,S1,8,down,Space,1791208222681.700,2224, 
P01,S1,8,down,KeyW,1791208222818.300,2225,w
P01,S1,8,up,KeyI,1791208223003.500,2226,i
P01,S1,8,up,KeyH,1791208223229.100,2228,h
P01,S1,8,down,KeyA,1791208223411.700,2230,a
P01,S1,8,up,Space,1791208223635.900,2231, 
P01,S1,8,down,KeyS,1791208224773.600,2232,s
P01,S1,8,up,KeyS,1791208224932.800,2232,s
P01,S1,8,down,KeyC,1791208224992.000,2233,c
P01,S1,8,up,KeyC,1791208225124.200,2233,c
P01,S1,8,down,KeyA,1791208225328.400,2234,a
P01,S1,8,up,KeyA,1791208225385.300,2234,a
P01,S1,8,down,KeyR,1791208225652.500,2235,r
P01,S1,8,up,KeyR,1791208225805.600,2235,r
P01,S1,8,down,KeyL,1791208226227.400,2236,l
P01,S1,8,up,KeyL,1791208226366.800,2236,l
P01,S1,8,down,KeyE,1791208226438.400,2237,e
P01,S1,8,up,KeyE,1791208226537.400,2237,e
P01,S1,8,up,KeyY,1791208226674.200,2238,y
P01,S1,8,down,Backspace,1791208227137.500,2239,Backspace
P01,S1,8,up,Backspace,1791208227211.900,2239,Backspace
P01,S1,8,down,KeyT,1791208227325.100,2240,t
P01,S1,8,up,KeyT,1791208227436.800,2240,t
P01,S1,8,up,Space,1791208227566.800,2241, 
P01,S1,8,down,KeyS,1791208227721.000,2242,s
P01,S1,8,up,KeyU,1791208227921.300,2243,u
P01,S1,8,up,KeyN,1791208228111.900,2244,n
P01,S1,8,down,KeyE,1791208228272.600,2246,e
P01,S1,8,up,KeyT,1791208228540.500,2247,t
P01,S1,8,down,Space,1791208228818.700,2248, 
P01,S1,8,down,Minus,1791208228983.900,2249,-
P01,S1,8,up,Space,1791208229137.000,2250, 
P01,S1,8,up,KeyW,1791208229430.200,2251,w
P01,S1,8,up,KeyH,1791208229610.900,2252,h
P01,S1,8,down,KeyI,1791208229723.300,2253,i
P01,S1,8,down,KeyC,1791208229838.900,2254,c
P01,S1,8,up,KeyH,1791208230063.600,2255,h
P01,S1,8,up,Space,1791208230276.500,2256, 
P01,S1,8,down,KeyS,1791208230483.800,2258,s
P01,S1,8,up,KeyS,1791208230597.600,2258,s
P01,S1,8,down,KeyT,1791208230780.700,2260,t
P01,S1,8,down,KeyA,1791208231031.600,2262,a
P01,S1,8,up,KeyT,1791208231256.100,2263,t
P01,S1,8,down,KeyN,1791208231592.000,2264,n
P01,S1,8,up,KeyN,1791208231722.700,2264,n
P01,S1,8,down,Backspace,1791208232086.700,2265,Backspace
P01,S1,8,up,Backspace,1791208232154.400,2265,Backspace
P01,S1,8,down,Space,1791208232328.300,2266, 
P01,S1,8,down,KeyD,1791208232461.600,2267,d
P01,S1,8,up,KeyD,1791208232539.700,2267,d
P01,S1,8,down,KeyA,1791208232761.200,2268,a
P01,S1,8,up,KeyA,1791208232906.400,2268,a
P01,S1,8,down,KeyR,1791208233035.000,2269,r
P01,S1,8,up,KeyK,1791208233191.800,2270,k
P01,S1,8,up,Space,1791208233344.400,2271, 
P01,S1,8,down,KeyH,1791208233591.000,2273,h
P01,S1,8,up,KeyA,1791208233785.600,2274,a
P01,S1,8,up,KeyD,1791208234044.500,2275,d
P01,S1,8,up,KeyE,1791208234224.400,2276,e
P01,S1,8,down,Space,1791208234477.100,2277, 
P01,S1,8,up,Space,1791208234623.100,2277, 
P01,S1,8,down,KeyO,1791208234774.800,2278,o
P01,S1,8,up,KeyF,1791208234935.200,2279,f
P01,S1,8,up,Space,1791208235076.000,2280, 
P01,S1,8,down,KeyR,1791208257452.400,2281,r
P01,S1,8,up,KeyR,1791208257592.700,2281,r
P01,S1,8,down,KeyD,1791208257814.600,2282,d
P01,S1,8,up,KeyE,1791208257975.500,2283,e
P01,S1,8,down,Backspace,1791208258310.800,2284,Backspace
P01,S1,8,up,Backspace,1791208258394.000,2284,Backspace
P01,S1,8,up,Backspace,1791208258580.100,2285,Backspace
P01,S1,8,down,KeyD,1791208258723.800,2287,d
P01,S1,8,up,Space,1791208258908.900,2288, 
P01,S1,8,down,KeyF,1791208260709.400,2289,f
P01,S1,8,up,KeyF,1791208260862.100,2289,f
P01,S1,8,down,KeyR,1791208261019.300,2291,r
P01,S1,8,up,KeyR,1791208261156.600,2291,r
P01,S1,8,up,Space,1791208261346.900,2292, 
P01,S1,8,down,KeyL,1791208262151.000,2293,l
P01,S1,8,down,KeyA,1791208262299.800,2294,a
P01,S1,8,up,KeyA,1791208262379.900,2294,a
P01,S1,8,down,Backspace,1791208263038.300,2295,Backspace
P01,S1,8,up,Backspace,1791208263115.900,2295,Backspace
P01,S1,8,down,Backspace,1791208263305.400,2296,Backspace
P01,S1,8,up,Backspace,1791208263462.200,2296,Backspace
P01,S1,8,down,Backspace,1791208264633.300,2297,Backspace
P01,S1,8,up,Backspace,1791208264704.000,2297,Backspace
P01,S1,8,up,Backspace,1791208264887.500,2298,Backspace
P01,S1,8,up,Backspace,1791208265038.400,2299,Backspace
P01,S1,8,up,Backspace,1791208265221.400,2300,Backspace
P01,S1,8,down,KeyT,1791208265632.100,2301,t
P01,S1,8,down,KeyH,1791208265764.600,2302,h
P01,S1,8,up,KeyH,1791208265820.000,2302,h
P01,S1,8,up,KeyT,1791208266089.300,2304,t
P01,S1,8,up,Space,1791208266294.900,2305, 
P01,S1,8,up,KeyO,1791208266523.100,2306,o
P01,S1,8,up,KeyN,1791208266686.800,2307,n
P01,S1,8,up,KeyL,1791208266948.400,2309,l
P01,S1,8,down,Backspace,1791208267445.000,2310,Backspace
P01,S1,8,up,Backspace,1791208267511.300,2310,Backspace
P01,S1,8,down,KeyL,1791208267744.800,2312,l
P01,S1,8,up,KeyL,1791208267877.200,2312,l
P01,S1,8,up,Space,1791208268096.900,2314, 
P01,S1,8,down,KeyP,1791208268362.000,2316,p
P01,S1,8,down,KeyP,1791208268574.000,2317,p
P01,S1,8,up,KeyE,1791208268777.900,2318,e
P01,S1,8,up,KeyA,1791208269013.900,2319,a
P01,S1,8,up,KeyR,1791208269190.800,2320,r
P01,S1,8,up,KeyS,1791208269431.000,2321,s
P01,S1,8,down,Space,1791208269694.600,2322, 
P01,S1,8,up,Space,1791208269827.000,2322, 
P01,S1,8,up,KeyF,1791208269976.500,2323,f
P01,S1,8,up,KeyO,1791208270126.800,2324,o
P01,S1,8,down,Space,1791208270247.200,2326, 
P01,S1,8,down,Space,1791208270470.800,2328, 
P01,S1,8,up,KeyF,1791208270746.900,2329,f
P01,S1,8,up,KeyE,1791208271078.900,2330,e
P01,S1,8,up,KeyW,1791208271240.800,2331,w
P01,S1,8,up,Space,1791208271363.500,2332, 
P01,S1,8,up,KeyM,1791208271575.500,2333,m
P01,S1,8,up,KeyI,1791208271793.200,2334,i
P01,S1,8,up,KeyN,1791208271987.400,2335,n
P01,S1,8,up,KeyU,1791208272201.200,2336,u
P01,S1,8,up,KeyT,1791208272383.400,2337,t
P01,S1,8,up,KeyE,1791208272506.100,2338,e
P01,S1,8,down,Space,1791208272751.200,2340, 
P01,S1,8,up,Space,1791208272872.200,2340, 
P01,S1,8,down,KeyT,1791208273511.600,2341,t
P01,S1,8,up,KeyT,1791208273646.500,2341,t
P01,S1,8,down,KeyO,1791208274000.800,2342,o
P01,S1,8,up,KeyO,1791208274082.200,2342,o
P01,S1,8,up,KeyW,1791208274283.900,2343,w
P01,S1,8,down,KeyA,1791208274503.200,2344,a
P01,S1,8,up,KeyA,1791208274633.500,2344,a
P01,S1,8,down,KeyR,1791208274763.800,2345,r
P01,S1,8,up,KeyR,1791208274901.800,2345,r
P01,S1,8,up,KeyD,1791208275064.000,2346,d
P01,S1,8,up,KeyS,1791208275280.600,2347,s
P01,S1,8,up,Space,1791208275357.100,2348, 
P01,S1,8,down,KeyH,1791208275553.300,2350,h
P01,S1,8,down,Space,1791208275747.900,2352, 
P01,S1,8,down,KeyN,1791208275993.200,2354,n
P01,S1,8,up,KeyD,1791208276282.700,2355,d
P01,S1,8,down,KeyO,1791208276569.700,2357,o
P01,S1,8,up,KeyF,1791208276811.800,2358,f
P01,S1,8,down,Space,1791208277123.000,2361, 
P01,S1,8,down,KeyU,1791208277442.600,2363,u
P01,S1,8,down,KeyN,1791208277641.000,2364,n
P01,S1,8,up,KeyE,1791208277965.500,2365,e
P01,S1,8,down,Backspace,1791208278316.400,2366,Backspace
P01,S1,8,down,KeyS,1791208278398.300,2367,s
P01,S1,8,up,KeyS,1791208278530.000,2367,s
P01,S1,8,up,KeyE,1791208278704.600,2368,e
P01,S1,8,up,KeyT,1791208278844.100,2369,t
P01,S1,8,down,Period,1791208279318.900,2370,.
P01,S1,8,up,Period,1791208279395.300,2370,.
P01,S1,8,down,Enter,1791208279587.900,2371,Enter
P01,S1,9,up,Enter,1791208279683.300,2371,Enter
P01,S1,9,down,KeyI,1791208301637.600,2372,i
P01,S1,9,up,KeyI,1791208301727.500,2372,i
P01,S1,9,down,KeyT,1791208301973.600,2374,t
P01,S1,9,up,KeyH,1791208302206.600,2375,h
P01,S1,9,up,KeyI,1791208302386.200,2376,i
P01,S1,9,up,KeyN,1791208302598.200,2377,n
P01,S1,9,up,KeyK,1791208302770.200,2378,k
P01,S1,9,up,Space,1791208302917.200,2379, 
P01,S1,9,up,KeyI,1791208303150.700,2380,i
P01,S1,9,down,Quote,1791208303603.100,2381,'
P01,S1,9,up,Quote,1791208303658.100,2381,'
P01,S1,9,down,KeyD,1791208303947.600,2382,d
P01,S1,9,up,KeyD,1791208304010.100,2382,d
P01,S1,9,down,Space,1791208304472.300,2383, 
P01,S1,9,up,Space,1791208304543.200,2383, 
P01,S1,9,up,KeyL,1791208304687.100,2384,l
P01,S1,9,up,KeyO,1791208304952.000,2385,o
P01,S1,9,down,KeyE,1791208305167.900,2386,e
P01,S1,9,up,KeyE,1791208305308.800,2386,e
P01,S1,9,down,Backspace,1791208305490.600,2387,Backspace
P01,S1,9,down,KeyV,1791208305624.300,2388,v
P01,S1,9,up,KeyV,1791208305769.000,2388,v
P01,S1,9,down,Space,1791208305951.100,2389, 
P01,S1,9,up,Space,1791208306043.200,2389, 
P01,S1,9,down,Backspace,1791208306307.300,2390,Backspace
P01,S1,9,up,Backspace,1791208306371.400,2390,Backspace
P01,S1,9,up,KeyE,1791208306506.700,2391,e
P01,S1,9,down,KeyA,1791208306710.500,2393,a
P01,S1,9,up,Space,1791208306877.300,2394, 
P01,S1,9,down,Quote,1791208308059.500,2395,'
P01,S1,9,up,Quote,1791208308217.100,2395,'
P01,S1,9,down,KeyB,1791208308433.200,2396,b
P01,S1,9,up,KeyB,1791208308571.200,2396,b
P01,S1,9,down,KeyO,1791208308696.800,2397,o
P01,S1,9,up,KeyO,1791208308834.400,2397,o
P01,S1,9,up,KeyO,1791208308977.600,2398,o
P01,S1,9,up,KeyK,1791208309197.100,2399,k
P01,S1,9,down,Backspace,1791208309477.800,2400,Backspace
P01,S1,9,up,Backspace,1791208309544.400,2400,Backspace
P01,S1,9,up,Backspace,1791208309759.300,2401,Backspace
P01,S1,9,up,Backspace,1791208309881.700,2402,Backspace
P01,S1,9,down,KeyR,1791208310354.300,2403,r
P01,S1,9,up,KeyR,1791208310506.700,2403,r
P01,S1,9,down,KeyN,1791208310635.300,2405,n
P01,S1,9,down,KeyG,1791208310810.300,2406,g
P01,S1,9,up,Space,1791208311063.400,2407, 
P01,S1,9,down,KeyA,1791208311220.800,2408,a
P01,S1,9,up,Space,1791208311392.300,2409, 
P01,S1,9,up,KeyB,1791208311617.100,2410,b
P01,S1,9,up,KeyO,1791208311899.300,2411,o
P01,S1,9,up,KeyO,1791208312092.000,2412,o
P01,S1,9,up,KeyK,1791208312326.400,2413,k
P01,S1,9,down,Quote,1791208312716.800,2414,'
P01,S1,9,up,Quote,1791208312792.200,2414,'
P01,S1,9,down,Space,1791208313019.500,2415, 
P01,S1,9,up,Space,1791208313074.300,2415, 
P01,S1,9,down,KeyE,1791208313290.500,2416,e
P01,S1,9,up,KeyE,1791208313354.000,2416,e
P01,S1,9,down,KeyE,1791208313485.300,2418,e
P01,S1,9,up,KeyN,1791208313748.100,2419,n
P01,S1,9,up,KeyT,1791208313911.200,2420,t
P01,S1,9,down,Space,1791208314209.800,2421, 
P01,S1,9,down,Minus,1791208314286.700,2422,-
P01,S1,9,up,Space,1791208314488.000,2423, 
P01,S1,9,down,KeyE,1791208315005.900,2424,e
P01,S1,9,up,KeyE,1791208315060.200,2424,e
P01,S1,9,down,KeyV,1791208315204.100,2426,v
P01,S1,9,down,KeyR,1791208315418.900,2427,r
P01,S1,9,up,KeyR,1791208315538.400,2427,r
P01,S1,9,up,KeyY,1791208315718.100,2428,y
P01,S1,9,down,Backspace,1791208315941.200,2429,Backspace
P01,S1,9,up,Backspace,1791208315997.400,2429,Backspace
P01,S1,9,up,Backspace,1791208316130.500,2430,Backspace
P01,S1,9,up,Backspace,1791208316327.000,2431,Backspace
P01,S1,9,up,Backspace,1791208316455.400,2432,Backspace
P01,S1,9,up,KeyE,1791208316692.300,2434,e
P01,S1,9,down,KeyR,1791208317153.500,2435,r
P01,S1,9,down,KeyY,1791208317298.200,2436,y
P01,S1,9,down,KeyO,1791208317495.800,2437,o
P01,S1,9,up,KeyO,1791208317563.900,2437,o
P01,S1,9,up,KeyN,1791208317740.700,2438,n
P01,S1,9,down,KeyE,1791208317858.000,2439,e
P01,S1,9,up,Space,1791208318033.400,2440, 
P01,S1,9,up,KeyI,1791208318233.500,2441,i
P01,S1,9,up,KeyN,1791208318473.700,2442,n
P01,S1,9,up,Space,1791208318618.800,2443, 
P01,S1,9,up,KeyT,1791208318849.200,2444,t
P01,S1,9,up,KeyO,1791208319109.900,2445,o
P01,S1,9,up,KeyW,1791208319313.100,2446,w
P01,S1,9,up,KeyN,1791208319469.200,2447,n
P01,S1,9,up,Space,1791208319676.100,2448, 
P01,S1,9,down,KeyB,1791208319933.600,2449,b
P01,S1,9,down,KeyR,1791208320076.900,2450,r
P01,S1,9,up,KeyI,1791208320304.300,2451,i
P01,S1,9,up,KeyN,1791208320510.800,2452,n
P01,S1,9,down,KeyS,1791208320658.000,2454,s
P01,S1,9,up,Space,1791208320897.100,2455, 
P01,S1,9,up,KeyA,1791208321063.800,2456,a
P01,S1,9,up,Backspace,1791208321353.300,2457,Backspace
P01,S1,9,up,KeyO,1791208321558.200,2458,o
P01,S1,9,down,KeyN,1791208321683.500,2459,n
P01,S1,9,up,KeyE,1791208321812.200,2460,e
P01,S1,9,up,Space,1791208321982.300,2461, 
P01,S1,9,up,KeyB,1791208322292.800,2462,b
P01,S1,9,down,KeyO,1791208322428.000,2463,o
P01,S1,9,down,KeyO,1791208322614.600,2464,o
P01,S1,9,up,KeyO,1791208322709.500,2464,o
P01,S1,9,down,Space,1791208322969.900,2465, 
P01,S1,9,up,Space,1791208323028.700,2465, 
P01,S1,9,down,Backspace,1791208323293.900,2466,Backspace
P01,S1,9,up,Backspace,1791208323365.800,2466,Backspace
P01,S1,9,up,KeyL,1791208323579.400,2467,l
P01,S1,9,down,Backspace,1791208323995.600,2468,Backspace
P01,S1,9,up,Backspace,1791208324139.800,2468,Backspace
P01,S1,9,down,KeyK,1791208324295.800,2469,k
P01,S1,9,up,KeyK,1791208324355.300,2469,k
P01,S1,9,down,Space,1791208324474.000,2470, 
P01,S1,9,down,KeyT,1791208324608.000,2471,t
P01,S1,9,up,KeyO,1791208324802.400,2472,o
P01,S1,9,up,Space,1791208325069.000,2473, 
P01,S1,9,up,KeyT,1791208325204.100,2474,t
P01,S1,9,up,KeyE,1791208325472.500,2476,e
P01,S1,9,down,KeyT,1791208325715.300,2478,t
P01,S1,9,up,KeyO,1791208325960.200,2479,o
P01,S1,9,down,KeyN,1791208326168.300,2481,n
P01,S1,9,up,Space,1791208326410.100,2482, 
P01,S1,9,down,KeyC,1791208326777.400,2483,c
P01,S1,9,down,KeyE,1791208326915.700,2484,e
P01,S1,9,up,KeyN,1791208327124.600,2485,n
P01,S1,9,up,KeyR,1791208327465.100,2487,r
P01,S1,9,up,Comma,1791208327738.800,2489,","
P01,S1,9,up,KeyA,1791208328047.300,2491,a
P01,S1,9,up,KeyD,1791208328305.300,2493,d
P01,S1,9,up,Space,1791208328609.900,2494, 
P01,S1,9,down,KeyE,1791208329188.500,2495,e
P01,S1,9,up,KeyE,1791208329349.900,2495,e
P01,S1,9,down,KeyE,1791208329413.700,2497,e
P01,S1,9,down,KeyR,1791208329620.700,2498,r
P01,S1,9,up,KeyY,1791208329803.500,2499,y
P01,S1,9,down,KeyN,1791208330095.200,2501,n
P01,S1,9,up,KeyE,1791208330324.200,2502,e
P01,S1,9,down,KeyL,1791208330586.300,2504,l
P01,S1,9,up,KeyA,1791208330800.100,2505,a
P01,S1,9,down,KeyY,1791208331021.900,2506,y
P01,S1,9,up,KeyE,1791208331221.200,2507,e
P01,S1,9,up,KeyS,1791208331424.700,2508,s
P01,S1,9,down,KeyH,1791208331668.700,2511,h
P01,S1,9,up,KeyE,1791208331893.500,2512,e
P01,S1,9,up,Backspace,1791208332272.800,2514,Backspace
P01,S1,9,up,Backspace,1791208332577.800,2516,Backspace
P01,S1,9,down,KeyS,1791208332892.300,2519,s
P01,S1,9,up,Space,1791208333212.100,2520, 
P01,S1,9,up,KeyT,1791208333570.700,2521,t
P01,S1,9,down,KeyE,1791208333698.400,2523,e
P01,S1,9,up,KeyI,1791208333933.900,2524,i
P01,S1,9,up,Space,1791208334171.700,2526, 
P01,S1,9,down,KeyO,1791208334509.500,2528,o
P01,S1,9,up,KeyO,1791208334742.800,2529,o
P01,S1,9,up,KeyK,1791208334943.500,2530,k
P01,S1,9,up,Space,1791208335152.500,2532, 
P01,S1,9,down,KeyD,1791208335393.300,2533,d
P01,S1,9,down,KeyO,1791208335605.100,2534,o
P01,S1,9,up,KeyW,1791208335755.100,2535,w
P01,S1,9,down,Space,1791208335968.100,2537, 
P01,S1,9,down,KeyI,1791208336269.600,2538,i
P01,S1,9,down,KeyN,1791208336452.900,2539,n
P01,S1,9,down,Space,1791208336644.300,2540, 
P01,S1,9,up,KeyF,1791208336830.200,2541,f
P01,S1,9,up,KeyO,1791208337037.600,2543,o
P01,S1,9,down,Space,1791208337336.300,2545, 
P01,S1,9,down,Backspace,1791208337690.200,2546,Backspace
P01,S1,9,down,Space,1791208337951.700,2548, 
P01,S1,9,up,KeyO,1791208338266.500,2549,o
P01,S1,9,down,Space,1791208338498.000,2551, 
P01,S1,9,up,KeyT,1791208338814.400,2552,t
P01,S1,9,down,KeyM,1791208339055.400,2555,m
P01,S1,9,down,Space,1791208339339.800,2556, 
P01,S1,9,down,Minus,1791208339619.700,2557,-
P01,S1,9,up,Space,1791208339803.400,2558, 
P01,S1,9,down,KeyE,1791208340083.500,2559,e
P01,S1,9,up,KeyE,1791208340153.700,2559,e
P01,S1,9,up,KeyI,1791208340302.400,2560,i
P01,S1,9,down,KeyH,1791208340477.400,2562,h
P01,S1,9,up,KeyE,1791208340652.100,2563,e
P01,S1,9,up,Comma,1791208340992.400,2565,","
P01,S1,9,up,Space,1791208341270.100,2566, 
P01,S1,9,down,KeyY,1791208342408.300,2567,y
P01,S1,9,up,KeyY,1791208342482.100,2567,y
P01,S1,9,down,KeyO,1791208342669.600,2568,o
P01,S1,9,up,KeyO,1791208342721.700,2568,o
P01,S1,9,up,KeyU,1791208342941.500,2569,u
P01,S1,9,up,Space,1791208343150.800,2570, 
P01,S1,9,up,KeyM,1791208343298.500,2571,m
P01,S1,9,up,KeyV,1791208343610.000,2573,v
P01,S1,9,down,Space,1791208343799.300,2575, 
P01,S1,9,up,KeyA,1791208344082.200,2576,a
P01,S1,9,up,KeyO,1791208344355.500,2578,o
P01,S1,9,down,KeyN,1791208344726.500,2580,n
P01,S1,9,up,KeyD,1791208344943.200,2581,d
P01,S1,9,down,Comma,1791208345808.900,2582,","
P01,S1,9,up,Comma,1791208345885.700,2582,","
P01,S1,9,up,Space,1791208346096.300,2583, 
P01,S1,9,up,KeyT,1791208346256.300,2584,t
P01,S1,9,down,KeyY,1791208346428.500,2586,y
P01,S1,9,down,KeyI,1791208346640.800,2587,i
P01,S1,9,up,KeyN,1791208346876.900,2588,n
P01,S1,9,up,Space,1791208347085.800,2589, 
P01,S1,9,up,Backspace,1791208347414.500,2590,Backspace
P01,S1,9,down,KeyF,1791208347552.300,2591,f
P01,S1,9,up,KeyF,1791208347672.000,2591,f
P01,S1,9,down,Backspace,1791208347896.400,2592,Backspace
P01,S1,9,up,KeyG,1791208348064.700,2593,g
P01,S1,9,up,Space,1791208348222.100,2594, 
P01,S1,9,up,KeyO,1791208348488.600,2596,o
P01,S1,9,up,Space,1791208348927.000,2597, 
P01,S1,9,down,KeyG,1791208349156.300,2598,g
P01,S1,9,down,KeyE,1791208349266.200,2599,e
P01,S1,9,up,KeyT,1791208349498.200,2600,t
P01,S1,9,down,KeyA,1791208349763.000,2602,a
P01,S1,9,up,Space,1791208349953.300,2603, 
P01,S1,9,down,KeyD,1791208351158.900,2604,d
P01,S1,9,down,KeyI,1791208351262.800,2605,i
P01,S1,9,up,KeyI,1791208351373.300,2605,i
P01,S1,9,down,KeyF,1791208351591.800,2607,f
P01,S1,9,up,KeyE,1791208351865.700,2608,e
P01,S1,9,up,KeyE,1791208352235.400,2610,e
P01,S1,9,up,KeyT,1791208352782.000,2612,t
P01,S1,9,up,Space,1791208353364.000,2613, 
P01,S1,9,down,KeyO,1791208353629.200,2615,o
P01,S1,9,up,KeyO,1791208353814.400,2616,o
P01,S1,9,up,KeyK,1791208354239.000,2617,k
P01,S1,9,up,Comma,1791208354609.800,2618,","
P01,S1,9,up,Space,1791208354894.500,2619, 
P01,S1,9,down,KeyO,1791208355072.100,2620,o
P01,S1,9,up,KeyR,1791208355345.200,2621,r
P01,S1,9,up,KeyY,1791208355651.600,2623,y
P01,S1,9,up,KeyO,1791208355857.100,2624,o
P01,S1,9,up,KeyU,1791208356088.000,2625,u
P01,S1,9,down,Space,1791208356432.400,2626, 
P01,S1,9,up,Space,1791208356516.900,2626, 
P01,S1,9,down,KeyS,1791208356714.900,2627,s
P01,S1,9,up,KeyS,1791208356809.600,2627,s
P01,S1,9,down,KeyA,1791208356971.100,2629,a
P01,S1,9,up,KeyY,1791208357209.700,2630,y
P01,S1,9,up,Space,1791208357475.400,2631, 
P01,S1,9,up,KeyB,1791208357662.400,2632,b
P01,S1,9,up,KeyY,1791208357875.500,2633,y
P01,S1,9,up,Space,1791208358153.300,2634, 
P01,S1,9,up,KeyY,1791208358301.200,2635,y
P01,S1,9,down,KeyO,1791208358580.600,2636,o
P01,S1,9,up,KeyO,1791208358650.500,2637,o
P01,S1,9,up,KeyU,1791208358881.200,2638,u
P01,S1,9,down,Space,1791208359014.100,2640, 
P01,S1,9,up,KeyB,1791208359281.700,2641,b
P01,S1,9,down,Backspace,1791208359635.600,2642,Backspace
P01,S1,9,down,Backspace,1791208359794.800,2643,Backspace
P01,S1,9,down,Backspace,1791208359948.300,2644,Backspace
P01,S1,9,down,Backspace,1791208360089.600,2645,Backspace
P01,S1,9,up,Backspace,1791208360284.400,2646,Backspace
P01,S1,9,up,KeyR,1791208360647.500,2648,r
P01,S1,9,up,Space,1791208360934.700,2649, 
P01,S1,9,up,KeyB,1791208361191.600,2650,b
P01,S1,9,up,KeyO,1791208361416.500,2651,o
P01,S1,9,up,KeyO,1791208361550.300,2652,o
P01,S1,9,up,KeyK,1791208361758.300,2653,k
P01,S1,9,up,Space,1791208361954.600,2654, 
P01,S1,9,down,ShiftRight,1791208362174.600,2655,Shift
P01,S1,9,down,Digit9,1791208362343.600,2656,(
P01,S1,9,up,ShiftRight,1791208362491.600,2655,Shift
P01,S1,9,down,KeyT,1791208362774.600,2657,t
P01,S1,9,up,KeyH,1791208362931.300,2658,h
P01,S1,9,down,KeyA,1791208363050.900,2659,a
P01,S1,9,up,KeyT,1791208363234.200,2660,t
P01,S1,9,up,Space,1791208363572.900,2661, 
P01,S1,9,down,KeyE,1791208364420.700,2662,e
P01,S1,9,down,KeyN,1791208364511.700,2663,n
P01,S1,9,up,KeyN,1791208364633.400,2663,n
P01,S1,9,down,KeyD,1791208365427.700,2664,d
P01,S1,9,up,KeyD,1791208365585.500,2664,d
P01,S1,9,up,KeyE,1791208365741.400,2665,e
P01,S1,9,down,KeyD,1791208365818.400,2666,d
P01,S1,9,up,Space,1791208365997.300,2667, 
P01,S1,9,down,Backspace,1791208368756.800,2668,Backspace
P01,S1,9,up,Backspace,1791208368839.000,2668,Backspace
P01,S1,9,down,Backspace,1791208368951.600,2669,Backspace
P01,S1,9,down,Backspace,1791208369095.500,2670,Backspace
P01,S1,9,up,Backspace,1791208369324.800,2671,Backspace
P01,S1,9,up,Backspace,1791208369507.400,2672,Backspace
P01,S1,9,down,Backspace,1791208370074.100,2673,Backspace
P01,S1,9,up,Backspace,1791208370264.300,2673,Backspace
P01,S1,9,down,KeyY,1791208370439.300,2674,y
P01,S1,9,up,KeyY,1791208370533.000,2674,y
P01,S1,9,down,KeyO,1791208370671.700,2675,o
P01,S1,9,down,KeyU,1791208370894.000,2676,u
P01,S1,9,down,Space,1791208371057.700,2677, 
P01,S1,9,down,KeyK,1791208371256.400,2678,k
P01,S1,9,down,KeyN,1791208371462.800,2679,n
P01,S1,9,down,KeyO,1791208371636.200,2680,o
P01,S1,9,down,Space,1791208371849.400,2682, 
P01,S1,9,down,KeyI,1791208372086.600,2683,i
P01,S1,9,up,Space,1791208372363.400,2685, 
P01,S1,9,down,KeyV,1791208372704.500,2686,v
P01,S1,9,up,KeyA,1791208372876.200,2687,a
P01,S1,9,up,KeyL,1791208373190.400,2688,l
P01,S1,9,down,KeyA,1791208373425.700,2690,a
P01,S1,9,up,KeyB,1791208373574.200,2691,b
P01,S1,9,up,KeyE,1791208373949.600,2693,e
P01,S1,9,down,ShiftRight,1791208374350.400,2694,Shift
P01,S1,9,down,Digit0,1791208374534.600,2695,)
P01,S1,9,up,ShiftRight,1791208374613.100,2694,Shift
P01,S1,9,down,Space,1791208374852.600,2696, 
P01,S1,9,up,Space,1791208374964.100,2696, 
P01,S1,9,up,KeyN,1791208375168.200,2698,n
P01,S1,9,up,Space,1791208375444.000,2700, 
P01,S1,9,down,KeyY,1791208376750.200,2701,y
P01,S1,9,up,KeyY,1791208376844.600,2701,y
P01,S1,9,down,KeyO,1791208377036.200,2702,o
P01,S1,9,up,KeyO,1791208377106.000,2702,o
P01,S1,9,up,KeyU,1791208377339.900,2703,u
P01,S1,9,down,Space,1791208377532.400,2704, 
P01,S1,9,up,Space,1791208377615.500,2704, 
P01,S1,9,down,KeyW,1791208377829.600,2705,w
P01,S1,9,up,KeyW,1791208377978.600,2705,w
P01,S1,9,up,KeyA,1791208378140.700,2706,a
P01,S1,9,down,KeyI,1791208378221.000,2707,i
P01,S1,9,down,Space,1791208378429.300,2709, 
P01,S1,9,down,KeyO,1791208378749.500,2711,o
P01,S1,9,down,Space,1791208378996.400,2713, 
P01,S1,9,up,Space,1791208379358.200,2715, 
P01,S1,9,down,KeyT,1791208379862.000,2716,t
P01,S1,9,up,KeyT,1791208379930.000,2716,t
P01,S1,9,down,KeyA,1791208380109.300,2718,a
P01,S1,9,up,KeyA,1791208380246.700,2718,a
P01,S1,9,up,KeyD,1791208380430.100,2719,d
P01,S1,9,up,Space,1791208380647.000,2721, 
P01,S1,9,up,KeyO,1791208381031.700,2723,o
P01,S1,9,up,Space,1791208381272.000,2724, 
P01,S1,9,up,KeyO,1791208381491.500,2725,o
P01,S1,9,up,KeyC,1791208381708.100,2726,c
P01,S1,9,up,KeyC,1791208381889.100,2727,c
P01,S1,9,up,KeyU,1791208382070.900,2728,u
P01,S1,9,up,KeyR,1791208382248.000,2729,r
P01,S1,9,down,Period,1791208382547.000,2730,.
P01,S1,9,up,Period,1791208382618.200,2730,.
P01,S1,9,down,Space,1791208382873.500,2731, 
P01,S1,9,down,ShiftLeft,1791208383046.300,2732,Shift
P01,S1,9,down,KeyA,1791208383303.600,2733,A
P01,S1,9,up,ShiftLeft,1791208383450.200,2732,Shift
P01,S1,9,up,KeyL,1791208383615.800,2734,l
P01,S1,9,down,KeyS,1791208383854.800,2736,s
P01,S1,9,up,KeyS,1791208383942.200,2736,s
P01,S1,9,down,Backspace,1791208384224.100,2737,Backspace
P01,S1,9,up,Backspace,1791208384299.700,2737,Backspace
P01,S1,9,down,KeyS,1791208384448.600,2739,s
P01,S1,9,up,KeyS,1791208384626.200,2739,s
P01,S1,9,down,Space,1791208384814.000,2741, 
P01,S1,9,down,Minus,1791208385056.000,2742,-
P01,S1,9,up,Space,1791208385251.100,2743, 
P01,S1,9,down,KeyQ,1791208385590.500,2744,q
P01,S1,9,up,KeyU,1791208385749.800,2745,u
P01,S1,9,up,KeyI,1791208386027.000,2746,i
P01,S1,9,up,KeyC,1791208386114.300,2747,c
P01,S1,9,up,KeyK,1791208386351.000,2748,k
P01,S1,9,down,Space,1791208386586.100,2749, 
P01,S1,9,up,Space,1791208386652.800,2749, 
P01,S1,9,down,KeyS,1791208386886.100,2750,s
P01,S1,9,down,KeyI,1791208386973.600,2751,i
P01,S1,9,up,KeyI,1791208387098.000,2751,i
P01,S1,9,down,KeyE,1791208387291.100,2753,e
P01,S1,9,up,KeyN,1791208387513.600,2754,n
P01,S1,9,up,KeyT,1791208387775.500,2756,t
P01,S1,9,down,KeyE,1791208388224.900,2757,e
P01,S1,9,up,KeyE,1791208388389.800,2757,e
P01,S1,9,down,Comma,1791208388657.400,2758,","
P01,S1,9,up,Comma,1791208388812.600,2758,","
P01,S1,9,down,Space,1791208388889.300,2759, 
P01,S1,9,up,KeyA,1791208389109.200,2760,a
P01,S1,9,down,Backspace,1791208389434.100,2761,Backspace
P01,S1,9,up,Backspace,1791208389593.900,2761,Backspace
P01,S1,9,down,KeyH,1791208389856.500,2762,h
P01,S1,9,up,KeyH,1791208390014.900,2762,h
P01,S1,9,down,KeyO,1791208390157.100,2763,o
P01,S1,9,up,KeyW,1791208390343.900,2764,w
P01,S1,9,up,Space,1791208390508.500,2765, 
P01,S1,9,up,KeyM,1791208390737.300,2766,m
P01,S1,9,up,KeyN,1791208390929.800,2768,n
P01,S1,9,up,KeyY,1791208391213.000,2769,y
P01,S1,9,down,Space,1791208391440.600,2770, 
P01,S1,9,up,Space,1791208391562.700,2770, 
P01,S1,9,down,KeyL,1791208392189.600,2771,l
P01,S1,9,up,KeyL,1791208392341.900,2771,l
P01,S1,9,down,KeyE,1791208392510.800,2772,e
P01,S1,9,up,KeyE,1791208392653.300,2772,e
P01,S1,9,down,KeyT,1791208392709.800,2773,t
P01,S1,9,down,KeyT,1791208392855.600,2774,t
P01,S1,9,up,KeyE,1791208393079.700,2775,e
P01,S1,9,up,KeyR,1791208393272.400,2776,r
P01,S1,9,down,Backspace,1791208393492.100,2777,Backspace
P01,S1,9,down,Backspace,1791208393708.100,2778,Backspace
P01,S1,9,down,Backspace,1791208393850.600,2779,Backspace
P01,S1,9,down,Backspace,1791208393975.200,2780,Backspace
P01,S1,9,down,Backspace,1791208394209.200,2781,Backspace
P01,S1,9,up,Backspace,1791208394428.400,2782,Backspace
P01,S1,9,down,KeyK,1791208395323.200,2783,k
P01,S1,9,up,KeyK,1791208395479.600,2783,k
P01,S1,9,down,KeyE,1791208395534.400,2784,e
P01,S1,9,down,KeyY,1791208395758.600,2785,y
P01,S1,9,up,KeyS,1791208395983.700,2786,s
P01,S1,9,down,KeyR,1791208396141.800,2788,r
P01,S1,9,up,KeyO,1791208396414.200,2789,o
P01,S1,9,down,KeyE,1791208396675.000,2791,e
P01,S1,9,down,KeyS,1791208396849.200,2792,s
P01,S1,9,up,Space,1791208397072.100,2793, 
P01,S1,9,down,KeyD,1791208397485.800,2794,d
P01,S1,9,down,KeyO,1791208397564.400,2795,o
P01,S1,9,up,KeyO,1791208397683.100,2795,o
P01,S1,9,up,Space,1791208397869.100,2796, 
P01,S1,9,up,KeyY,1791208398140.400,2797,y
P01,S1,9,up,KeyO,1791208398360.400,2798,o
P01,S1,9,up,KeyU,1791208398503.600,2799,u
P01,S1,9,up,Space,1791208398727.700,2800, 
P01,S1,9,up,KeyI,1791208399085.700,2803,i
P01,S1,9,up,KeyK,1791208399517.900,2805,k
P01,S1,9,up,KeyI,1791208399855.600,2807,i
P01,S1,9,down,Quote,1791208400314.900,2808,'
P01,S1,9,up,Quote,1791208400393.000,2808,'
P01,S1,9,down,KeyM,1791208400616.100,2809,m
P01,S1,9,down,Space,1791208400772.100,2810, 
P01,S1,9,up,KeyA,1791208401014.100,2811,a
P01,S1,9,down,KeyT,1791208401196.200,2812,t
P01,S1,9,up,Space,1791208401358.000,2813, 
P01,S1,9,up,KeyH,1791208401586.600,2815,h
P01,S1,9,up,Backspace,1791208401867.500,2816,Backspace
P01,S1,9,down,KeyI,1791208402103.400,2818,i
P01,S1,9,down,KeyN,1791208402324.300,2819,n
P01,S1,9,up,Space,1791208402541.900,2821, 
P01,S1,9,up,KeyT,1791208403078.900,2822,t
P01,S1,9,up,KeyI,1791208403319.200,2824,i
P01,S1,9,up,Space,1791208403558.700,2826, 
P01,S1,9,down,KeyO,1791208403979.400,2828,o
P01,S1,9,up,KeyO,1791208404073.000,2828,o
P01,S1,9,down,KeyV,1791208404268.500,2830,v
P01,S1,9,down,KeyE,1791208404469.600,2831,e
P01,S1,9,up,KeyR,1791208404771.400,2832,r
P01,S1,9,down,KeyS,1791208405142.100,2833,s
P01,S1,9,up,KeyS,1791208405202.200,2833,s
P01,S1,9,up,KeyA,1791208405451.200,2834,a
P01,S1,9,down,KeyT,1791208405601.500,2835,t
P01,S1,9,up,KeyI,1791208405836.500,2836,i
P01,S1,9,up,KeyO,1791208406016.700,2837,o
P01,S1,9,up,KeyN,1791208406246.100,2838,n
P01,S1,9,down,Period,1791208406646.400,2839,.
P01,S1,9,up,Period,1791208406740.200,2839,.
P01,S1,9,down,Backslash,1791208406962.800,2840,#
P01,S1,9,up,Backslash,1791208407025.800,2840,#
P01,S1,9,down,Backspace,1791208407456.100,2841,Backspace
P01,S1,9,up,Backspace,1791208407523.900,2841,Backspace
P01,S1,9,down,Enter,1791208407901.200,2842,Enter
P01,S1,10,up,Enter,1791208408024.400,2842,Enter