participant_id,session_id,sample_id,event,key_code,timestamp_ms,press_id,key
P02,S2,1,down,KeyW,1791378546138.500,72,w
P02,S2,1,up,KeyW,1791378546231.300,72,w
P02,S2,1,down,KeyE,1791378546338.700,73,e
P02,S2,1,up,KeyE,1791378546432.700,73,e
P02,S2,1,down,KeyL,1791378546566.500,74,l
P02,S2,1,up,KeyL,1791378546613.600,74,l
P02,S2,1,down,KeyL,1791378546706.200,75,l
P02,S2,1,up,KeyL,1791378546768.500,75,l
P02,S2,1,down,Space,1791378546812.000,76, 
P02,S2,1,up,Space,1791378546889.100,76, 
P02,S2,1,down,KeyI,1791378546993.300,77,i
P02,S2,1,up,KeyI,1791378547089.800,77,i
P02,S2,1,down,KeyN,1791378547191.300,78,n
P02,S2,1,down,Space,1791378547275.300,79, 
P02,S2,1,up,KeyN,1791378547295.600,78,n
P02,S2,1,up,Space,1791378547351.900,79, 
P02,S2,1,down,KeyT,1791378547391.200,80,t
P02,S2,1,up,KeyT,1791378547472.400,80,t
P02,S2,1,down,KeyH,1791378547529.200,81,h
P02,S2,1,up,KeyH,1791378547605.300,81,h
P02,S2,1,down,KeyA,1791378547617.800,82,a
P02,S2,1,up,KeyA,1791378547683.500,82,a
P02,S2,1,down,KeyT,1791378547734.300,83,t
P02,S2,1,up,KeyT,1791378547840.100,83,t
P02,S2,1,down,Space,1791378547864.200,84, 
P02,S2,1,up,Space,1791378547965.900,84, 
P02,S2,1,down,KeyC,1791378548014.700,85,c
P02,S2,1,up,KeyC,1791378548114.000,85,c
P02,S2,1,down,KeyA,1791378548153.600,86,a
P02,S2,1,up,KeyA,1791378548252.500,86,a
P02,S2,1,down,KeyS,1791378548374.100,87,s
P02,S2,1,down,KeyE,1791378548453.000,88,e
P02,S2,1,up,KeyS,1791378548518.800,87,s
P02,S2,1,down,Space,1791378548604.400,89, 
P02,S2,1,up,KeyE,1791378548623.200,88,e
P02,S2,1,down,KeyW,1791378548684.900,90,w
P02,S2,1,up,Space,1791378548707.700,89, 
P02,S2,1,down,KeyE,1791378548790.700,91,e
P02,S2,1,up,KeyW,1791378548826.500,90,w
P02,S2,1,up,KeyE,1791378548943.500,91,e
P02,S2,1,down,Space,1791378548988.900,92, 
P02,S2,1,down,KeyW,1791378549044.700,93,w
P02,S2,1,up,Space,1791378549072.600,92, 
P02,S2,1,up,KeyW,1791378549190.600,93,w
P02,S2,1,down,KeyO,1791378549237.200,94,o
P02,S2,1,up,KeyO,1791378549350.600,94,o
P02,S2,1,down,KeyU,1791378549824.400,95,u
P02,S2,1,up,KeyU,1791378549916.400,95,u
P02,S2,1,down,KeyL,1791378550040.800,96,l
P02,S2,1,up,KeyL,1791378550132.600,96,l
P02,S2,1,down,KeyD,1791378550172.300,97,d
P02,S2,1,up,KeyD,1791378550266.800,97,d
P02,S2,1,down,Space,1791378550277.400,98, 
P02,S2,1,up,Space,1791378550349.400,98, 
P02,S2,1,down,KeyN,1791378550465.700,99,n
P02,S2,1,down,KeyE,1791378550515.100,100,e
P02,S2,1,up,KeyN,1791378550535.200,99,n
P02,S2,1,up,KeyE,1791378550570.800,100,e
P02,S2,1,down,KeyE,1791378550876.000,101,e
P02,S2,1,up,KeyE,1791378550900.700,101,e
P02,S2,1,down,KeyD,1791378551177.600,102,d
P02,S2,1,up,KeyD,1791378551290.300,102,d
P02,S2,1,down,Space,1791378551354.900,103, 
P02,S2,1,up,Space,1791378551463.600,103, 
P02,S2,1,down,KeyT,1791378551474.300,104,t
P02,S2,1,down,KeyO,1791378551591.700,105,o
P02,S2,1,up,KeyT,1791378551607.400,104,t
P02,S2,1,down,Space,1791378551645.200,106, 
P02,S2,1,up,KeyO,1791378551712.100,105,o
P02,S2,1,down,KeyR,1791378551742.600,107,r
P02,S2,1,up,Space,1791378551769.600,106, 
P02,S2,1,down,KeyE,1791378551778.000,108,e
P02,S2,1,up,KeyR,1791378551834.700,107,r
P02,S2,1,up,KeyE,1791378551894.900,108,e
P02,S2,1,down,KeyF,1791378551990.600,109,f
P02,S2,1,up,KeyF,1791378552079.300,109,f
P02,S2,1,down,KeyE,1791378552174.700,110,e
P02,S2,1,down,KeyR,1791378552259.800,111,r
P02,S2,1,up,KeyE,1791378552306.100,110,e
P02,S2,1,up,KeyR,1791378552399.900,111,r
P02,S2,1,down,KeyE,1791378552405.900,112,e
P02,S2,1,up,KeyE,1791378552537.400,112,e
P02,S2,1,down,KeyN,1791378552554.200,113,n
P02,S2,1,up,KeyN,1791378552653.400,113,n
P02,S2,1,down,KeyC,1791378552697.700,114,c
P02,S2,1,down,KeyE,1791378552769.100,115,e
P02,S2,1,up,KeyC,1791378552836.900,114,c
P02,S2,1,up,KeyE,1791378552912.100,115,e
P02,S2,1,down,Space,1791378552929.800,116, 
P02,S2,1,up,Space,1791378553010.700,116, 
P02,S2,1,down,KeyA,1791378553067.800,117,a
P02,S2,1,up,KeyA,1791378553199.200,117,a
P02,S2,1,down,Space,1791378553207.300,118, 
P02,S2,1,up,Space,1791378553352.600,118, 
P02,S2,1,down,KeyV,1791378554032.500,119,v
P02,S2,1,up,KeyV,1791378554125.700,119,v
P02,S2,1,down,KeyE,1791378554256.200,120,e
P02,S2,1,down,KeyR,1791378554340.700,121,r
P02,S2,1,up,KeyE,1791378554421.600,120,e
P02,S2,1,down,KeyY,1791378554441.900,122,y
P02,S2,1,up,KeyR,1791378554462.600,121,r
P02,S2,1,down,Space,1791378554507.000,123, 
P02,S2,1,up,KeyY,1791378554527.600,122,y
P02,S2,1,up,Space,1791378554612.000,123, 
P02,S2,1,down,KeyS,1791378554641.700,124,s
P02,S2,1,down,KeyI,1791378554728.400,125,i
P02,S2,1,up,KeyS,1791378554744.600,124,s
P02,S2,1,up,KeyI,1791378554805.000,125,i
P02,S2,1,down,KeyM,1791378554893.500,126,m
P02,S2,1,up,KeyM,1791378554992.000,126,m
P02,S2,1,down,KeyP,1791378555070.800,127,p
P02,S2,1,up,KeyP,1791378555157.200,127,p
P02,S2,1,down,KeyL,1791378555292.500,128,l
P02,S2,1,down,KeyE,1791378555342.800,129,e
P02,S2,1,up,KeyL,1791378555368.700,128,l
P02,S2,1,up,KeyE,1791378555428.600,129,e
P02,S2,1,down,Space,1791378555593.400,130, 
P02,S2,1,up,Space,1791378555676.600,130, 
P02,S2,1,down,KeyM,1791378555758.500,131,m
P02,S2,1,up,KeyM,1791378555837.500,131,m
P02,S2,1,down,KeyD,1791378555936.100,132,d
P02,S2,1,down,KeyO,1791378555945.300,133,o
P02,S2,1,up,KeyO,1791378556013.900,133,o
P02,S2,1,up,KeyD,1791378556043.800,132,d
P02,S2,1,down,KeyE,1791378556156.800,134,e
P02,S2,1,down,KeyL,1791378556270.900,135,l
P02,S2,1,up,KeyE,1791378556280.100,134,e
P02,S2,1,down,Space,1791378556363.800,136, 
P02,S2,1,up,KeyL,1791378556373.900,135,l
P02,S2,1,up,Space,1791378556456.600,136, 
P02,S2,1,down,KeyL,1791378556695.300,137,l
P02,S2,1,up,KeyL,1791378556804.100,137,l
P02,S2,1,down,KeyI,1791378556928.800,138,i
P02,S2,1,up,KeyI,1791378557000.700,138,i
P02,S2,1,down,KeyK,1791378557154.400,139,k
P02,S2,1,up,KeyK,1791378557227.200,139,k
P02,S2,1,down,KeyE,1791378557236.900,140,e
P02,S2,1,up,KeyE,1791378557352.500,140,e
P02,S2,1,down,Space,1791378557360.700,141, 
P02,S2,1,up,Space,1791378557482.000,141, 
P02,S2,1,down,KeyM,1791378558072.900,142,m
P02,S2,1,down,KeyA,1791378558147.200,143,a
P02,S2,1,up,KeyM,1791378558158.900,142,m
P02,S2,1,up,KeyA,1791378558238.200,143,a
P02,S2,1,down,KeyS,1791378558328.600,144,s
P02,S2,1,down,KeyL,1791378558445.100,145,l
P02,S2,1,up,KeyS,1791378558465.200,144,s
P02,S2,1,up,KeyL,1791378558516.800,145,l
P02,S2,1,down,KeyO,1791378558614.700,146,o
P02,S2,1,down,KeyW,1791378558651.200,147,w
P02,S2,1,up,KeyO,1791378558712.000,146,o
P02,S2,1,up,KeyW,1791378558740.900,147,w
P02,S2,1,down,KeyS,1791378558881.300,148,s
P02,S2,1,down,Space,1791378558991.600,149, 
P02,S2,1,up,KeyS,1791378559007.400,148,s
P02,S2,1,up,Space,1791378559095.500,149, 
P02,S2,1,down,KeyH,1791378559191.900,150,h
P02,S2,1,up,KeyH,1791378559259.200,150,h
P02,S2,1,down,KeyI,1791378559345.600,151,i
P02,S2,1,up,KeyI,1791378559481.300,151,i
P02,S2,1,down,KeyE,1791378559583.200,152,e
P02,S2,1,down,KeyR,1791378559700.100,153,r
P02,S2,1,up,KeyE,1791378559709.400,152,e
P02,S2,1,up,KeyR,1791378559807.700,153,r
P02,S2,1,down,KeyA,1791378559848.200,154,a
P02,S2,1,up,KeyA,1791378559954.100,154,a
P02,S2,1,down,KeyR,1791378560019.700,155,r
P02,S2,1,up,KeyR,1791378560112.300,155,r
P02,S2,1,down,KeyC,1791378560374.000,156,c
P02,S2,1,down,KeyH,1791378560436.600,157,h
P02,S2,1,up,KeyC,1791378560483.400,156,c
P02,S2,1,up,KeyH,1791378560517.800,157,h
P02,S2,1,down,KeyY,1791378560579.500,158,y
P02,S2,1,up,KeyY,1791378560676.300,158,y
P02,S2,1,down,Space,1791378560684.600,159, 
P02,S2,1,up,Space,1791378560806.100,159, 
P02,S2,1,down,KeyO,1791378560904.600,160,o
P02,S2,1,down,KeyF,1791378560973.000,161,f
P02,S2,1,up,KeyO,1791378561027.700,160,o
P02,S2,1,down,Space,1791378561034.800,162, 
P02,S2,1,up,KeyF,1791378561071.700,161,f
P02,S2,1,up,Space,1791378561123.100,162, 
P02,S2,1,down,KeyN,1791378561257.300,163,n
P02,S2,1,down,KeyE,1791378561277.000,164,e
P02,S2,1,up,KeyN,1791378561344.100,163,n
P02,S2,1,up,KeyE,1791378561355.800,164,e
P02,S2,1,down,KeyE,1791378561451.200,165,e
P02,S2,1,up,KeyE,1791378561549.900,165,e
P02,S2,1,down,KeyD,1791378561690.800,166,d
P02,S2,1,up,KeyD,1791378561819.300,166,d
P02,S2,1,down,KeyS,1791378561911.900,167,s
P02,S2,1,up,KeyS,1791378562054.000,167,s
P02,S2,1,down,Period,1791378562517.100,168,.
P02,S2,1,up,Period,1791378562588.000,168,.
P02,S2,1,down,Space,1791378562682.700,169, 
P02,S2,1,up,Space,1791378562785.900,169, 
P02,S2,1,down,ShiftLeft,1791378562994.300,170,Shift
P02,S2,1,down,KeyC,1791378563410.000,171,C
P02,S2,1,up,ShiftLeft,1791378563474.700,170,Shift
P02,S2,1,up,KeyC,1791378563526.200,171,c
P02,S2,1,down,KeyO,1791378563556.000,172,o
P02,S2,1,up,KeyO,1791378563650.600,172,o
P02,S2,1,down,KeyN,1791378563749.900,173,n
P02,S2,1,up,KeyN,1791378563841.400,173,n
P02,S2,1,down,KeyS,1791378563850.600,174,s
P02,S2,1,down,KeyU,1791378563926.600,175,u
P02,S2,1,up,KeyS,1791378563959.500,174,s
P02,S2,1,up,KeyU,1791378564018.700,175,u
P02,S2,1,down,KeyM,1791378564117.400,176,m
P02,S2,1,up,KeyM,1791378564204.000,176,m
P02,S2,1,down,KeyI,1791378564290.000,177,i
P02,S2,1,up,KeyI,1791378564379.600,177,i
P02,S2,1,down,KeyN,1791378564470.400,178,n
P02,S2,1,down,KeyG,1791378564530.200,179,g
P02,S2,1,up,KeyN,1791378564565.600,178,n
P02,S2,1,down,Space,1791378564602.200,180, 
P02,S2,1,up,KeyG,1791378564628.200,179,g
P02,S2,1,up,Space,1791378564699.300,180, 
P02,S2,1,down,KeyS,1791378564797.100,181,s
P02,S2,1,down,KeyO,1791378564848.400,182,o
P02,S2,1,up,KeyS,1791378564885.300,181,s
P02,S2,1,up,KeyO,1791378564932.400,182,o
P02,S2,1,down,KeyM,1791378565033.800,183,m
P02,S2,1,down,KeyE,1791378565095.700,184,e
P02,S2,1,up,KeyM,1791378565132.400,183,m
P02,S2,1,up,KeyE,1791378565228.100,184,e
P02,S2,1,down,KeyT,1791378565291.600,185,t
P02,S2,1,down,KeyH,1791378565377.300,186,h
P02,S2,1,up,KeyT,1791378565409.300,185,t
P02,S2,1,up,KeyH,1791378565453.100,186,h
P02,S2,1,down,KeyI,1791378565537.600,187,i
P02,S2,1,up,KeyI,1791378565625.800,187,i
P02,S2,1,down,KeyN,1791378565714.600,188,n
P02,S2,1,down,KeyG,1791378565804.000,189,g
P02,S2,1,up,KeyN,1791378565820.200,188,n
P02,S2,1,down,Space,1791378565829.300,190, 
P02,S2,1,up,Space,1791378565910.300,190, 
P02,S2,1,up,KeyG,1791378565920.500,189,g
P02,S2,1,down,KeyL,1791378566042.400,191,l
P02,S2,1,up,KeyL,1791378566154.500,191,l
P02,S2,1,down,KeyI,1791378566227.800,192,i
P02,S2,1,up,KeyI,1791378566293.700,192,i
P02,S2,1,down,KeyK,1791378566425.500,193,k
P02,S2,1,up,KeyK,1791378566527.100,193,k
P02,S2,1,down,KeyE,1791378566536.100,194,e
P02,S2,1,up,KeyE,1791378566642.700,194,e
P02,S2,1,down,Space,1791378566652.700,195, 
P02,S2,1,up,Space,1791378566738.700,195, 
P02,S2,1,down,KeyA,1791378566781.600,196,a
P02,S2,1,down,Space,1791378566887.400,197, 
P02,S2,1,up,KeyA,1791378566919.900,196,a
P02,S2,1,up,Space,1791378566980.300,197, 
P02,S2,1,down,Digit4,1791378567664.100,198,4
P02,S2,1,up,Digit4,1791378567757.200,198,4
P02,S2,1,down,Digit0,1791378567859.300,199,0
P02,S2,1,up,Digit0,1791378567920.100,199,0
P02,S2,1,down,Digit0,1791378568031.000,200,0
P02,S2,1,up,Digit0,1791378568127.800,200,0
P02,S2,1,down,Space,1791378568136.800,201, 
P02,S2,1,up,Space,1791378568232.400,201, 
P02,S2,1,down,KeyP,1791378568329.500,202,p
P02,S2,1,down,KeyA,1791378568416.200,203,a
P02,S2,1,up,KeyP,1791378568443.400,202,p
P02,S2,1,up,KeyA,1791378568558.500,203,a
P02,S2,1,down,KeyG,1791378569066.800,204,g
P02,S2,1,up,KeyG,1791378569138.200,204,g
P02,S2,1,down,KeyE,1791378569225.100,205,e
P02,S2,1,up,KeyE,1791378569365.200,205,e
P02,S2,1,down,Space,1791378569374.200,206, 
P02,S2,1,up,Space,1791378569466.600,206, 
P02,S2,1,down,KeyT,1791378569520.700,207,t
P02,S2,1,up,KeyT,1791378569628.800,207,t
P02,S2,1,down,KeyA,1791378569773.400,208,a
P02,S2,1,up,KeyA,1791378569885.600,208,a
P02,S2,1,down,KeyC,1791378570210.600,209,c
P02,S2,1,up,KeyC,1791378570323.400,209,c
P02,S2,1,down,Space,1791378570370.900,210, 
P02,S2,1,up,Space,1791378570421.800,210, 
P02,S2,1,down,Backspace,1791378570779.400,211,Backspace
P02,S2,1,up,Backspace,1791378570840.500,211,Backspace
P02,S2,1,down,Backspace,1791378570927.500,212,Backspace
P02,S2,1,up,Backspace,1791378570991.100,212,Backspace
P02,S2,1,down,KeyX,1791378571000.300,213,x
P02,S2,1,up,KeyX,1791378571087.000,213,x
P02,S2,1,down,Space,1791378571122.200,214, 
P02,S2,1,up,Space,1791378571238.700,214, 
P02,S2,1,down,KeyC,1791378571268.300,215,c
P02,S2,1,up,KeyC,1791378571364.000,215,c
P02,S2,1,down,KeyO,1791378571756.500,216,o
P02,S2,1,up,KeyO,1791378571853.200,216,o
P02,S2,1,down,KeyD,1791378572098.800,217,d
P02,S2,1,down,KeyE,1791378572212.000,218,e
P02,S2,1,up,KeyD,1791378572269.100,217,d
P02,S2,1,up,KeyE,1791378572355.800,218,e
P02,S2,1,down,Space,1791378572416.800,219, 
P02,S2,1,up,Space,1791378572527.000,219, 
P02,S2,1,down,KeyM,1791378572688.700,220,m
P02,S2,1,up,KeyM,1791378572814.400,220,m
P02,S2,1,down,KeyA,1791378572823.800,221,a
P02,S2,1,up,KeyA,1791378572952.000,221,a
P02,S2,1,down,KeyY,1791378573328.300,222,y
P02,S2,1,down,Space,1791378573454.000,223, 
P02,S2,1,up,KeyY,1791378573463.200,222,y
P02,S2,1,up,Space,1791378573559.300,223, 
P02,S2,1,down,KeyN,1791378573635.300,224,n
P02,S2,1,up,KeyN,1791378573717.100,224,n
P02,S2,1,down,KeyO,1791378573816.800,225,o
P02,S2,1,down,KeyT,1791378573905.900,226,t
P02,S2,1,up,KeyO,1791378573924.200,225,o
P02,S2,1,up,KeyT,1791378574022.900,226,t
P02,S2,1,down,Space,1791378574048.900,227, 
P02,S2,1,up,Space,1791378574152.700,227, 
P02,S2,1,down,KeyS,1791378574611.300,228,s
P02,S2,1,up,KeyS,1791378574714.100,228,s
P02,S2,1,down,KeyA,1791378574792.400,229,a
P02,S2,1,up,KeyA,1791378574885.400,229,a
P02,S2,1,down,KeyT,1791378574994.700,230,t
P02,S2,1,up,KeyT,1791378575080.000,230,t
P02,S2,1,down,KeyI,1791378575094.700,231,i
P02,S2,1,up,KeyI,1791378575222.600,231,i
P02,S2,1,down,KeyS,1791378575294.900,232,s
P02,S2,1,up,KeyS,1791378575397.000,232,s
P02,S2,1,down,KeyY,1791378575454.200,233,y
P02,S2,1,up,KeyY,1791378575615.600,233,y
P02,S2,1,down,Space,1791378575645.900,234, 
P02,S2,1,up,Space,1791378575769.100,234, 
P02,S2,1,down,KeyA,1791378576795.700,235,a
P02,S2,1,up,KeyA,1791378576934.400,235,a
P02,S2,1,down,KeyN,1791378576965.100,236,n
P02,S2,1,up,KeyN,1791378577080.800,236,n
P02,S2,1,down,KeyY,1791378577209.400,237,y
P02,S2,1,up,KeyY,1791378577354.900,237,y
P02,S2,1,down,Space,1791378577366.100,238, 
P02,S2,1,up,Space,1791378577488.700,238, 
P02,S2,1,down,ArrowLeft,1791378578675.900,239,ArrowLeft
P02,S2,1,up,ArrowLeft,1791378579323.600,239,ArrowLeft
P02,S2,1,down,ArrowLeft,1791378579490.000,240,ArrowLeft
P02,S2,1,up,ArrowLeft,1791378579575.300,240,ArrowLeft
P02,S2,1,down,ArrowLeft,1791378579675.500,241,ArrowLeft
P02,S2,1,up,ArrowLeft,1791378579762.300,241,ArrowLeft
P02,S2,1,down,ArrowLeft,1791378579846.300,242,ArrowLeft
P02,S2,1,up,ArrowLeft,1791378579942.100,242,ArrowLeft
P02,S2,1,down,KeyF,1791378580577.000,243,f
P02,S2,1,up,KeyF,1791378580693.700,243,f
P02,S2,1,down,ArrowRight,1791378580872.500,244,ArrowRight
P02,S2,1,up,ArrowRight,1791378581700.800,244,ArrowRight
P02,S2,1,down,KeyB,1791378582231.100,245,b
P02,S2,1,up,KeyB,1791378582307.100,245,b
P02,S2,1,down,KeyA,1791378582323.900,246,a
P02,S2,1,up,KeyA,1791378582426.800,246,a
P02,S2,1,down,KeyS,1791378582512.700,247,s
P02,S2,1,up,KeyS,1791378582607.700,247,s
P02,S2,1,down,KeyI,1791378582617.700,248,i
P02,S2,1,up,KeyI,1791378582707.200,248,i
P02,S2,1,down,KeyC,1791378582757.300,249,c
P02,S2,1,up,KeyC,1791378582922.200,249,c
P02,S2,1,down,Space,1791378582943.300,250, 
P02,S2,1,up,Space,1791378583057.400,250, 
P02,S2,1,down,KeyN,1791378583157.600,251,n
P02,S2,1,down,KeyE,1791378583225.600,252,e
P02,S2,1,up,KeyN,1791378583243.300,251,n
P02,S2,1,up,KeyE,1791378583311.200,252,e
P02,S2,1,down,KeyE,1791378583387.000,253,e
P02,S2,1,up,KeyE,1791378583469.900,253,e
P02,S2,1,down,KeyD,1791378583636.000,254,d
P02,S2,1,up,KeyD,1791378583785.800,254,d
P02,S2,1,down,KeyS,1791378583836.800,255,s
P02,S2,1,up,KeyS,1791378584027.500,255,s
P02,S2,1,down,Space,1791378584153.600,256, 
P02,S2,1,up,Space,1791378584290.900,256, 
P02,S2,1,down,KeyB,1791378584476.300,257,b
P02,S2,1,up,KeyB,1791378584571.100,257,b
P02,S2,1,down,KeyU,1791378584685.500,258,u
P02,S2,1,up,KeyU,1791378584804.400,258,u
P02,S2,1,down,KeyT,1791378584856.900,259,t
P02,S2,1,up,KeyT,1791378584954.400,259,t
P02,S2,1,down,Space,1791378584988.900,260, 
P02,S2,1,up,Space,1791378585094.100,260, 
P02,S2,1,down,KeyW,1791378585139.500,261,w
P02,S2,1,down,KeyH,1791378585254.900,262,h
P02,S2,1,up,KeyW,1791378585265.200,261,w
P02,S2,1,up,KeyH,1791378585328.100,262,h
P02,S2,1,down,KeyE,1791378585413.100,263,e
P02,S2,1,up,KeyE,1791378585517.700,263,e
P02,S2,1,down,KeyN,1791378585532.700,264,n
P02,S2,1,up,KeyN,1791378585668.500,264,n
P02,S2,1,down,Space,1791378585678.700,265, 
P02,S2,1,up,Space,1791378585807.100,265, 
P02,S2,1,down,KeyW,1791378586400.400,266,w
P02,S2,1,down,KeyE,1791378586553.700,267,e
P02,S2,1,up,KeyW,1791378586570.500,266,w
P02,S2,1,up,KeyE,1791378586700.700,267,e
P02,S2,1,down,Space,1791378586736.900,268, 
P02,S2,1,up,Space,1791378586866.900,268, 
P02,S2,1,down,KeyG,1791378587089.000,269,g
P02,S2,1,up,KeyG,1791378587159.300,269,g
P02,S2,1,down,KeyE,1791378587299.400,270,e
P02,S2,1,up,KeyE,1791378587410.500,270,e
P02,S2,1,down,KeyT,1791378587492.400,271,t
P02,S2,1,up,KeyT,1791378587621.500,271,t
P02,S2,1,down,Space,1791378587661.300,272, 
P02,S2,1,up,Space,1791378587773.200,272, 
P02,S2,1,down,KeyT,1791378587885.500,273,t
P02,S2,1,down,KeyO,1791378587994.700,274,o
P02,S2,1,up,KeyT,1791378588005.200,273,t
P02,S2,1,down,Space,1791378588135.300,275, 
P02,S2,1,up,KeyO,1791378588152.300,274,o
P02,S2,1,up,Space,1791378588246.500,275, 
P02,S2,1,down,Backspace,1791378592884.400,276,Backspace
P02,S2,1,up,Backspace,1791378593852.600,276,Backspace
P02,S2,1,down,Backspace,1791378594500.100,277,Backspace
P02,S2,1,up,Backspace,1791378594592.600,277,Backspace
P02,S2,1,down,Backspace,1791378594692.000,278,Backspace
P02,S2,1,up,Backspace,1791378594763.600,278,Backspace
P02,S2,1,down,KeyI,1791378595289.400,279,i
P02,S2,1,up,KeyI,1791378595347.300,279,i
P02,S2,1,down,KeyT,1791378595374.600,280,t
P02,S2,1,up,KeyT,1791378595457.500,280,t
P02,S2,1,down,Space,1791378595498.400,281, 
P02,S2,1,up,Space,1791378595607.800,281, 
P02,S2,1,down,KeyC,1791378595702.100,282,c
P02,S2,1,up,KeyC,1791378595829.200,282,c
P02,S2,1,down,KeyO,1791378595838.600,283,o
P02,S2,1,up,KeyO,1791378595892.900,283,o
P02,S2,1,down,KeyU,1791378596193.200,284,u
P02,S2,1,up,KeyU,1791378596282.900,284,u
P02,S2,1,down,KeyL,1791378596422.000,285,l
P02,S2,1,up,KeyL,1791378596526.000,285,l
P02,S2,1,down,KeyD,1791378596583.100,286,d
P02,S2,1,up,KeyD,1791378596680.400,286,d
P02,S2,1,down,Space,1791378596693.300,287, 
P02,S2,1,up,Space,1791378596789.600,287, 
P02,S2,1,down,KeyA,1791378596802.700,288,a
P02,S2,1,up,KeyA,1791378596923.600,288,a
P02,S2,1,down,KeyS,1791378597031.800,289,s
P02,S2,1,up,KeyS,1791378597110.900,289,s
P02,S2,1,down,KeyS,1791378597177.600,290,s
P02,S2,1,up,KeyS,1791378597274.200,290,s
P02,S2,1,down,KeyI,1791378597313.700,291,i
P02,S2,1,down,KeyS,1791378597389.700,292,s
P02,S2,1,up,KeyI,1791378597411.400,291,i
P02,S2,1,up,KeyS,1791378597510.800,292,s
P02,S2,1,down,KeyT,1791378597586.800,293,t
P02,S2,1,up,KeyT,1791378597694.000,293,t
P02,S2,1,down,Space,1791378597702.600,294, 
P02,S2,1,up,Space,1791378597814.500,294, 
P02,S2,1,down,KeyS,1791378597831.600,295,s
P02,S2,1,down,KeyO,1791378597927.900,296,o
P02,S2,1,up,KeyS,1791378597948.200,295,s
P02,S2,1,up,KeyO,1791378598036.300,296,o
P02,S2,1,down,KeyM,1791378598120.200,297,m
P02,S2,1,up,KeyM,1791378598238.000,297,m
P02,S2,1,down,KeyE,1791378598250.300,298,e
P02,S2,1,down,KeyO,1791378598356.900,299,o
P02,S2,1,up,KeyE,1791378598368.400,298,e
P02,S2,1,up,KeyO,1791378598439.200,299,o
P02,S2,1,down,KeyN,1791378598542.300,300,n
P02,S2,1,down,KeyE,1791378598638.600,301,e
P02,S2,1,up,KeyN,1791378598659.500,300,n
P02,S2,1,down,Space,1791378598682.800,302, 
P02,S2,1,up,KeyE,1791378598744.600,301,e
P02,S2,1,up,Space,1791378598760.000,302, 
P02,S2,1,down,KeyW,1791378598889.000,303,w
P02,S2,1,up,KeyW,1791378599033.300,303,w
P02,S2,1,down,KeyH,1791378599041.600,304,h
P02,S2,1,up,KeyH,1791378599133.200,304,h
P02,S2,1,down,KeyO,1791378599423.300,305,o
P02,S2,1,up,KeyO,1791378599546.100,305,o
P02,S2,1,down,Space,1791378599636.000,306, 
P02,S2,1,up,Space,1791378599728.200,306, 
P02,S2,1,down,KeyI,1791378599876.800,307,i
P02,S2,1,up,KeyI,1791378599958.500,307,i
P02,S2,1,down,KeyS,1791378599981.700,308,s
P02,S2,1,up,KeyS,1791378600068.500,308,s
P02,S2,1,down,Space,1791378600108.900,309, 
P02,S2,1,up,Space,1791378600231.700,309, 
P02,S2,1,down,KeyS,1791378600240.400,310,s
P02,S2,1,up,KeyS,1791378600366.500,310,s
P02,S2,1,down,KeyT,1791378600578.600,311,t
P02,S2,1,up,KeyT,1791378600668.200,311,t
P02,S2,1,down,KeyU,1791378600678.500,312,u
P02,S2,1,up,KeyU,1791378600780.500,312,u
P02,S2,1,down,KeyD,1791378600916.000,313,d
P02,S2,1,up,KeyD,1791378601035.600,313,d
P02,S2,1,down,KeyY,1791378601215.800,314,y
P02,S2,1,up,KeyY,1791378601306.800,314,y
P02,S2,1,down,KeyI,1791378601429.600,315,i
P02,S2,1,up,KeyI,1791378601507.900,315,i
P02,S2,1,down,KeyN,1791378601598.800,316,n
P02,S2,1,down,KeyG,1791378601689.200,317,g
P02,S2,1,down,Space,1791378601704.700,318, 
P02,S2,1,up,KeyN,1791378601716.800,316,n
P02,S2,1,up,KeyG,1791378601789.700,317,g
P02,S2,1,up,Space,1791378601795.000,318, 
P02,S2,1,down,KeyT,1791378601917.400,319,t
P02,S2,1,up,KeyT,1791378601996.400,319,t
P02,S2,1,down,KeyA,1791378602172.700,320,a
P02,S2,1,up,KeyA,1791378602250.500,320,a
P02,S2,1,down,KeyX,1791378602545.400,321,x
P02,S2,1,up,KeyX,1791378602636.300,321,x
P02,S2,1,down,Space,1791378602646.200,322, 
P02,S2,1,up,Space,1791378602734.100,322, 
P02,S2,1,down,KeyL,1791378602830.400,323,l
P02,S2,1,down,KeyA,1791378602901.900,324,a
P02,S2,1,up,KeyL,1791378602928.300,323,l
P02,S2,1,up,KeyA,1791378603004.900,324,a
P02,S2,1,down,KeyW,1791378603199.000,325,w
P02,S2,1,up,KeyW,1791378603356.200,325,w
P02,S2,1,down,Space,1791378603458.100,326, 
P02,S2,1,up,Space,1791378603552.600,326, 
P02,S2,1,down,KeyO,1791378603664.000,327,o
P02,S2,1,down,KeyR,1791378603774.000,328,r
P02,S2,1,up,KeyO,1791378603786.800,327,o
P02,S2,1,up,KeyR,1791378603877.200,328,r
P02,S2,1,down,Space,1791378603919.900,329, 
P02,S2,1,up,Space,1791378604035.800,329, 
P02,S2,1,down,KeyS,1791378608296.400,330,s
P02,S2,1,up,KeyS,1791378608436.000,330,s
P02,S2,1,down,KeyO,1791378608510.900,331,o
P02,S2,1,up,KeyO,1791378608624.900,331,o
P02,S2,1,down,KeyM,1791378608794.500,332,m
P02,S2,1,up,KeyM,1791378608879.700,332,m
P02,S2,1,down,KeyE,1791378609192.500,333,e
P02,S2,1,up,KeyE,1791378609304.600,333,e
P02,S2,1,down,KeyT,1791378609735.400,334,t
P02,S2,1,up,KeyT,1791378609823.400,334,t
P02,S2,1,down,KeyH,1791378609857.000,335,h
P02,S2,1,up,KeyH,1791378609933.000,335,h
P02,S2,1,down,KeyI,1791378610018.600,336,i
P02,S2,1,up,KeyI,1791378610098.000,336,i
P02,S2,1,down,KeyN,1791378610213.600,337,n
P02,S2,1,down,KeyG,1791378610288.300,338,g
P02,S2,1,down,Space,1791378610315.600,339, 
P02,S2,1,up,KeyN,1791378610326.500,337,n
P02,S2,1,up,KeyG,1791378610359.900,338,g
P02,S2,1,up,Space,1791378610399.600,339, 
P02,S2,1,down,KeyR,1791378610521.500,340,r
P02,S2,1,down,KeyE,1791378610616.200,341,e
P02,S2,1,up,KeyR,1791378610651.800,340,r
P02,S2,1,down,KeyL,1791378610691.100,342,l
P02,S2,1,up,KeyE,1791378610713.100,341,e
P02,S2,1,up,KeyL,1791378610794.800,342,l
P02,S2,1,down,KeyA,1791378610988.700,343,a
P02,S2,1,up,KeyA,1791378611095.000,343,a
P02,S2,1,down,KeyT,1791378611240.300,344,t
P02,S2,1,up,KeyT,1791378611356.700,344,t
P02,S2,1,down,KeyE,1791378611447.500,345,e
P02,S2,1,up,KeyE,1791378611529.500,345,e
P02,S2,1,down,KeyD,1791378611715.600,346,d
P02,S2,1,up,KeyD,1791378611867.300,346,d
P02,S2,1,down,Period,1791378612258.900,347,.
P02,S2,1,up,Period,1791378612354.200,347,.
P02,S2,1,down,Space,1791378612365.600,348, 
P02,S2,1,up,Space,1791378612479.500,348, 
P02,S2,1,down,ShiftLeft,1791378612569.900,349,Shift
P02,S2,1,down,KeyB,1791378613319.600,350,B
P02,S2,1,up,ShiftLeft,1791378613372.800,349,Shift
P02,S2,1,up,KeyB,1791378613384.200,350,b
P02,S2,1,down,KeyU,1791378613485.700,351,u
P02,S2,1,up,KeyU,1791378613574.100,351,u
P02,S2,1,down,KeyT,1791378613602.400,352,t
P02,S2,1,up,KeyT,1791378613693.900,352,t
P02,S2,1,down,Space,1791378613709.200,353, 
P02,S2,1,down,KeyT,1791378613787.900,354,t
P02,S2,1,up,Space,1791378613808.800,353, 
P02,S2,1,up,KeyT,1791378613875.600,354,t
P02,S2,1,down,KeyH,1791378613906.600,355,h
P02,S2,1,up,KeyH,1791378613975.100,355,h
P02,S2,1,down,KeyE,1791378613985.300,356,e
P02,S2,1,up,KeyE,1791378614065.600,356,e
P02,S2,1,down,KeyN,1791378614122.200,357,n
P02,S2,1,down,Space,1791378614216.200,358, 
P02,S2,1,up,KeyN,1791378614226.300,357,n
P02,S2,1,down,KeyW,1791378614245.600,359,w
P02,S2,1,up,Space,1791378614304.700,358, 
P02,S2,1,down,KeyE,1791378614351.600,360,e
P02,S2,1,up,KeyW,1791378614413.200,359,w
P02,S2,1,up,KeyE,1791378614515.600,360,e
P02,S2,1,down,Space,1791378614526.100,361, 
P02,S2,1,up,Space,1791378614604.500,361, 
P02,S2,1,down,KeyA,1791378614613.500,362,a
P02,S2,1,up,KeyA,1791378614696.900,362,a
P02,S2,1,down,KeyR,1791378614764.600,363,r
P02,S2,1,down,KeyE,1791378614862.100,364,e
P02,S2,1,up,KeyR,1791378614923.200,363,r
P02,S2,1,down,Space,1791378614997.100,365, 
P02,S2,1,up,KeyE,1791378615008.100,364,e
P02,S2,1,up,Space,1791378615089.600,365, 
P02,S2,1,down,KeyG,1791378615214.700,366,g
P02,S2,1,down,KeyE,1791378615274.200,367,e
P02,S2,1,up,KeyG,1791378615304.800,366,g
P02,S2,1,up,KeyE,1791378615381.700,367,e
P02,S2,1,down,KeyT,1791378615465.800,368,t
P02,S2,1,up,KeyT,1791378615535.700,368,t
P02,S2,1,down,KeyT,1791378615617.400,369,t
P02,S2,1,up,KeyT,1791378615712.200,369,t
P02,S2,1,down,KeyI,1791378615722.600,370,i
P02,S2,1,up,KeyI,1791378615819.800,370,i
P02,S2,1,down,KeyN,1791378615903.300,371,n
P02,S2,1,up,KeyN,1791378616022.400,371,n
P02,S2,1,down,KeyG,1791378616027.600,372,g
P02,S2,1,up,KeyG,1791378616131.600,372,g
P02,S2,1,down,Space,1791378616153.500,373, 
P02,S2,1,up,Space,1791378616281.700,373, 
P02,S2,1,down,KeyI,1791378616322.900,374,i
P02,S2,1,up,KeyI,1791378616408.300,374,i
P02,S2,1,down,KeyN,1791378616501.800,375,n
P02,S2,1,up,KeyN,1791378616572.800,375,n
P02,S2,1,down,KeyT,1791378616633.200,376,t
P02,S2,1,up,KeyT,1791378616735.900,376,t
P02,S2,1,down,KeyO,1791378616803.700,377,o
P02,S2,1,up,KeyO,1791378616960.500,377,o
P02,S2,1,down,Space,1791378616970.100,378, 
P02,S2,1,up,Space,1791378617072.900,378, 
P02,S2,1,down,KeyD,1791378617369.100,379,d
P02,S2,1,down,KeyE,1791378617463.300,380,e
P02,S2,1,up,KeyD,1791378617491.400,379,d
P02,S2,1,down,KeyL,1791378617596.400,381,l
P02,S2,1,up,KeyE,1791378617605.400,380,e
P02,S2,1,up,KeyL,1791378617692.600,381,l
P02,S2,1,down,KeyA,1791378617760.500,382,a
P02,S2,1,down,KeyY,1791378617866.200,383,y
P02,S2,1,up,KeyA,1791378617878.800,382,a
P02,S2,1,up,KeyY,1791378617964.500,383,y
P02,S2,1,down,KeyE,1791378617983.900,384,e
P02,S2,1,up,KeyE,1791378618080.200,384,e
P02,S2,1,down,KeyD,1791378618175.100,385,d
P02,S2,1,up,KeyD,1791378618281.800,385,d
P02,S2,1,down,Space,1791378618288.200,386, 
P02,S2,1,up,Space,1791378618370.300,386, 
P02,S2,1,down,KeyG,1791378618475.400,387,g
P02,S2,1,down,KeyR,1791378618555.700,388,r
P02,S2,1,up,KeyG,1791378618581.800,387,g
P02,S2,1,up,KeyR,1791378618674.500,388,r
P02,S2,1,down,KeyA,1791378618687.300,389,a
P02,S2,1,up,KeyA,1791378618808.100,389,a
P02,S2,1,down,KeyT,1791378618898.100,390,t
P02,S2,1,up,KeyT,1791378619009.700,390,t
P02,S2,1,down,KeyI,1791378619035.200,391,i
P02,S2,1,up,KeyI,1791378619152.900,391,i
P02,S2,1,down,KeyF,1791378619308.600,392,f
P02,S2,1,up,KeyF,1791378619424.700,392,f
P02,S2,1,down,KeyI,1791378619438.000,393,i
P02,S2,1,up,KeyI,1791378619563.600,393,i
P02,S2,1,down,KeyC,1791378619576.100,394,c
P02,S2,1,up,KeyC,1791378619665.100,394,c
P02,S2,1,down,KeyA,1791378619680.400,395,a
P02,S2,1,up,KeyA,1791378619806.700,395,a
P02,S2,1,down,KeyT,1791378619905.200,396,t
P02,S2,1,down,KeyI,1791378619976.900,397,i
P02,S2,1,up,KeyT,1791378620022.900,396,t
P02,S2,1,down,KeyO,1791378620033.300,398,o
P02,S2,1,up,KeyI,1791378620104.200,397,i
P02,S2,1,up,KeyO,1791378620167.600,398,o
P02,S2,1,down,KeyN,1791378620248.000,399,n
P02,S2,1,down,Space,1791378620383.300,400, 
P02,S2,1,up,KeyN,1791378620396.900,399,n
P02,S2,1,up,Space,1791378620507.100,400, 
P02,S2,1,down,KeyH,1791378620888.300,401,h
P02,S2,1,up,KeyH,1791378620964.400,401,h
P02,S2,1,down,Equal,1791378621249.300,402,=
P02,S2,1,up,Equal,1791378621295.000,402,=
P02,S2,1,down,KeyW,1791378621512.600,403,w
P02,S2,1,up,KeyW,1791378621620.100,403,w
P02,S2,1,down,Backspace,1791378622027.400,404,Backspace
P02,S2,1,up,Backspace,1791378622102.200,404,Backspace
P02,S2,1,down,Backspace,1791378622211.100,405,Backspace
P02,S2,1,up,Backspace,1791378622283.200,405,Backspace
P02,S2,1,down,Backspace,1791378622381.400,406,Backspace
P02,S2,1,up,Backspace,1791378622460.500,406,Backspace
P02,S2,1,down,KeyW,1791378622747.300,407,w
P02,S2,1,up,KeyW,1791378622818.100,407,w
P02,S2,1,down,KeyH,1791378622864.800,408,h
P02,S2,1,up,KeyH,1791378622927.600,408,h
P02,S2,1,down,KeyI,1791378623001.600,409,i
P02,S2,1,up,KeyI,1791378623077.400,409,i
P02,S2,1,down,KeyC,1791378623112.500,410,c
P02,S2,1,down,KeyH,1791378623187.900,411,h
P02,S2,1,up,KeyC,1791378623223.600,410,c
P02,S2,1,up,KeyH,1791378623281.100,411,h
P02,S2,1,down,Space,1791378623287.800,412, 
P02,S2,1,up,Space,1791378623369.800,412, 
P02,S2,1,down,KeyI,1791378623472.300,413,i
P02,S2,1,down,KeyS,1791378623489.600,414,s
P02,S2,1,up,KeyI,1791378623524.100,413,i
P02,S2,1,up,KeyS,1791378623588.400,414,s
P02,S2,1,down,Space,1791378623662.100,415, 
P02,S2,1,down,KeyA,1791378623711.900,416,a
P02,S2,1,up,Space,1791378623742.100,415, 
P02,S2,1,up,KeyA,1791378623829.000,416,a
P02,S2,1,down,Space,1791378623883.600,417, 
P02,S2,1,up,Space,1791378623954.900,417, 
P02,S2,1,down,KeyF,1791378624491.900,418,f
P02,S2,1,up,KeyF,1791378624576.600,418,f
P02,S2,1,down,KeyA,1791378624582.800,419,a
P02,S2,1,up,KeyA,1791378624710.300,419,a
P02,S2,1,down,KeyR,1791378624753.400,420,r
P02,S2,1,up,KeyR,1791378624865.300,420,r
P02,S2,1,down,Space,1791378625161.900,421, 
P02,S2,1,up,Space,1791378625237.900,421, 
P02,S2,1,down,KeyM,1791378625354.700,422,m
P02,S2,1,up,KeyM,1791378625438.800,422,m
P02,S2,1,down,KeyO,1791378625530.700,423,o
P02,S2,1,down,KeyR,1791378625604.200,424,r
P02,S2,1,up,KeyO,1791378625630.600,423,o
P02,S2,1,down,KeyE,1791378625710.500,425,e
P02,S2,1,up,KeyR,1791378625731.100,424,r
P02,S2,1,down,Space,1791378625770.900,426, 
P02,S2,1,up,KeyE,1791378625785.000,425,e
P02,S2,1,up,Space,1791378625884.800,426, 
P02,S2,1,down,KeyD,1791378625941.700,427,d
P02,S2,1,down,KeyE,1791378626028.500,428,e
P02,S2,1,up,KeyD,1791378626086.400,427,d
P02,S2,1,up,KeyE,1791378626175.400,428,e
P02,S2,1,down,KeyB,1791378626194.600,429,b
P02,S2,1,up,KeyB,1791378626302.200,429,b
P02,S2,1,down,KeyA,1791378626309.200,430,a
P02,S2,1,up,KeyA,1791378626400.800,430,a
P02,S2,1,down,KeyT,1791378626496.500,431,t
P02,S2,1,up,KeyT,1791378626589.200,431,t
P02,S2,1,down,KeyE,1791378626713.100,432,e
P02,S2,1,up,KeyE,1791378626799.400,432,e
P02,S2,1,down,KeyD,1791378626934.700,433,d
P02,S2,1,up,KeyD,1791378627045.300,433,d
P02,S2,1,down,Space,1791378627058.300,434, 
P02,S2,1,up,Space,1791378627158.000,434, 
P02,S2,1,down,KeyC,1791378627215.400,435,c
P02,S2,1,down,KeyO,1791378627300.900,436,o
P02,S2,1,up,KeyC,1791378627329.400,435,c
P02,S2,1,up,KeyO,1791378627384.800,436,o
P02,S2,1,down,KeyN,1791378627502.800,437,n
P02,S2,1,up,KeyN,1791378627598.600,437,n
P02,S2,1,down,KeyV,1791378627610.800,438,v
P02,S2,1,up,KeyV,1791378627697.000,438,v
P02,S2,1,down,KeyE,1791378627789.400,439,e
P02,S2,1,down,KeyR,1791378627890.300,440,r
P02,S2,1,up,KeyE,1791378627946.900,439,e
P02,S2,1,up,KeyR,1791378627997.000,440,r
P02,S2,1,down,KeyS,1791378628046.300,441,s
P02,S2,1,up,KeyS,1791378628179.100,441,s
P02,S2,1,down,KeyA,1791378628343.500,442,a
P02,S2,1,up,KeyA,1791378628455.100,442,a
P02,S2,1,down,KeyT,1791378628638.300,443,t
P02,S2,1,up,KeyT,1791378628748.100,443,t
P02,S2,1,down,KeyI,1791378628818.100,444,i
P02,S2,1,down,KeyO,1791378628892.100,445,o
P02,S2,1,up,KeyI,1791378628945.800,444,i
P02,S2,1,up,KeyO,1791378629002.300,445,o
P02,S2,1,down,KeyN,1791378629088.600,446,n
P02,S2,1,up,KeyN,1791378629187.300,446,n
P02,S2,1,down,Enter,1791378629468.100,447,Enter
P02,S2,2,up,Enter,1791378629584.300,447,Enter
P02,S2,2,down,KeyN,1791378670980.100,448,n
P02,S2,2,up,KeyN,1791378671070.800,448,n
P02,S2,2,down,KeyO,1791378671173.200,449,o
P02,S2,2,down,Space,1791378671294.000,450, 
P02,S2,2,up,KeyO,1791378671304.400,449,o
P02,S2,2,up,Space,1791378671380.300,450, 
P02,S2,2,down,KeyT,1791378671583.300,451,t
P02,S2,2,up,KeyT,1791378671682.600,451,t
P02,S2,2,down,Space,1791378671710.000,452, 
P02,S2,2,up,Space,1791378671803.800,452, 
P02,S2,2,down,Backspace,1791378672233.700,453,Backspace
P02,S2,2,up,Backspace,1791378672315.000,453,Backspace
P02,S2,2,down,Backspace,1791378672390.600,454,Backspace
P02,S2,2,up,Backspace,1791378672485.400,454,Backspace
P02,S2,2,down,KeyI,1791378672628.700,455,i
P02,S2,2,up,KeyI,1791378672724.800,455,i
P02,S2,2,down,KeyT,1791378672738.800,456,t
P02,S2,2,up,KeyT,1791378672820.400,456,t
P02,S2,2,down,Space,1791378672829.000,457, 
P02,S2,2,up,Space,1791378672926.100,457, 
P02,S2,2,down,KeyD,1791378673003.700,458,d
P02,S2,2,up,KeyD,1791378673142.600,458,d
P02,S2,2,down,KeyE,1791378673171.800,459,e
P02,S2,2,down,KeyO,1791378673186.800,460,o
P02,S2,2,up,KeyO,1791378673213.700,460,o
P02,S2,2,up,KeyE,1791378673236.700,459,e
P02,S2,2,down,Backspace,1791378673603.200,461,Backspace
P02,S2,2,up,Backspace,1791378673679.900,461,Backspace
P02,S2,2,down,Backspace,1791378673753.900,462,Backspace
P02,S2,2,up,Backspace,1791378673841.400,462,Backspace
P02,S2,2,down,KeyO,1791378673965.400,463,o
P02,S2,2,up,KeyO,1791378674058.800,463,o
P02,S2,2,down,KeyE,1791378674067.600,464,e
P02,S2,2,down,KeyS,1791378674161.900,465,s
P02,S2,2,up,KeyE,1791378674177.200,464,e
P02,S2,2,up,KeyS,1791378674297.900,465,s
P02,S2,2,down,KeyN,1791378674354.100,466,n
P02,S2,2,down,KeyT,1791378674395.700,467,t
P02,S2,2,up,KeyN,1791378674456.700,466,n
P02,S2,2,up,KeyT,1791378674499.800,467,t
P02,S2,2,down,Space,1791378674555.600,468, 
P02,S2,2,up,Space,1791378674662.700,468, 
P02,S2,2,down,KeyB,1791378674758.800,469,b
P02,S2,2,down,KeyE,1791378674823.200,470,e
P02,S2,2,up,KeyB,1791378674852.100,469,b
P02,S2,2,up,KeyE,1791378674933.900,470,e
P02,S2,2,down,KeyC,1791378675052.500,471,c
P02,S2,2,up,KeyC,1791378675176.500,471,c
P02,S2,2,down,KeyA,1791378675241.000,472,a
P02,S2,2,up,KeyA,1791378675362.800,472,a
P02,S2,2,down,KeyU,1791378675399.800,473,u
P02,S2,2,down,KeyS,1791378675506.800,474,s
P02,S2,2,up,KeyU,1791378675517.800,473,u
P02,S2,2,down,KeyE,1791378675606.600,475,e
P02,S2,2,up,KeyS,1791378675652.800,474,s
P02,S2,2,down,Space,1791378675702.600,476, 
P02,S2,2,up,KeyE,1791378675757.000,475,e
P02,S2,2,up,Space,1791378675818.300,476, 
P02,S2,2,down,KeyY,1791378676292.000,477,y
P02,S2,2,up,KeyY,1791378676415.400,477,y
P02,S2,2,down,KeyO,1791378676422.000,478,o
P02,S2,2,up,KeyO,1791378676528.700,478,o
P02,S2,2,down,KeyU,1791378676628.800,479,u
P02,S2,2,up,KeyU,1791378676762.300,479,u
P02,S2,2,down,Space,1791378676775.900,480, 
P02,S2,2,down,KeyA,1791378676846.700,481,a
P02,S2,2,up,Space,1791378676867.500,480, 
P02,S2,2,up,KeyA,1791378676971.700,481,a
P02,S2,2,down,KeyR,1791378677084.000,482,r
P02,S2,2,down,KeyE,1791378677152.100,483,e
P02,S2,2,up,KeyR,1791378677214.300,482,r
P02,S2,2,up,KeyE,1791378677313.500,483,e
P02,S2,2,down,Space,1791378677374.600,484, 
P02,S2,2,up,Space,1791378677502.400,484, 
P02,S2,2,down,KeyN,1791378677622.300,485,n
P02,S2,2,up,KeyN,1791378677708.800,485,n
P02,S2,2,down,KeyO,1791378677816.200,486,o
P02,S2,2,up,KeyO,1791378677917.100,486,o
P02,S2,2,down,KeyT,1791378677978.500,487,t
P02,S2,2,up,KeyT,1791378678081.000,487,t
P02,S2,2,down,Space,1791378678124.400,488, 
P02,S2,2,up,Space,1791378678236.500,488, 
P02,S2,2,down,KeyA,1791378678289.900,489,a
P02,S2,2,up,KeyA,1791378678408.500,489,a
P02,S2,2,down,Space,1791378678441.000,490, 
P02,S2,2,up,Space,1791378678584.400,490, 
P02,S2,2,down,KeyL,1791378683668.000,491,l
P02,S2,2,up,KeyL,1791378683757.600,491,l
P02,S2,2,down,KeyI,1791378684368.200,492,i
P02,S2,2,up,KeyI,1791378684462.300,492,i
P02,S2,2,down,KeyV,1791378684913.500,493,v
P02,S2,2,up,KeyV,1791378684998.300,493,v
P02,S2,2,down,KeyI,1791378685005.800,494,i
P02,S2,2,up,KeyI,1791378685078.400,494,i
P02,S2,2,down,KeyN,1791378685197.100,495,n
P02,S2,2,up,KeyN,1791378685205.700,495,n
P02,S2,2,down,KeyN,1791378685216.300,496,n
P02,S2,2,up,KeyN,1791378685258.200,496,n
P02,S2,2,down,KeyG,1791378685287.700,497,g
P02,S2,2,up,KeyG,1791378685368.600,497,g
P02,S2,2,down,Space,1791378685807.100,498, 
P02,S2,2,up,Space,1791378685922.400,498, 
P02,S2,2,down,Backspace,1791378686103.300,499,Backspace
P02,S2,2,up,Backspace,1791378686165.100,499,Backspace
P02,S2,2,down,Backspace,1791378686279.700,500,Backspace
P02,S2,2,up,Backspace,1791378686348.100,500,Backspace
P02,S2,2,down,Backspace,1791378686436.800,501,Backspace
P02,S2,2,up,Backspace,1791378686516.900,501,Backspace
P02,S2,2,down,KeyG,1791378686834.900,502,g
P02,S2,2,up,KeyG,1791378686946.600,502,g
P02,S2,2,down,Space,1791378687016.900,503, 
P02,S2,2,up,Space,1791378687130.700,503, 
P02,S2,2,down,KeyO,1791378687286.800,504,o
P02,S2,2,up,KeyO,1791378687385.300,504,o
P02,S2,2,down,KeyR,1791378687437.400,505,r
P02,S2,2,up,KeyR,1791378687523.900,505,r
P02,S2,2,down,KeyG,1791378687649.300,506,g
P02,S2,2,up,KeyG,1791378687741.600,506,g
P02,S2,2,down,KeyA,1791378687851.100,507,a
P02,S2,2,down,KeyN,1791378687966.400,508,n
P02,S2,2,up,KeyA,1791378687983.600,507,a
P02,S2,2,up,KeyN,1791378688036.600,508,n
P02,S2,2,down,KeyI,1791378688123.500,509,i
P02,S2,2,down,KeyS,1791378688210.000,510,s
P02,S2,2,up,KeyI,1791378688226.600,509,i
P02,S2,2,up,KeyS,1791378688309.600,510,s
P02,S2,2,down,KeyI,1791378688346.100,511,i
P02,S2,2,up,KeyI,1791378688456.500,511,i
P02,S2,2,down,KeyM,1791378688537.400,512,m
P02,S2,2,up,KeyM,1791378688663.500,512,m
P02,S2,2,down,Space,1791378688691.500,513, 
P02,S2,2,up,Space,1791378688824.200,513, 
P02,S2,2,down,Backspace,1791378689444.100,514,Backspace
P02,S2,2,up,Backspace,1791378689530.000,514,Backspace
P02,S2,2,down,Comma,1791378689819.300,515,","
P02,S2,2,up,Comma,1791378689902.700,515,","
P02,S2,2,down,Backspace,1791378690237.500,516,Backspace
P02,S2,2,up,Backspace,1791378690330.700,516,Backspace
P02,S2,2,down,Period,1791378690755.000,517,.
P02,S2,2,up,Period,1791378690841.900,517,.
P02,S2,2,down,Space,1791378690881.500,518, 
P02,S2,2,up,Space,1791378690964.400,518, 
P02,S2,2,down,ShiftLeft,1791378691082.600,519,Shift
P02,S2,2,down,KeyY,1791378691154.600,520,Y
P02,S2,2,up,KeyY,1791378691226.000,520,Y
P02,S2,2,up,ShiftLeft,1791378691246.400,519,Shift
P02,S2,2,down,KeyO,1791378691339.500,521,o
P02,S2,2,up,KeyO,1791378691411.700,521,o
P02,S2,2,down,KeyU,1791378691537.100,522,u
P02,S2,2,up,KeyU,1791378691619.200,522,u
P02,S2,2,down,Space,1791378691673.800,523, 
P02,S2,2,up,Space,1791378691780.700,523, 
P02,S2,2,down,KeyD,1791378691853.000,524,d
P02,S2,2,down,KeyO,1791378691918.800,525,o
P02,S2,2,up,KeyD,1791378691943.600,524,d
P02,S2,2,down,Space,1791378692019.700,526, 
P02,S2,2,up,KeyO,1791378692050.600,525,o
P02,S2,2,up,Space,1791378692152.900,526, 
P02,S2,2,down,KeyN,1791378692212.600,527,n
P02,S2,2,up,KeyN,1791378692302.000,527,n
P02,S2,2,down,KeyO,1791378692391.700,528,o
P02,S2,2,up,KeyO,1791378692499.400,528,o
P02,S2,2,down,KeyT,1791378692579.100,529,t
P02,S2,2,up,KeyT,1791378692686.400,529,t
P02,S2,2,down,Space,1791378692705.100,530, 
P02,S2,2,up,Space,1791378692819.800,530, 
P02,S2,2,down,KeyH,1791378693072.300,531,h
P02,S2,2,up,KeyH,1791378693178.000,531,h
P02,S2,2,down,KeyA,1791378693186.800,532,a
P02,S2,2,up,KeyA,1791378693284.700,532,a
P02,S2,2,down,KeyV,1791378693320.200,533,v
P02,S2,2,up,KeyV,1791378693405.300,533,v
P02,S2,2,down,KeyE,1791378693415.700,534,e
P02,S2,2,down,Space,1791378693504.500,535, 
P02,S2,2,up,KeyE,1791378693541.100,534,e
P02,S2,2,up,Space,1791378693616.800,535, 
P02,S2,2,down,KeyP,1791378693675.100,536,p
P02,S2,2,up,KeyP,1791378693812.400,536,p
P02,S2,2,down,KeyH,1791378693917.300,537,h
P02,S2,2,up,KeyH,1791378694030.200,537,h
P02,S2,2,down,KeyY,1791378694125.700,538,y
P02,S2,2,up,KeyY,1791378694217.400,538,y
P02,S2,2,down,KeyS,1791378694264.300,539,s
P02,S2,2,up,KeyS,1791378694381.300,539,s
P02,S2,2,down,KeyI,1791378694390.700,540,i
P02,S2,2,down,KeyO,1791378694493.400,541,o
P02,S2,2,up,KeyI,1791378694533.900,540,i
P02,S2,2,up,KeyO,1791378694622.900,541,o
P02,S2,2,down,KeyL,1791378694833.400,542,l
P02,S2,2,up,KeyL,1791378694945.100,542,l
P02,S2,2,down,KeyO,1791378695050.500,543,o
P02,S2,2,up,KeyO,1791378695176.900,543,o
P02,S2,2,down,KeyG,1791378695256.300,544,g
P02,S2,2,up,KeyG,1791378695318.200,544,g
P02,S2,2,down,KeyI,1791378695361.800,545,i
P02,S2,2,up,KeyI,1791378695480.700,545,i
P02,S2,2,down,KeyC,1791378695517.900,546,c
P02,S2,2,up,KeyC,1791378695645.900,546,c
P02,S2,2,down,KeyA,1791378695726.100,547,a
P02,S2,2,down,KeyL,1791378695796.600,548,l
P02,S2,2,up,KeyA,1791378695858.200,547,a
P02,S2,2,down,Space,1791378695896.600,549, 
P02,S2,2,up,KeyL,1791378695923.200,548,l
P02,S2,2,up,Space,1791378695990.800,549, 
P02,S2,2,down,KeyN,1791378696061.300,550,n
P02,S2,2,down,KeyE,1791378696091.700,551,e
P02,S2,2,up,KeyN,1791378696149.900,550,n
P02,S2,2,up,KeyE,1791378696173.900,551,e
P02,S2,2,down,KeyE,1791378696258.300,552,e
P02,S2,2,up,KeyE,1791378696334.500,552,e
P02,S2,2,down,KeyD,1791378696479.000,553,d
P02,S2,2,up,KeyD,1791378696693.500,553,d
P02,S2,2,down,KeyS,1791378696751.200,554,s
P02,S2,2,up,KeyS,1791378696863.200,554,s
P02,S2,2,down,Space,1791378696904.300,555, 
P02,S2,2,up,Space,1791378696976.800,555, 
P02,S2,2,down,KeyO,1791378697045.100,556,o
P02,S2,2,up,KeyO,1791378697157.200,556,o
P02,S2,2,down,KeyR,1791378697165.300,557,r
P02,S2,2,up,KeyR,1791378697286.200,557,r
P02,S2,2,down,Space,1791378697307.100,558, 
P02,S2,2,up,Space,1791378697422.000,558, 
P02,S2,2,down,KeyA,1791378697487.400,559,a
P02,S2,2,up,KeyA,1791378697605.100,559,a
P02,S2,2,down,KeyN,1791378697614.100,560,n
P02,S2,2,up,KeyN,1791378697704.800,560,n
P02,S2,2,down,KeyY,1791378697815.300,561,y
P02,S2,2,up,KeyY,1791378697908.900,561,y
P02,S2,2,down,KeyT,1791378697941.800,562,t
P02,S2,2,down,KeyH,1791378698040.500,563,h
P02,S2,2,up,KeyT,1791378698059.900,562,t
P02,S2,2,up,KeyH,1791378698107.400,563,h
P02,S2,2,down,KeyI,1791378698191.600,564,i
P02,S2,2,up,KeyI,1791378698279.700,564,i
P02,S2,2,down,KeyN,1791378698362.300,565,n
P02,S2,2,down,KeyG,1791378698418.700,566,g
P02,S2,2,up,KeyN,1791378698457.100,565,n
P02,S2,2,down,Space,1791378698464.500,567, 
P02,S2,2,up,KeyG,1791378698511.000,566,g
P02,S2,2,up,Space,1791378698559.800,567, 
P02,S2,2,down,KeyI,1791378698662.700,568,i
P02,S2,2,down,KeyS,1791378698709.500,569,s
P02,S2,2,up,KeyS,1791378698760.300,569,s
P02,S2,2,up,KeyI,1791378698767.800,568,i
P02,S2,2,down,KeyI,1791378699059.500,570,i
P02,S2,2,up,KeyI,1791378699138.500,570,i
P02,S2,2,down,Backspace,1791378699420.000,571,Backspace
P02,S2,2,up,Backspace,1791378699506.000,571,Backspace
P02,S2,2,down,Backspace,1791378700663.100,572,Backspace
P02,S2,2,up,Backspace,1791378700741.300,572,Backspace
P02,S2,2,down,Backspace,1791378700895.000,573,Backspace
P02,S2,2,up,Backspace,1791378700976.400,573,Backspace
P02,S2,2,down,KeyS,1791378701287.900,574,s
P02,S2,2,up,KeyS,1791378701401.300,574,s
P02,S2,2,down,KeyI,1791378701459.700,575,i
P02,S2,2,up,KeyI,1791378701516.100,575,i
P02,S2,2,down,KeyM,1791378701610.100,576,m
P02,S2,2,up,KeyM,1791378701703.100,576,m
P02,S2,2,down,KeyI,1791378701780.600,577,i
P02,S2,2,up,KeyI,1791378701851.900,577,i
P02,S2,2,down,KeyL,1791378701957.400,578,l
P02,S2,2,down,KeyA,1791378702034.800,579,a
P02,S2,2,up,KeyL,1791378702069.300,578,l
P02,S2,2,up,KeyA,1791378702154.500,579,a
P02,S2,2,down,KeyR,1791378702230.700,580,r
P02,S2,2,up,KeyR,1791378702347.800,580,r
P02,S2,2,down,Comma,1791378702986.800,581,","
P02,S2,2,up,Comma,1791378703050.900,581,","
P02,S2,2,down,Space,1791378703142.500,582, 
P02,S2,2,up,Space,1791378703233.400,582, 
P02,S2,2,down,KeyS,1791378703255.100,583,s
P02,S2,2,down,KeyO,1791378703357.900,584,o
P02,S2,2,up,KeyS,1791378703379.200,583,s
P02,S2,2,down,Space,1791378703443.400,585, 
P02,S2,2,up,KeyO,1791378703496.800,584,o
P02,S2,2,up,Space,1791378703555.800,585, 
P02,S2,2,down,KeyF,1791378703609.400,586,f
P02,S2,2,up,KeyF,1791378703715.800,586,f
P02,S2,2,down,KeyO,1791378703763.900,587,o
P02,S2,2,up,KeyO,1791378703825.600,587,o
P02,S2,2,down,KeyO,1791378703901.800,588,o
P02,S2,2,up,KeyO,1791378703994.100,588,o
P02,S2,2,down,KeyD,1791378704051.700,589,d
P02,S2,2,up,KeyD,1791378704173.500,589,d
P02,S2,2,down,Space,1791378704228.800,590, 
P02,S2,2,up,Space,1791378704366.600,590, 
P02,S2,2,down,KeyS,1791378704560.700,591,s
P02,S2,2,down,KeyH,1791378704652.900,592,h
P02,S2,2,up,KeyS,1791378704677.300,591,s
P02,S2,2,up,KeyH,1791378704737.300,592,h
P02,S2,2,down,KeyE,1791378704756.300,593,e
P02,S2,2,down,KeyL,1791378704878.500,594,l
P02,S2,2,up,KeyE,1791378704899.800,593,e
P02,S2,2,up,KeyL,1791378704994.900,594,l
P02,S2,2,down,KeyT,1791378705004.700,595,t
P02,S2,2,up,KeyT,1791378705114.400,595,t
P02,S2,2,down,KeyE,1791378705206.700,596,e
P02,S2,2,down,KeyR,1791378705295.200,597,r
P02,S2,2,up,KeyE,1791378705335.900,596,e
P02,S2,2,up,KeyR,1791378705406.700,597,r
P02,S2,2,down,Space,1791378705472.400,598, 
P02,S2,2,up,Space,1791378705574.900,598, 
P02,S2,2,down,KeyA,1791378708208.000,599,a
P02,S2,2,up,KeyA,1791378708337.900,599,a
P02,S2,2,down,KeyN,1791378708575.900,600,n
P02,S2,2,up,KeyN,1791378708680.300,600,n
P02,S2,2,down,KeyD,1791378708719.700,601,d
P02,S2,2,up,KeyD,1791378708845.300,601,d
P02,S2,2,down,Space,1791378708876.200,602, 
P02,S2,2,up,Space,1791378708996.200,602, 
P02,S2,2,down,KeyA,1791378709403.900,603,a
P02,S2,2,up,KeyA,1791378709515.500,603,a
P02,S2,2,down,KeyS,1791378709615.600,604,s
P02,S2,2,down,KeyP,1791378709721.400,605,p
P02,S2,2,up,KeyS,1791378709742.500,604,s
P02,S2,2,up,KeyP,1791378709837.200,605,p
P02,S2,2,down,KeyE,1791378709846.100,606,e
P02,S2,2,up,KeyE,1791378709908.600,606,e
P02,S2,2,down,KeyC,1791378710105.000,607,c
P02,S2,2,up,KeyC,1791378710201.800,607,c
P02,S2,2,down,KeyT,1791378710396.600,608,t
P02,S2,2,up,KeyT,1791378710514.600,608,t
P02,S2,2,down,KeyS,1791378710638.900,609,s
P02,S2,2,up,KeyS,1791378710730.300,609,s
P02,S2,2,down,Space,1791378710751.600,610, 
P02,S2,2,up,Space,1791378710818.600,610, 
P02,S2,2,down,KeyO,1791378710923.900,611,o
P02,S2,2,down,KeyF,1791378710958.600,612,f
P02,S2,2,up,KeyO,1791378711011.900,611,o
P02,S2,2,up,KeyF,1791378711060.600,612,f
P02,S2,2,down,Space,1791378711105.500,613, 
P02,S2,2,up,Space,1791378711187.700,613, 
P02,S2,2,down,KeyS,1791378711217.400,614,s
P02,S2,2,up,KeyS,1791378711324.400,614,s
P02,S2,2,down,KeyO,1791378711333.200,615,o
P02,S2,2,up,KeyO,1791378711417.900,615,o
P02,S2,2,down,KeyC,1791378711484.500,616,c
P02,S2,2,down,KeyI,1791378711604.500,617,i
P02,S2,2,up,KeyC,1791378711615.900,616,c
P02,S2,2,up,KeyI,1791378711699.900,617,i
P02,S2,2,down,KeyA,1791378711719.500,618,a
P02,S2,2,down,KeyL,1791378711831.500,619,l
P02,S2,2,up,KeyA,1791378711852.900,618,a
P02,S2,2,down,Space,1791378711911.100,620, 
P02,S2,2,up,KeyL,1791378711951.700,619,l
P02,S2,2,up,Space,1791378712024.300,620, 
P02,S2,2,down,KeyA,1791378712127.200,621,a
P02,S2,2,up,KeyA,1791378712235.800,621,a
P02,S2,2,down,KeyR,1791378712343.700,622,r
P02,S2,2,down,KeyE,1791378712459.400,623,e
P02,S2,2,up,KeyR,1791378712482.700,622,r
P02,S2,2,up,KeyE,1791378712588.000,623,e
P02,S2,2,down,Space,1791378712632.400,624, 
P02,S2,2,up,Space,1791378712728.000,624, 
P02,S2,2,down,KeyO,1791378712817.500,625,o
P02,S2,2,up,KeyO,1791378712898.200,625,o
P02,S2,2,down,KeyF,1791378712918.400,626,f
P02,S2,2,up,KeyF,1791378713044.100,626,f
P02,S2,2,down,KeyF,1791378713108.500,627,f
P02,S2,2,up,KeyF,1791378713225.200,627,f
P02,S2,2,down,KeyT,1791378713347.500,628,t
P02,S2,2,down,Space,1791378713426.000,629, 
P02,S2,2,up,KeyT,1791378713440.600,628,t
P02,S2,2,up,Space,1791378713567.800,629, 
P02,S2,2,down,Backspace,1791378713916.200,630,Backspace
P02,S2,2,up,Backspace,1791378713987.400,630,Backspace
P02,S2,2,down,Backspace,1791378714070.600,631,Backspace
P02,S2,2,up,Backspace,1791378714156.800,631,Backspace
P02,S2,2,down,Space,1791378714218.200,632, 
P02,S2,2,up,Space,1791378714299.400,632, 
P02,S2,2,down,KeyT,1791378714408.800,633,t
P02,S2,2,up,KeyT,1791378714497.000,633,t
P02,S2,2,down,KeyH,1791378714558.300,634,h
P02,S2,2,up,KeyH,1791378714669.600,634,h
P02,S2,2,down,KeyE,1791378714679.700,635,e
P02,S2,2,down,Space,1791378714730.500,636, 
P02,S2,2,up,KeyE,1791378714798.800,635,e
P02,S2,2,up,Space,1791378714863.200,636, 
P02,S2,2,down,KeyT,1791378714872.000,637,t
P02,S2,2,up,KeyT,1791378714973.300,637,t
P02,S2,2,down,KeyA,1791378715127.900,638,a
P02,S2,2,up,KeyA,1791378715255.400,638,a
P02,S2,2,down,KeyB,1791378715265.400,639,b
P02,S2,2,up,KeyB,1791378715331.400,639,b
P02,S2,2,down,KeyL,1791378715459.500,640,l
P02,S2,2,down,KeyE,1791378715555.700,641,e
P02,S2,2,up,KeyL,1791378715568.400,640,l
P02,S2,2,up,KeyE,1791378715705.100,641,e
P02,S2,2,down,Period,1791378717415.200,642,.
P02,S2,2,up,Period,1791378717480.400,642,.
P02,S2,2,down,ArrowLeft,1791378717963.600,643,ArrowLeft
P02,S2,2,up,ArrowLeft,1791378719915.300,643,ArrowLeft
P02,S2,2,down,ArrowLeft,1791378720087.700,644,ArrowLeft
P02,S2,2,up,ArrowLeft,1791378720191.900,644,ArrowLeft
P02,S2,2,down,ArrowLeft,1791378720273.600,645,ArrowLeft
P02,S2,2,up,ArrowLeft,1791378720357.800,645,ArrowLeft
P02,S2,2,down,ArrowLeft,1791378720429.300,646,ArrowLeft
P02,S2,2,up,ArrowLeft,1791378720551.700,646,ArrowLeft
P02,S2,2,down,ArrowLeft,1791378720918.200,647,ArrowLeft
P02,S2,2,up,ArrowLeft,1791378721027.500,647,ArrowLeft
P02,S2,2,down,Comma,1791378721436.200,648,","
P02,S2,2,up,Comma,1791378721529.500,648,","
P02,S2,2,down,Space,1791378721639.400,649, 
P02,S2,2,up,Space,1791378721759.000,649, 
P02,S2,2,down,KeyS,1791378721944.500,650,s
P02,S2,2,up,KeyS,1791378722048.500,650,s
P02,S2,2,down,KeyA,1791378722125.700,651,a
P02,S2,2,up,KeyA,1791378722244.100,651,a
P02,S2,2,down,KeyD,1791378722423.000,652,d
P02,S2,2,up,KeyD,1791378722499.500,652,d
P02,S2,2,down,Backspace,1791378722700.800,653,Backspace
P02,S2,2,up,Backspace,1791378722831.400,653,Backspace
P02,S2,2,down,KeyF,1791378722841.200,654,f
P02,S2,2,down,KeyE,1791378722912.900,655,e
P02,S2,2,up,KeyF,1791378722934.700,654,f
P02,S2,2,up,KeyE,1791378723049.900,655,e
P02,S2,2,down,KeyT,1791378723157.800,656,t
P02,S2,2,up,KeyT,1791378723276.100,656,t
P02,S2,2,down,KeyY,1791378723378.700,657,y
P02,S2,2,up,KeyY,1791378723460.000,657,y
P02,S2,2,down,Comma,1791378723967.800,658,","
P02,S2,2,up,Comma,1791378724033.300,658,","
P02,S2,2,down,ArrowRight,1791378725239.300,659,ArrowRight
P02,S2,2,down,ControlLeft,1791378725584.300,660,Control
P02,S2,2,up,ArrowRight,1791378725680.900,659,ArrowRight
P02,S2,2,down,ArrowRight,1791378725850.700,661,ArrowRight
P02,S2,2,up,ArrowRight,1791378725923.200,661,ArrowRight
P02,S2,2,down,ArrowRight,1791378726045.500,662,ArrowRight
P02,S2,2,up,ArrowRight,1791378726116.700,662,ArrowRight
P02,S2,2,down,ArrowRight,1791378726218.900,663,ArrowRight
P02,S2,2,up,ArrowRight,1791378726305.200,663,ArrowRight
P02,S2,2,down,ArrowRight,1791378726390.200,664,ArrowRight
P02,S2,2,up,ArrowRight,1791378726501.600,664,ArrowRight
P02,S2,2,down,ArrowRight,1791378726523.100,665,ArrowRight
P02,S2,2,up,ArrowRight,1791378726638.700,665,ArrowRight
P02,S2,2,down,ArrowRight,1791378726729.300,666,ArrowRight
P02,S2,2,up,ArrowRight,1791378726814.300,666,ArrowRight
P02,S2,2,down,ArrowRight,1791378726901.400,667,ArrowRight
P02,S2,2,up,ArrowRight,1791378726982.700,667,ArrowRight
P02,S2,2,down,ArrowRight,1791378727077.700,668,ArrowRight
P02,S2,2,up,ArrowRight,1791378727151.200,668,ArrowRight
P02,S2,2,down,ArrowRight,1791378727256.900,669,ArrowRight
P02,S2,2,up,ArrowRight,1791378727329.000,669,ArrowRight
P02,S2,2,down,ArrowRight,1791378727409.900,670,ArrowRight
P02,S2,2,up,ArrowRight,1791378727496.800,670,ArrowRight
P02,S2,2,up,ControlLeft,1791378727555.500,660,Control
P02,S2,2,down,Space,1791378728026.300,671, 
P02,S2,2,up,Space,1791378728129.700,671, 
P02,S2,2,down,KeyB,1791378728263.100,672,b
P02,S2,2,up,KeyB,1791378728335.600,672,b
P02,S2,2,down,KeyU,1791378728428.900,673,u
P02,S2,2,up,KeyU,1791378728496.900,673,u
P02,S2,2,down,KeyT,1791378728536.600,674,t
P02,S2,2,up,KeyT,1791378728621.800,674,t
P02,S2,2,down,Space,1791378728631.500,675, 
P02,S2,2,up,Space,1791378728738.900,675, 
P02,S2,2,down,KeyY,1791378729039.400,676,y
P02,S2,2,up,KeyY,1791378729124.600,676,y
P02,S2,2,down,KeyO,1791378729133.600,677,o
P02,S2,2,up,KeyO,1791378729217.200,677,o
P02,S2,2,down,KeyU,1791378729325.000,678,u
P02,S2,2,down,Space,1791378729410.300,679, 
P02,S2,2,up,KeyU,1791378729434.000,678,u
P02,S2,2,up,Space,1791378729499.100,679, 
P02,S2,2,down,KeyD,1791378729521.000,680,d
P02,S2,2,down,KeyO,1791378729612.000,681,o
P02,S2,2,up,KeyD,1791378729635.800,680,d
P02,S2,2,down,Space,1791378729683.200,682, 
P02,S2,2,up,KeyO,1791378729734.400,681,o
P02,S2,2,up,Space,1791378729790.800,682, 
P02,S2,2,down,KeyH,1791378729878.500,683,h
P02,S2,2,up,KeyH,1791378729981.500,683,h
P02,S2,2,down,KeyA,1791378729990.900,684,a
P02,S2,2,up,KeyA,1791378730086.000,684,a
P02,S2,2,down,KeyV,1791378730095.100,685,v
P02,S2,2,up,KeyV,1791378730188.900,685,v
P02,S2,2,down,KeyE,1791378730197.700,686,e
P02,S2,2,down,Space,1791378730291.700,687, 
P02,S2,2,up,KeyE,1791378730324.400,686,e
P02,S2,2,up,Space,1791378730428.000,687, 
P02,S2,2,down,KeyS,1791378732437.700,688,s
P02,S2,2,up,KeyS,1791378732524.600,688,s
P02,S2,2,down,KeyE,1791378732632.600,689,e
P02,S2,2,up,KeyE,1791378732759.300,689,e
P02,S2,2,down,KeyL,1791378733005.300,690,l
P02,S2,2,up,KeyL,1791378733093.100,690,l
P02,S2,2,down,KeyF,1791378733147.600,691,f
P02,S2,2,up,KeyF,1791378733481.400,691,f
P02,S2,2,down,Minus,1791378735302.500,692,-
P02,S2,2,up,Minus,1791378735399.400,692,-
P02,S2,2,down,KeyA,1791378735461.600,693,a
P02,S2,2,up,KeyA,1791378735580.500,693,a
P02,S2,2,down,KeyC,1791378735668.900,694,c
P02,S2,2,up,KeyC,1791378735805.300,694,c
P02,S2,2,down,KeyT,1791378735986.200,695,t
P02,S2,2,down,KeyU,1791378736102.300,696,u
P02,S2,2,up,KeyT,1791378736114.300,695,t
P02,S2,2,up,KeyU,1791378736208.200,696,u
P02,S2,2,down,KeyA,1791378736229.400,697,a
P02,S2,2,up,KeyA,1791378736347.200,697,a
P02,S2,2,down,KeyL,1791378736369.500,698,l
P02,S2,2,up,KeyL,1791378736446.900,698,l
P02,S2,2,down,KeyI,1791378736520.700,699,i
P02,S2,2,down,KeyS,1791378736589.700,700,s
P02,S2,2,up,KeyI,1791378736625.200,699,i
P02,S2,2,up,KeyS,1791378736708.200,700,s
P02,S2,2,down,KeyA,1791378736790.400,701,a
P02,S2,2,up,KeyA,1791378736897.700,701,a
P02,S2,2,down,KeyT,1791378736973.200,702,t
P02,S2,2,down,KeyI,1791378737054.200,703,i
P02,S2,2,down,KeyO,1791378737083.400,704,o
P02,S2,2,up,KeyT,1791378737107.800,702,t
P02,S2,2,up,KeyI,1791378737139.100,703,i
P02,S2,2,up,KeyO,1791378737231.800,704,o
P02,S2,2,down,KeyN,1791378737296.300,705,n
P02,S2,2,up,KeyN,1791378737437.700,705,n
P02,S2,2,down,Space,1791378737460.300,706, 
P02,S2,2,up,Space,1791378737593.300,706, 
P02,S2,2,down,KeyA,1791378737636.600,707,a
P02,S2,2,up,KeyA,1791378737761.600,707,a
P02,S2,2,down,KeyN,1791378737809.900,708,n
P02,S2,2,up,KeyN,1791378737889.800,708,n
P02,S2,2,down,KeyD,1791378737978.800,709,d
P02,S2,2,up,KeyD,1791378738065.700,709,d
P02,S2,2,down,Space,1791378738132.200,710, 
P02,S2,2,up,Space,1791378738242.700,710, 
P02,S2,2,down,KeyE,1791378738264.800,711,e
P02,S2,2,up,KeyE,1791378738393.700,711,e
P02,S2,2,down,KeyS,1791378738482.400,712,s
P02,S2,2,up,KeyS,1791378738583.500,712,s
P02,S2,2,down,KeyT,1791378738650.200,713,t
P02,S2,2,up,KeyT,1791378738775.400,713,t
P02,S2,2,down,KeyE,1791378738877.200,714,e
P02,S2,2,up,KeyE,1791378738966.200,714,e
P02,S2,2,down,KeyE,1791378739052.600,715,e
P02,S2,2,up,KeyE,1791378739165.700,715,e
P02,S2,2,down,KeyM,1791378739379.200,716,m
P02,S2,2,up,KeyM,1791378739455.000,716,m
P02,S2,2,down,Period,1791378739946.100,717,.
P02,S2,2,up,Period,1791378739991.900,717,.
P02,S2,2,down,Space,1791378740145.700,718, 
P02,S2,2,up,Space,1791378740208.000,718, 
P02,S2,2,down,ShiftLeft,1791378741279.800,719,Shift
P02,S2,2,down,KeyY,1791378741432.900,720,Y
P02,S2,2,up,KeyY,1791378741502.300,720,Y
P02,S2,2,up,ShiftLeft,1791378741519.700,719,Shift
P02,S2,2,down,KeyO,1791378741665.300,721,o
P02,S2,2,up,KeyO,1791378741833.400,721,o
P02,S2,2,down,KeyU,1791378742781.900,722,u
P02,S2,2,up,KeyU,1791378742859.800,722,u
P02,S2,2,down,Quote,1791378743916.800,723,'
P02,S2,2,up,Quote,1791378744006.000,723,'
P02,S2,2,down,Backspace,1791378744322.700,724,Backspace
P02,S2,2,up,Backspace,1791378744439.500,724,Backspace
P02,S2,2,down,KeyR,1791378744513.700,725,r
P02,S2,2,up,KeyR,1791378744625.200,725,r
P02,S2,2,down,Space,1791378744696.100,726, 
P02,S2,2,up,Space,1791378744818.600,726, 
P02,S2,2,down,KeyE,1791378744916.600,727,e
P02,S2,2,up,KeyE,1791378745049.200,727,e
P02,S2,2,down,KeyN,1791378745074.200,728,n
P02,S2,2,up,KeyN,1791378745179.100,728,n
P02,S2,2,down,KeyT,1791378745212.800,729,t
P02,S2,2,up,KeyT,1791378745309.500,729,t
P02,S2,2,down,KeyI,1791378745319.700,730,i
P02,S2,2,up,KeyI,1791378745411.100,730,i
P02,S2,2,down,KeyR,1791378745434.700,731,r
P02,S2,2,down,KeyE,1791378745517.500,732,e
P02,S2,2,up,KeyR,1791378745581.200,731,r
P02,S2,2,down,Space,1791378745604.900,733, 
P02,S2,2,up,KeyE,1791378745648.400,732,e
P02,S2,2,up,Space,1791378745703.700,733, 
P02,S2,2,down,KeyP,1791378745761.600,734,p
P02,S2,2,up,KeyP,1791378745906.000,734,p
P02,S2,2,down,KeyR,1791378745973.700,735,r
P02,S2,2,up,KeyR,1791378746036.700,735,r
P02,S2,2,down,Backspace,1791378746327.200,736,Backspace
P02,S2,2,up,Backspace,1791378746457.500,736,Backspace
P02,S2,2,down,KeyU,1791378746586.700,737,u
P02,S2,2,up,KeyU,1791378746669.100,737,u
P02,S2,2,down,KeyR,1791378746688.900,738,r
P02,S2,2,up,KeyR,1791378746788.900,738,r
P02,S2,2,down,KeyO,1791378746955.300,739,o
P02,S2,2,up,KeyO,1791378747129.400,739,o
P02,S2,2,down,KeyP,1791378747226.700,740,p
P02,S2,2,up,KeyP,1791378747278.200,740,p
P02,S2,2,down,Backspace,1791378747519.200,741,Backspace
P02,S2,2,up,Backspace,1791378747726.300,741,Backspace
P02,S2,2,down,KeyP,1791378747922.000,742,p
P02,S2,2,up,KeyP,1791378747983.200,742,p
P02,S2,2,down,KeyO,1791378748082.900,743,o
P02,S2,2,down,KeyS,1791378748168.500,744,s
P02,S2,2,up,KeyO,1791378748180.400,743,o
P02,S2,2,down,KeyE,1791378748259.900,745,e
P02,S2,2,up,KeyS,1791378748321.800,744,s
P02,S2,2,up,KeyE,1791378748391.800,745,e
P02,S2,2,down,Space,1791378748592.400,746, 
P02,S2,2,up,Space,1791378748710.000,746, 
P02,S2,2,down,KeyS,1791378748893.600,747,s
P02,S2,2,up,KeyS,1791378749008.500,747,s
P02,S2,2,down,Backspace,1791378749234.100,748,Backspace
P02,S2,2,up,Backspace,1791378749359.700,748,Backspace
P02,S2,2,down,KeyI,1791378749508.700,749,i
P02,S2,2,up,KeyI,1791378749594.600,749,i
P02,S2,2,down,KeyS,1791378749624.800,750,s
P02,S2,2,down,Space,1791378749719.400,751, 
P02,S2,2,up,KeyS,1791378749730.500,750,s
P02,S2,2,up,Space,1791378749812.500,751, 
P02,S2,2,down,KeyF,1791378749832.500,752,f
P02,S2,2,down,KeyI,1791378749931.600,753,i
P02,S2,2,up,KeyF,1791378749942.800,752,f
P02,S2,2,up,KeyI,1791378750003.600,753,i
P02,S2,2,down,KeyN,1791378750108.900,754,n
P02,S2,2,up,KeyN,1791378750184.600,754,n
P02,S2,2,down,KeyS,1791378750240.500,755,s
P02,S2,2,down,KeyI,1791378750292.400,756,i
P02,S2,2,up,KeyS,1791378750331.100,755,s
P02,S2,2,up,KeyI,1791378750376.000,756,i
P02,S2,2,down,KeyN,1791378750469.400,757,n
P02,S2,2,up,KeyN,1791378750581.900,757,n
P02,S2,2,down,KeyG,1791378750716.000,758,g
P02,S2,2,up,KeyG,1791378750831.100,758,g
P02,S2,2,down,Space,1791378750852.300,759, 
P02,S2,2,up,Space,1791378750968.600,759, 
P02,S2,2,down,KeyA,1791378751050.900,760,a
P02,S2,2,up,KeyA,1791378751100.900,760,a
P02,S2,2,down,Backspace,1791378751368.400,761,Backspace
P02,S2,2,up,Backspace,1791378751456.300,761,Backspace
P02,S2,2,down,Backspace,1791378751532.900,762,Backspace
P02,S2,2,up,Backspace,1791378751673.100,762,Backspace
P02,S2,2,down,Backspace,1791378751684.100,763,Backspace
P02,S2,2,up,Backspace,1791378752065.900,763,Backspace
P02,S2,2,down,Backspace,1791378752183.500,764,Backspace
P02,S2,2,up,Backspace,1791378752284.300,764,Backspace
P02,S2,2,down,Backspace,1791378752370.000,765,Backspace
P02,S2,2,up,Backspace,1791378752469.500,765,Backspace
P02,S2,2,down,Backspace,1791378752553.500,766,Backspace
P02,S2,2,up,Backspace,1791378752670.800,766,Backspace
P02,S2,2,down,KeyD,1791378753006.100,767,d
P02,S2,2,up,KeyD,1791378753097.000,767,d
P02,S2,2,down,KeyI,1791378753123.700,768,i
P02,S2,2,up,KeyI,1791378753198.500,768,i
P02,S2,2,down,KeyN,1791378753302.900,769,n
P02,S2,2,down,KeyG,1791378753380.900,770,g
P02,S2,2,up,KeyN,1791378753407.700,769,n
P02,S2,2,up,KeyG,1791378753446.900,770,g
P02,S2,2,down,Space,1791378753466.100,771, 
P02,S2,2,up,Space,1791378753583.500,771, 
P02,S2,2,down,KeyW,1791378753616.200,772,w
P02,S2,2,up,KeyW,1791378753736.900,772,w
P02,S2,2,down,KeyA,1791378753786.600,773,a
P02,S2,2,up,KeyA,1791378753899.000,773,a
P02,S2,2,down,KeyY,1791378753923.600,774,y
P02,S2,2,up,KeyY,1791378753996.700,774,y
P02,S2,2,down,KeyS,1791378754058.600,775,s
P02,S2,2,down,Space,1791378754175.700,776, 
P02,S2,2,up,KeyS,1791378754187.300,775,s
P02,S2,2,up,Space,1791378754298.700,776, 
P02,S2,2,down,KeyT,1791378754345.600,777,t
P02,S2,2,up,KeyT,1791378754462.400,777,t
P02,S2,2,down,KeyO,1791378754472.700,778,o
P02,S2,2,down,Space,1791378754568.500,779, 
P02,S2,2,up,KeyO,1791378754610.100,778,o
P02,S2,2,up,Space,1791378754650.200,779, 
P02,S2,2,down,KeyI,1791378755302.600,780,i
P02,S2,2,up,KeyI,1791378755378.100,780,i
P02,S2,2,down,KeyM,1791378755474.800,781,m
P02,S2,2,up,KeyM,1791378755566.300,781,m
P02,S2,2,down,KeyP,1791378755669.400,782,p
P02,S2,2,up,KeyP,1791378755779.000,782,p
P02,S2,2,down,KeyR,1791378755856.900,783,r
P02,S2,2,up,KeyR,1791378755944.400,783,r
P02,S2,2,down,KeyO,1791378756119.900,784,o
P02,S2,2,up,KeyO,1791378756205.000,784,o
P02,S2,2,down,KeyV,1791378756240.600,785,v
P02,S2,2,up,KeyV,1791378756337.400,785,v
P02,S2,2,down,KeyE,1791378756440.200,786,e
P02,S2,2,down,Space,1791378756531.800,787, 
P02,S2,2,up,KeyE,1791378756563.500,786,e
P02,S2,2,up,Space,1791378756656.600,787, 
P02,S2,2,down,KeyY,1791378756920.500,788,y
P02,S2,2,up,KeyY,1791378756991.100,788,y
P02,S2,2,down,KeyO,1791378757146.700,789,o
P02,S2,2,up,KeyO,1791378757182.300,789,o
P02,S2,2,down,KeyU,1791378757483.200,790,u
P02,S2,2,up,KeyU,1791378757555.100,790,u
P02,S2,2,down,KeyR,1791378757638.300,791,r
P02,S2,2,down,Space,1791378757704.000,792, 
P02,S2,2,up,KeyR,1791378757731.900,791,r
P02,S2,2,up,Space,1791378757806.900,792, 
P02,S2,2,down,KeyE,1791378757871.400,793,e
P02,S2,2,up,KeyE,1791378757996.700,793,e
P02,S2,2,down,KeyF,1791378758127.300,794,f
P02,S2,2,up,KeyF,1791378758182.300,794,f
P02,S2,2,down,KeyF,1791378758258.600,795,f
P02,S2,2,up,KeyF,1791378758354.600,795,f
P02,S2,2,down,KeyE,1791378758369.800,796,e
P02,S2,2,up,KeyE,1791378758492.600,796,e
P02,S2,2,down,KeyC,1791378758606.700,797,c
P02,S2,2,up,KeyC,1791378758701.200,797,c
P02,S2,2,down,KeyI,1791378758750.400,798,i
P02,S2,2,down,KeyE,1791378758811.800,799,e
P02,S2,2,up,KeyI,1791378758839.400,798,i
P02,S2,2,up,KeyE,1791378758897.900,799,e
P02,S2,2,down,KeyN,1791378758957.600,800,n
P02,S2,2,down,KeyC,1791378759048.000,801,c
P02,S2,2,up,KeyN,1791378759078.400,800,n
P02,S2,2,up,KeyC,1791378759171.000,801,c
P02,S2,2,down,KeyY,1791378759202.300,802,y
P02,S2,2,up,KeyY,1791378759315.200,802,y
P02,S2,2,down,Space,1791378759330.000,803, 
P02,S2,2,up,Space,1791378759467.500,803, 
P02,S2,2,down,KeyW,1791378759545.900,804,w
P02,S2,2,down,KeyI,1791378759647.000,805,i
P02,S2,2,up,KeyW,1791378759674.500,804,w
P02,S2,2,up,KeyI,1791378759755.100,805,i
P02,S2,2,down,KeyT,1791378759782.400,806,t
P02,S2,2,down,KeyH,1791378759869.100,807,h
P02,S2,2,up,KeyT,1791378759897.900,806,t
P02,S2,2,down,Space,1791378759939.700,808, 
P02,S2,2,up,KeyH,1791378759989.700,807,h
P02,S2,2,down,KeyT,1791378760018.200,809,t
P02,S2,2,up,Space,1791378760050.400,808, 
P02,S2,2,up,KeyT,1791378760096.400,809,t
P02,S2,2,down,KeyA,1791378760230.400,810,a
P02,S2,2,up,KeyA,1791378760344.500,810,a
P02,S2,2,down,KeyK,1791378760443.700,811,k
P02,S2,2,up,KeyK,1791378760535.800,811,k
P02,S2,2,down,Backspace,1791378760908.500,812,Backspace
P02,S2,2,up,Backspace,1791378761018.100,812,Backspace
P02,S2,2,down,KeyS,1791378761061.300,813,s
P02,S2,2,up,KeyS,1791378761153.800,813,s
P02,S2,2,down,KeyK,1791378761204.000,814,k
P02,S2,2,up,KeyK,1791378761311.100,814,k
P02,S2,2,down,KeyS,1791378761369.100,815,s
P02,S2,2,up,KeyS,1791378761496.600,815,s
P02,S2,2,down,Period,1791378761954.900,816,.
P02,S2,2,up,Period,1791378762035.800,816,.
P02,S2,2,down,Enter,1791378762194.600,817,Enter
P02,S2,3,up,Enter,1791378762275.900,817,Enter
P02,S2,3,down,KeyN,1791378786636.700,818,n
P02,S2,3,up,KeyN,1791378786723.300,818,n
P02,S2,3,down,KeyO,1791378786814.800,819,o
P02,S2,3,up,KeyO,1791378786944.400,819,o
P02,S2,3,down,Space,1791378786955.900,820, 
P02,S2,3,up,Space,1791378787070.700,820, 
P02,S2,3,down,KeyS,1791378787212.300,821,s
P02,S2,3,up,KeyS,1791378787332.200,821,s
P02,S2,3,down,KeyE,1791378787477.200,822,e
P02,S2,3,up,KeyE,1791378787570.800,822,e
P02,S2,3,down,KeyE,1791378787659.900,823,e
P02,S2,3,up,KeyE,1791378787780.100,823,e
P02,S2,3,down,Space,1791378787790.500,824, 
P02,S2,3,up,Space,1791378787891.700,824, 
P02,S2,3,down,KeyY,1791378788171.200,825,y
P02,S2,3,up,KeyY,1791378788262.800,825,y
P02,S2,3,down,KeyO,1791378788291.200,826,o
P02,S2,3,up,KeyO,1791378788424.500,826,o
P02,S2,3,down,KeyU,1791378788474.900,827,u
P02,S2,3,up,KeyU,1791378788619.100,827,u
P02,S2,3,down,KeyR,1791378789113.700,828,r
P02,S2,3,up,KeyR,1791378789221.200,828,r
P02,S2,3,down,Space,1791378789232.300,829, 
P02,S2,3,up,Space,1791378789315.200,829, 
P02,S2,3,down,KeyT,1791378789410.900,830,t
P02,S2,3,down,KeyH,1791378789506.700,831,h
P02,S2,3,up,KeyT,1791378789535.200,830,t
P02,S2,3,up,KeyH,1791378789580.300,831,h
P02,S2,3,down,KeyI,1791378789682.800,832,i
P02,S2,3,up,KeyI,1791378789744.100,832,i
P02,S2,3,down,KeyN,1791378789868.900,833,n
P02,S2,3,up,KeyN,1791378789965.600,833,n
P02,S2,3,down,KeyK,1791378790472.400,834,k
P02,S2,3,up,KeyK,1791378790539.500,834,k
P02,S2,3,down,KeyI,1791378790635.300,835,i
P02,S2,3,up,KeyI,1791378790726.800,835,i
P02,S2,3,down,KeyN,1791378790842.100,836,n
P02,S2,3,up,KeyN,1791378790913.200,836,n
P02,S2,3,down,KeyG,1791378790951.100,837,g
P02,S2,3,up,KeyG,1791378791059.300,837,g
P02,S2,3,down,ControlRight,1791378791348.100,838,Control
P02,S2,3,up,ControlRight,1791378791846.300,838,Control
P02,S2,3,down,ArrowLeft,1791378792164.900,839,ArrowLeft
P02,S2,3,up,ArrowLeft,1791378793091.600,839,ArrowLeft
P02,S2,3,down,ArrowRight,1791378793765.200,840,ArrowRight
P02,S2,3,up,ArrowRight,1791378793856.300,840,ArrowRight
P02,S2,3,down,ArrowRight,1791378793947.100,841,ArrowRight
P02,S2,3,up,ArrowRight,1791378794041.900,841,ArrowRight
P02,S2,3,down,Quote,1791378794894.300,842,'
P02,S2,3,up,Quote,1791378794955.500,842,'
P02,S2,3,down,ArrowRight,1791378795111.200,843,ArrowRight
P02,S2,3,up,ArrowRight,1791378795255.500,843,ArrowRight
P02,S2,3,down,KeyE,1791378795282.200,844,e
P02,S2,3,up,KeyE,1791378795392.000,844,e
P02,S2,3,down,ArrowRight,1791378795559.200,845,ArrowRight
P02,S2,3,up,ArrowRight,1791378796549.400,845,ArrowRight
P02,S2,3,down,Backspace,1791378796850.800,846,Backspace
P02,S2,3,up,Backspace,1791378797513.500,846,Backspace
P02,S2,3,down,Backspace,1791378797646.500,847,Backspace
P02,S2,3,up,Backspace,1791378797737.200,847,Backspace
P02,S2,3,down,Backspace,1791378797835.300,848,Backspace
P02,S2,3,up,Backspace,1791378797900.800,848,Backspace
P02,S2,3,down,Backspace,1791378797994.300,849,Backspace
P02,S2,3,up,Backspace,1791378798074.700,849,Backspace
P02,S2,3,down,Backspace,1791378798174.300,850,Backspace
P02,S2,3,up,Backspace,1791378798230.900,850,Backspace
P02,S2,3,down,Backspace,1791378798333.100,851,Backspace
P02,S2,3,up,Backspace,1791378798412.600,851,Backspace
P02,S2,3,down,KeyA,1791378798660.900,852,a
P02,S2,3,up,KeyA,1791378798765.000,852,a
P02,S2,3,down,KeyP,1791378798841.800,853,p
P02,S2,3,up,KeyP,1791378798913.900,853,p
P02,S2,3,down,KeyP,1791378798988.300,854,p
P02,S2,3,up,KeyP,1791378799052.300,854,p
P02,S2,3,down,KeyL,1791378799182.800,855,l
P02,S2,3,up,KeyL,1791378799250.000,855,l
P02,S2,3,down,KeyY,1791378799415.300,856,y
P02,S2,3,up,KeyY,1791378799504.600,856,y
P02,S2,3,down,KeyI,1791378799516.000,857,i
P02,S2,3,up,KeyI,1791378799590.000,857,i
P02,S2,3,down,KeyN,1791378799712.500,858,n
P02,S2,3,down,KeyG,1791378799760.700,859,g
P02,S2,3,up,KeyN,1791378799793.600,858,n
P02,S2,3,down,Space,1791378799804.200,860, 
P02,S2,3,up,KeyG,1791378799873.800,859,g
P02,S2,3,up,Space,1791378799904.700,860, 
P02,S2,3,down,KeyM,1791378799992.500,861,m
P02,S2,3,up,KeyM,1791378800083.800,861,m
P02,S2,3,down,KeyA,1791378800095.200,862,a
P02,S2,3,up,KeyA,1791378800204.500,862,a
P02,S2,3,down,KeyS,1791378800285.000,863,s
P02,S2,3,up,KeyS,1791378800407.900,863,s
P02,S2,3,down,KeyL,1791378800440.400,864,l
P02,S2,3,up,KeyL,1791378800548.900,864,l
P02,S2,3,down,KeyO,1791378800648.300,865,o
P02,S2,3,up,KeyO,1791378800730.400,865,o
P02,S2,3,down,KeyW,1791378800741.900,866,w
P02,S2,3,up,KeyW,1791378800850.200,866,w
P02,S2,3,down,Space,1791378800938.300,867, 
P02,S2,3,up,Space,1791378801050.800,867, 
P02,S2,3,down,KeyT,1791378801416.900,868,t
P02,S2,3,up,KeyT,1791378801499.000,868,t
P02,S2,3,down,KeyO,1791378801625.400,869,o
P02,S2,3,down,Space,1791378801663.800,870, 
P02,S2,3,up,KeyO,1791378801740.400,869,o
P02,S2,3,up,Space,1791378801780.300,870, 
P02,S2,3,down,KeyY,1791378801864.900,871,y
P02,S2,3,down,KeyO,1791378801950.200,872,o
P02,S2,3,up,KeyY,1791378801982.600,871,y
P02,S2,3,up,KeyO,1791378802053.800,872,o
P02,S2,3,down,KeyU,1791378802158.900,873,u
P02,S2,3,up,KeyU,1791378802267.500,873,u
P02,S2,3,down,KeyR,1791378802278.300,874,r
P02,S2,3,up,KeyR,1791378802372.500,874,r
P02,S2,3,down,KeyS,1791378802516.400,875,s
P02,S2,3,down,KeyE,1791378802586.300,876,e
P02,S2,3,up,KeyS,1791378802640.700,875,s
P02,S2,3,down,KeyL,1791378802727.200,877,l
P02,S2,3,up,KeyE,1791378802756.100,876,e
P02,S2,3,up,KeyL,1791378802872.000,877,l
P02,S2,3,down,KeyF,1791378802886.500,878,f
P02,S2,3,down,Space,1791378802952.000,879, 
P02,S2,3,up,KeyF,1791378802994.100,878,f
P02,S2,3,up,Space,1791378803061.000,879, 
P02,S2,3,down,KeyL,1791378803108.700,880,l
P02,S2,3,up,KeyL,1791378803223.100,880,l
P02,S2,3,down,KeyI,1791378803279.400,881,i
P02,S2,3,up,KeyI,1791378803362.100,881,i
P02,S2,3,down,KeyK,1791378803463.600,882,k
P02,S2,3,up,KeyK,1791378803556.900,882,k
P02,S2,3,down,KeyE,1791378803568.100,883,e
P02,S2,3,down,Space,1791378803641.700,884, 
P02,S2,3,up,KeyE,1791378803671.700,883,e
P02,S2,3,up,Space,1791378803740.300,884, 
P02,S2,3,down,KeyY,1791378803888.800,885,y
P02,S2,3,down,KeyO,1791378803976.700,886,o
P02,S2,3,up,KeyY,1791378803989.300,885,y
P02,S2,3,up,KeyO,1791378804080.600,886,o
P02,S2,3,down,KeyU,1791378804147.300,887,u
P02,S2,3,up,KeyU,1791378804246.900,887,u
P02,S2,3,down,Space,1791378804278.000,888, 
P02,S2,3,down,KeyA,1791378804332.200,889,a
P02,S2,3,up,Space,1791378804389.700,888, 
P02,S2,3,up,KeyA,1791378804419.800,889,a
P02,S2,3,down,KeyR,1791378804432.100,890,r
P02,S2,3,down,KeyE,1791378804532.800,891,e
P02,S2,3,up,KeyR,1791378804585.000,890,r
P02,S2,3,down,Space,1791378804683.800,892, 
P02,S2,3,up,KeyE,1791378804696.900,891,e
P02,S2,3,up,Space,1791378804761.000,892, 
P02,S2,3,down,KeyA,1791378804918.500,893,a
P02,S2,3,up,KeyA,1791378805002.100,893,a
P02,S2,3,down,Space,1791378805030.400,894, 
P02,S2,3,up,Space,1791378805138.600,894, 
P02,S2,3,down,KeyL,1791378805235.600,895,l
P02,S2,3,up,KeyL,1791378805329.100,895,l
P02,S2,3,down,KeyI,1791378805438.100,896,i
P02,S2,3,up,KeyI,1791378805520.600,896,i
P02,S2,3,down,KeyV,1791378805543.400,897,v
P02,S2,3,up,KeyV,1791378805647.200,897,v
P02,S2,3,down,KeyI,1791378805658.900,898,i
P02,S2,3,up,KeyI,1791378805734.600,898,i
P02,S2,3,down,KeyN,1791378805832.800,899,n
P02,S2,3,down,KeyG,1791378805907.400,900,g
P02,S2,3,up,KeyN,1791378805940.800,899,n
P02,S2,3,down,Space,1791378805969.600,901, 
P02,S2,3,up,KeyG,1791378806021.500,900,g
P02,S2,3,up,Space,1791378806063.900,901, 
P02,S2,3,down,KeyO,1791378806149.200,902,o
P02,S2,3,down,KeyR,1791378806241.400,903,r
P02,S2,3,up,KeyO,1791378806260.700,902,o
P02,S2,3,up,KeyR,1791378806327.600,903,r
P02,S2,3,down,KeyG,1791378806460.600,904,g
P02,S2,3,up,KeyG,1791378806529.000,904,g
P02,S2,3,down,KeyA,1791378806637.200,905,a
P02,S2,3,up,KeyA,1791378806735.400,905,a
P02,S2,3,down,KeyN,1791378806748.200,906,n
P02,S2,3,up,KeyN,1791378806799.100,906,n
P02,S2,3,down,KeyI,1791378806901.100,907,i
P02,S2,3,down,KeyS,1791378806974.400,908,s
P02,S2,3,up,KeyI,1791378806988.000,907,i
P02,S2,3,up,KeyS,1791378807057.900,908,s
P02,S2,3,down,KeyM,1791378807151.800,909,m
P02,S2,3,up,KeyM,1791378807259.400,909,m
P02,S2,3,down,Period,1791378807749.100,910,.
P02,S2,3,up,Period,1791378807787.500,910,.
P02,S2,3,down,Space,1791378808069.000,911, 
P02,S2,3,up,Space,1791378808133.100,911, 
P02,S2,3,down,KeyY,1791378808273.400,912,y
P02,S2,3,up,KeyY,1791378808369.900,912,y
P02,S2,3,down,KeyO,1791378808381.800,913,o
P02,S2,3,up,KeyO,1791378808467.500,913,o
P02,S2,3,down,KeyU,1791378808566.200,914,u
P02,S2,3,down,Space,1791378808638.900,915, 
P02,S2,3,up,KeyU,1791378808669.700,914,u
P02,S2,3,up,Space,1791378808754.700,915, 
P02,S2,3,down,KeyA,1791378808766.900,916,a
P02,S2,3,up,KeyA,1791378808888.300,916,a
P02,S2,3,down,KeyR,1791378809063.800,917,r
P02,S2,3,up,KeyR,1791378809229.600,917,r
P02,S2,3,down,KeyE,1791378809260.400,918,e
P02,S2,3,up,KeyE,1791378809401.500,918,e
P02,S2,3,down,Space,1791378809558.300,919, 
P02,S2,3,up,Space,1791378809650.400,919, 
P02,S2,3,down,KeyN,1791378809731.200,920,n
P02,S2,3,up,KeyN,1791378809799.600,920,n
P02,S2,3,down,KeyO,1791378809916.600,921,o
P02,S2,3,up,KeyO,1791378810013.100,921,o
P02,S2,3,down,KeyT,1791378810409.000,922,t
P02,S2,3,up,KeyT,1791378810535.400,922,t
P02,S2,3,down,Period,1791378810866.100,923,.
P02,S2,3,up,Period,1791378810925.800,923,.
P02,S2,3,down,Space,1791378823627.900,924, 
P02,S2,3,up,Space,1791378823730.500,924, 
P02,S2,3,down,KeyH,1791378823981.100,925,h
P02,S2,3,up,KeyH,1791378824053.500,925,h
P02,S2,3,down,KeyO,1791378824151.500,926,o
P02,S2,3,down,KeyW,1791378824237.700,927,w
P02,S2,3,up,KeyO,1791378824269.000,926,o
P02,S2,3,up,KeyW,1791378824319.100,927,w
P02,S2,3,down,KeyE,1791378824415.400,928,e
P02,S2,3,up,KeyE,1791378824524.600,928,e
P02,S2,3,down,KeyV,1791378824554.900,929,v
P02,S2,3,up,KeyV,1791378824637.400,929,v
P02,S2,3,down,KeyE,1791378824649.500,930,e
P02,S2,3,down,KeyR,1791378824729.900,931,r
P02,S2,3,up,KeyE,1791378824818.600,930,e
P02,S2,3,down,Space,1791378824863.900,932, 
P02,S2,3,up,KeyR,1791378824879.100,931,r
P02,S2,3,up,Space,1791378824993.000,932, 
P02,S2,3,down,KeyY,1791378825341.000,933,y
P02,S2,3,up,KeyY,1791378825402.200,933,y
P02,S2,3,down,KeyO,1791378825511.700,934,o
P02,S2,3,up,KeyO,1791378825632.300,934,o
P02,S2,3,down,KeyU,1791378825744.300,935,u
P02,S2,3,down,Space,1791378825848.600,936, 
P02,S2,3,up,KeyU,1791378825870.700,935,u
P02,S2,3,up,Space,1791378825949.900,936, 
P02,S2,3,down,KeyH,1791378826211.400,937,h
P02,S2,3,up,KeyH,1791378826291.600,937,h
P02,S2,3,down,KeyV,1791378826464.200,938,v
P02,S2,3,up,KeyV,1791378826525.200,938,v
P02,S2,3,down,Backspace,1791378826804.800,939,Backspace
P02,S2,3,up,Backspace,1791378826905.700,939,Backspace
P02,S2,3,down,KeyA,1791378826993.000,940,a
P02,S2,3,up,KeyA,1791378827089.200,940,a
P02,S2,3,down,KeyV,1791378827193.300,941,v
P02,S2,3,up,KeyV,1791378827269.900,941,v
P02,S2,3,down,KeyE,1791378827307.800,942,e
P02,S2,3,down,Space,1791378827415.900,943, 
P02,S2,3,up,KeyE,1791378827447.700,942,e
P02,S2,3,up,Space,1791378827525.700,943, 
P02,S2,3,down,KeyF,1791378827706.100,944,f
P02,S2,3,up,KeyF,1791378827832.400,944,f
P02,S2,3,down,KeyE,1791378827902.800,945,e
P02,S2,3,up,KeyE,1791378827963.800,945,e
P02,S2,3,down,KeyE,1791378828047.400,946,e
P02,S2,3,up,KeyE,1791378828129.300,946,e
P02,S2,3,down,KeyD,1791378828200.000,947,d
P02,S2,3,up,KeyD,1791378828335.600,947,d
P02,S2,3,down,KeyB,1791378828397.300,948,b
P02,S2,3,up,KeyB,1791378828471.300,948,b
P02,S2,3,down,KeyA,1791378828483.900,949,a
P02,S2,3,up,KeyA,1791378828579.300,949,a
P02,S2,3,down,KeyC,1791378828653.200,950,c
P02,S2,3,up,KeyC,1791378828768.600,950,c
P02,S2,3,down,KeyK,1791378829645.600,951,k
P02,S2,3,up,KeyK,1791378829697.400,951,k
P02,S2,3,down,Period,1791378829865.300,952,.
P02,S2,3,up,Period,1791378829958.600,952,.
P02,S2,3,down,Space,1791378830026.500,953, 
P02,S2,3,up,Space,1791378830118.200,953, 
P02,S2,3,down,KeyS,1791378830130.100,954,s
P02,S2,3,down,KeyO,1791378830218.300,955,o
P02,S2,3,up,KeyS,1791378830250.800,954,s
P02,S2,3,down,Space,1791378830308.900,956, 
P02,S2,3,up,KeyO,1791378830361.200,955,o
P02,S2,3,down,KeyW,1791378830392.300,957,w
P02,S2,3,up,Space,1791378830404.700,956, 
P02,S2,3,up,KeyW,1791378830509.900,957,w
P02,S2,3,down,KeyH,1791378830522.800,958,h
P02,S2,3,up,KeyH,1791378830602.800,958,h
P02,S2,3,down,KeyE,1791378830627.400,959,e
P02,S2,3,up,KeyE,1791378830711.800,959,e
P02,S2,3,down,KeyN,1791378830726.900,960,n
P02,S2,3,down,Space,1791378830822.400,961, 
P02,S2,3,up,KeyN,1791378830837.700,960,n
P02,S2,3,up,Space,1791378830903.900,961, 
P02,S2,3,down,KeyY,1791378831100.700,962,y
P02,S2,3,down,KeyO,1791378831173.600,963,o
P02,S2,3,up,KeyY,1791378831214.100,962,y
P02,S2,3,up,KeyO,1791378831266.400,963,o
P02,S2,3,down,KeyU,1791378831392.100,964,u
P02,S2,3,up,KeyU,1791378831488.100,964,u
P02,S2,3,down,Space,1791378831503.500,965, 
P02,S2,3,up,Space,1791378831617.600,965, 
P02,S2,3,down,KeyA,1791378831683.800,966,a
P02,S2,3,up,KeyA,1791378831801.600,966,a
P02,S2,3,down,KeyD,1791378831876.800,967,d
P02,S2,3,up,KeyD,1791378831980.100,967,d
P02,S2,3,down,KeyJ,1791378832132.700,968,j
P02,S2,3,up,KeyJ,1791378832214.000,968,j
P02,S2,3,down,KeyU,1791378832306.700,969,u
P02,S2,3,down,KeyS,1791378832387.000,970,s
P02,S2,3,up,KeyU,1791378832400.300,969,u
P02,S2,3,up,KeyS,1791378832474.300,970,s
P02,S2,3,down,KeyT,1791378832535.600,971,t
P02,S2,3,up,KeyT,1791378832630.400,971,t
P02,S2,3,down,KeyE,1791378832742.900,972,e
P02,S2,3,up,KeyE,1791378832820.500,972,e
P02,S2,3,down,KeyD,1791378832946.200,973,d
P02,S2,3,up,KeyD,1791378833029.100,973,d
P02,S2,3,down,Space,1791378833081.500,974, 
P02,S2,3,up,Space,1791378833162.900,974, 
P02,S2,3,down,KeyE,1791378833233.600,975,e
P02,S2,3,up,KeyE,1791378833345.300,975,e
P02,S2,3,down,KeyA,1791378833389.800,976,a
P02,S2,3,up,KeyA,1791378833503.100,976,a
P02,S2,3,down,KeyR,1791378833585.200,977,r
P02,S2,3,up,KeyR,1791378833683.000,977,r
P02,S2,3,down,KeyL,1791378833733.400,978,l
P02,S2,3,up,KeyL,1791378833843.000,978,l
P02,S2,3,down,KeyI,1791378834401.000,979,i
P02,S2,3,up,KeyI,1791378834484.700,979,i
P02,S2,3,down,KeyE,1791378834528.700,980,e
P02,S2,3,down,KeyR,1791378834627.200,981,r
P02,S2,3,up,KeyE,1791378834685.800,980,e
P02,S2,3,up,KeyR,1791378834766.200,981,r
P02,S2,3,down,Space,1791378834818.800,982, 
P02,S2,3,up,Space,1791378834914.100,982, 
P02,S2,3,down,KeyY,1791378835176.300,983,y
P02,S2,3,up,KeyY,1791378835212.700,983,y
P02,S2,3,down,KeyO,1791378835347.800,984,o
P02,S2,3,up,KeyO,1791378835453.700,984,o
P02,S2,3,down,KeyU,1791378835549.900,985,u
P02,S2,3,up,KeyU,1791378835646.700,985,u
P02,S2,3,down,Space,1791378835660.000,986, 
P02,S2,3,up,Space,1791378835725.300,986, 
P02,S2,3,down,KeyD,1791378835779.800,987,d
P02,S2,3,up,KeyD,1791378835876.600,987,d
P02,S2,3,down,KeyI,1791378835928.900,988,i
P02,S2,3,up,KeyI,1791378836032.900,988,i
P02,S2,3,down,KeyD,1791378836083.000,989,d
P02,S2,3,up,KeyD,1791378836175.900,989,d
P02,S2,3,down,Space,1791378836384.400,990, 
P02,S2,3,up,Space,1791378836480.800,990, 
P02,S2,3,down,KeyT,1791378836864.000,991,t
P02,S2,3,up,KeyT,1791378836949.100,991,t
P02,S2,3,down,KeyH,1791378837013.100,992,h
P02,S2,3,up,KeyH,1791378837071.400,992,h
P02,S2,3,down,KeyA,1791378837085.200,993,a
P02,S2,3,up,KeyA,1791378837177.600,993,a
P02,S2,3,down,KeyT,1791378837255.900,994,t
P02,S2,3,up,KeyT,1791378837371.900,994,t
P02,S2,3,down,Space,1791378837401.200,995, 
P02,S2,3,up,Space,1791378837448.300,995, 
P02,S2,3,down,KeyN,1791378837587.600,996,n
P02,S2,3,up,KeyN,1791378837638.500,996,n
P02,S2,3,down,KeyO,1791378837756.700,997,o
P02,S2,3,down,KeyT,1791378837875.600,998,t
P02,S2,3,up,KeyO,1791378837890.700,997,o
P02,S2,3,up,KeyT,1791378837960.500,998,t
P02,S2,3,down,Space,1791378837979.700,999, 
P02,S2,3,up,Space,1791378838071.800,999, 
P02,S2,3,down,KeyB,1791378838140.000,1000,b
P02,S2,3,down,KeyE,1791378838177.000,1001,e
P02,S2,3,up,KeyB,1791378838244.600,1000,b
P02,S2,3,up,KeyE,1791378838282.600,1001,e
P02,S2,3,down,KeyC,1791378838434.300,1002,c
P02,S2,3,up,KeyC,1791378838562.000,1002,c
P02,S2,3,down,KeyA,1791378838634.200,1003,a
P02,S2,3,up,KeyA,1791378838727.600,1003,a
P02,S2,3,down,KeyU,1791378838746.100,1004,u
P02,S2,3,up,KeyU,1791378838854.400,1004,u
P02,S2,3,down,KeyS,1791378838872.900,1005,s
P02,S2,3,down,KeyE,1791378838928.500,1006,e
P02,S2,3,up,KeyS,1791378838982.300,1005,s
P02,S2,3,down,Space,1791378839093.900,1007, 
P02,S2,3,up,KeyE,1791378839109.100,1006,e
P02,S2,3,up,Space,1791378839179.000,1007, 
P02,S2,3,down,KeyY,1791378839517.900,1008,y
P02,S2,3,up,KeyY,1791378839569.900,1008,y
P02,S2,3,down,KeyO,1791378839714.000,1009,o
P02,S2,3,up,KeyO,1791378839823.100,1009,o
P02,S2,3,down,KeyU,1791378839938.600,1010,u
P02,S2,3,down,Space,1791378840056.000,1011, 
P02,S2,3,up,KeyU,1791378840070.200,1010,u
P02,S2,3,up,Space,1791378840162.400,1011, 
P02,S2,3,down,KeyW,1791378840340.900,1012,w
P02,S2,3,up,KeyW,1791378840429.400,1012,w
P02,S2,3,down,KeyE,1791378840547.200,1013,e
P02,S2,3,down,KeyR,1791378840633.200,1014,r
P02,S2,3,up,KeyE,1791378840680.900,1013,e
P02,S2,3,up,KeyR,1791378840795.900,1014,r
P02,S2,3,down,KeyE,1791378840810.700,1015,e
P02,S2,3,up,KeyE,1791378840912.100,1015,e
P02,S2,3,down,Space,1791378840956.100,1016, 
P02,S2,3,up,Space,1791378841051.600,1016, 
P02,S2,3,down,KeyI,1791378882633.700,1017,i
P02,S2,3,up,KeyI,1791378882676.300,1017,i
P02,S2,3,down,Backspace,1791378883017.000,1018,Backspace
P02,S2,3,up,Backspace,1791378883149.900,1018,Backspace
P02,S2,3,down,KeyU,1791378883328.200,1019,u
P02,S2,3,up,KeyU,1791378883420.400,1019,u
P02,S2,3,down,BracketLeft,1791378883570.100,1020,[
P02,S2,3,up,BracketLeft,1791378883652.200,1020,[
P02,S2,3,down,Backspace,1791378884143.500,1021,Backspace
P02,S2,3,up,Backspace,1791378884224.700,1021,Backspace
P02,S2,3,down,KeyP,1791378884511.800,1022,p
P02,S2,3,up,KeyP,1791378884628.200,1022,p
P02,S2,3,down,KeyS,1791378884994.800,1023,s
P02,S2,3,down,KeyE,1791378885082.300,1024,e
P02,S2,3,up,KeyS,1791378885122.200,1023,s
P02,S2,3,up,KeyE,1791378885243.800,1024,e
P02,S2,3,down,KeyT,1791378885296.300,1025,t
P02,S2,3,up,KeyT,1791378885430.100,1025,t
P02,S2,3,down,Space,1791378885467.100,1026, 
P02,S2,3,up,Space,1791378885561.500,1026, 
P02,S2,3,down,KeyB,1791378885837.600,1027,b
P02,S2,3,up,KeyB,1791378885908.100,1027,b
P02,S2,3,down,KeyU,1791378886011.600,1028,u
P02,S2,3,up,KeyU,1791378886105.000,1028,u
P02,S2,3,down,KeyT,1791378886119.900,1029,t
P02,S2,3,down,Space,1791378886214.700,1030, 
P02,S2,3,up,KeyT,1791378886229.700,1029,t
P02,S2,3,up,Space,1791378886288.200,1030, 
P02,S2,3,down,KeyB,1791378886363.700,1031,b
P02,S2,3,down,KeyE,1791378886419.900,1032,e
P02,S2,3,up,KeyB,1791378886462.600,1031,b
P02,S2,3,up,KeyE,1791378886541.000,1032,e
P02,S2,3,down,KeyC,1791378886667.100,1033,c
P02,S2,3,up,KeyC,1791378886778.600,1033,c
P02,S2,3,down,KeyA,1791378886857.500,1034,a
P02,S2,3,up,KeyA,1791378886971.400,1034,a
P02,S2,3,down,KeyU,1791378887043.200,1035,u
P02,S2,3,down,KeyS,1791378887108.700,1036,s
P02,S2,3,up,KeyU,1791378887129.600,1035,u
P02,S2,3,down,KeyE,1791378887209.600,1037,e
P02,S2,3,up,KeyS,1791378887247.400,1036,s
P02,S2,3,up,KeyE,1791378887317.900,1037,e
P02,S2,3,down,Space,1791378887332.800,1038, 
P02,S2,3,down,KeyS,1791378887417.300,1039,s
P02,S2,3,down,KeyO,1791378887523.500,1040,o
P02,S2,3,up,KeyS,1791378887539.100,1039,s
P02,S2,3,up,KeyO,1791378887609.800,1040,o
P02,S2,3,down,KeyM,1791378887708.500,1041,m
P02,S2,3,down,KeyE,1791378887782.700,1042,e
P02,S2,3,up,KeyM,1791378887800.900,1041,m
P02,S2,3,up,KeyE,1791378887889.600,1042,e
P02,S2,3,down,KeyT,1791378887940.100,1043,t
P02,S2,3,down,KeyH,1791378888035.300,1044,h
P02,S2,3,up,KeyT,1791378888076.700,1043,t
P02,S2,3,up,KeyH,1791378888113.800,1044,h
P02,S2,3,down,KeyI,1791378888213.700,1045,i
P02,S2,3,up,KeyI,1791378888276.200,1045,i
P02,S2,3,down,KeyN,1791378888392.700,1046,n
P02,S2,3,up,KeyN,1791378888485.100,1046,n
P02,S2,3,down,KeyG,1791378888522.500,1047,g
P02,S2,3,down,Space,1791378888589.500,1048, 
P02,S2,3,up,KeyG,1791378888605.700,1047,g
P02,S2,3,up,Space,1791378888680.500,1048, 
P02,S2,3,down,KeyR,1791378888918.300,1049,r
P02,S2,3,down,KeyE,1791378889006.200,1050,e
P02,S2,3,up,KeyR,1791378889056.700,1049,r
P02,S2,3,up,KeyE,1791378889116.300,1050,e
P02,S2,3,down,KeyB,1791378889212.900,1051,b
P02,S2,3,up,KeyB,1791378889309.700,1051,b
P02,S2,3,down,KeyA,1791378889349.800,1052,a
P02,S2,3,down,KeyL,1791378889451.900,1053,l
P02,S2,3,up,KeyA,1791378889471.100,1052,a
P02,S2,3,down,KeyA,1791378889557.500,1054,a
P02,S2,3,up,KeyL,1791378889573.500,1053,l
P02,S2,3,up,KeyA,1791378889643.600,1054,a
P02,S2,3,down,KeyN,1791378889728.000,1055,n
P02,S2,3,up,KeyN,1791378889835.000,1055,n
P02,S2,3,down,KeyC,1791378889873.700,1056,c
P02,S2,3,down,KeyE,1791378889966.200,1057,e
P02,S2,3,up,KeyC,1791378889982.500,1056,c
P02,S2,3,up,KeyE,1791378890090.300,1057,e
P02,S2,3,down,KeyD,1791378890185.500,1058,d
P02,S2,3,up,KeyD,1791378890300.800,1058,d
P02,S2,3,down,Space,1791378890339.500,1059, 
P02,S2,3,up,Space,1791378890444.400,1059, 
P02,S2,3,down,KeyH,1791378890703.600,1060,h
P02,S2,3,up,KeyH,1791378890744.900,1060,h
P02,S2,3,down,KeyH,1791378890790.500,1061,h
P02,S2,3,up,KeyH,1791378890851.900,1061,h
P02,S2,3,down,Backspace,1791378891325.300,1062,Backspace
P02,S2,3,up,Backspace,1791378891438.600,1062,Backspace
P02,S2,3,down,KeyO,1791378891595.100,1063,o
P02,S2,3,up,KeyO,1791378891686.400,1063,o
P02,S2,3,down,KeyW,1791378891702.400,1064,w
P02,S2,3,down,Space,1791378891796.400,1065, 
P02,S2,3,up,KeyW,1791378891818.400,1064,w
P02,S2,3,up,Space,1791378891899.100,1065, 
P02,S2,3,down,KeyY,1791378892189.000,1066,y
P02,S2,3,up,KeyY,1791378892264.800,1066,y
P02,S2,3,down,KeyO,1791378892465.600,1067,o
P02,S2,3,up,KeyO,1791378892602.900,1067,o
P02,S2,3,down,KeyU,1791378892754.200,1068,u
P02,S2,3,down,Space,1791378892868.100,1069, 
P02,S2,3,up,KeyU,1791378892885.100,1068,u
P02,S2,3,up,Space,1791378892971.100,1069, 
P02,S2,3,down,KeyA,1791378893040.800,1070,a
P02,S2,3,up,KeyA,1791378893125.300,1070,a
P02,S2,3,down,KeyN,1791378893163.000,1071,n
P02,S2,3,up,KeyN,1791378893272.100,1071,n
P02,S2,3,down,KeyS,1791378893291.500,1072,s
P02,S2,3,up,KeyS,1791378893389.100,1072,s
P02,S2,3,down,KeyW,1791378893552.900,1073,w
P02,S2,3,up,KeyW,1791378893670.100,1073,w
P02,S2,3,down,KeyE,1791378893795.200,1074,e
P02,S2,3,down,KeyR,1791378893887.800,1075,r
P02,S2,3,up,KeyE,1791378893927.100,1074,e
P02,S2,3,down,KeyE,1791378894020.500,1076,e
P02,S2,3,up,KeyR,1791378894037.600,1075,r
P02,S2,3,up,KeyE,1791378894127.900,1076,e
P02,S2,3,down,KeyD,1791378894258.500,1077,d
P02,S2,3,up,KeyD,1791378894409.300,1077,d
P02,S2,3,down,Period,1791378894843.800,1078,.
P02,S2,3,up,Period,1791378894928.500,1078,.
P02,S2,3,down,Space,1791378895002.100,1079, 
P02,S2,3,up,Space,1791378895089.600,1079, 
P02,S2,3,down,KeyT,1791378895170.200,1080,t
P02,S2,3,down,KeyH,1791378895255.800,1081,h
P02,S2,3,up,KeyT,1791378895271.100,1080,t
P02,S2,3,up,KeyH,1791378895325.600,1081,h
P02,S2,3,down,KeyA,1791378895370.400,1082,a
P02,S2,3,up,KeyA,1791378895448.000,1082,a
P02,S2,3,down,KeyT,1791378895525.500,1083,t
P02,S2,3,down,Space,1791378895631.600,1084, 
P02,S2,3,up,KeyT,1791378895648.800,1083,t
P02,S2,3,up,Space,1791378895705.400,1084, 
P02,S2,3,down,KeyI,1791378895777.300,1085,i
P02,S2,3,down,KeyS,1791378895854.900,1086,s
P02,S2,3,up,KeyI,1791378895894.800,1085,i
P02,S2,3,up,KeyS,1791378895939.100,1086,s
P02,S2,3,down,Space,1791378895977.200,1087, 
P02,S2,3,up,Space,1791378896067.500,1087, 
P02,S2,3,down,KeyY,1791378896195.000,1088,y
P02,S2,3,up,KeyY,1791378896247.600,1088,y
P02,S2,3,down,KeyO,1791378896372.000,1089,o
P02,S2,3,up,KeyO,1791378896455.000,1089,o
P02,S2,3,down,KeyU,1791378896557.600,1090,u
P02,S2,3,up,KeyU,1791378896658.700,1090,u
P02,S2,3,down,KeyR,1791378896697.600,1091,r
P02,S2,3,up,KeyR,1791378896782.400,1091,r
P02,S2,3,down,Space,1791378896798.100,1092, 
P02,S2,3,up,Space,1791378896881.700,1092, 
P02,S2,3,down,KeyD,1791378896957.200,1093,d
P02,S2,3,up,KeyD,1791378896996.900,1093,d
P02,S2,3,down,KeyE,1791378897159.600,1094,e
P02,S2,3,up,KeyE,1791378897246.800,1094,e
P02,S2,3,down,KeyE,1791378897344.300,1095,e
P02,S2,3,up,KeyE,1791378897442.000,1095,e
P02,S2,3,down,Backspace,1791378897549.300,1096,Backspace
P02,S2,3,up,Backspace,1791378897626.000,1096,Backspace
P02,S2,3,down,Backspace,1791378897720.700,1097,Backspace
P02,S2,3,up,Backspace,1791378897802.300,1097,Backspace
P02,S2,3,down,Backspace,1791378897871.400,1098,Backspace
P02,S2,3,up,Backspace,1791378897984.400,1098,Backspace
P02,S2,3,down,KeyF,1791378898274.600,1099,f
P02,S2,3,up,KeyF,1791378898325.400,1099,f
P02,S2,3,down,KeyE,1791378898471.100,1100,e
P02,S2,3,up,KeyE,1791378898562.400,1100,e
P02,S2,3,down,KeyE,1791378898658.900,1101,e
P02,S2,3,up,KeyE,1791378898704.900,1101,e
P02,S2,3,down,KeyD,1791378898823.500,1102,d
P02,S2,3,up,KeyD,1791378898894.800,1102,d
P02,S2,3,down,KeyB,1791378898977.900,1103,b
P02,S2,3,up,KeyB,1791378899042.200,1103,b
P02,S2,3,down,KeyA,1791378899058.200,1104,a
P02,S2,3,up,KeyA,1791378899156.100,1104,a
P02,S2,3,down,KeyC,1791378899237.700,1105,c
P02,S2,3,down,KeyK,1791378899286.900,1106,k
P02,S2,3,up,KeyC,1791378899360.700,1105,c
P02,S2,3,down,Space,1791378899401.400,1107, 
P02,S2,3,up,KeyK,1791378899422.300,1106,k
P02,S2,3,up,Space,1791378899488.500,1107, 
P02,S2,3,down,KeyL,1791378899619.800,1108,l
P02,S2,3,up,KeyL,1791378899661.500,1108,l
P02,S2,3,down,KeyO,1791378899790.900,1109,o
P02,S2,3,up,KeyO,1791378899870.900,1109,o
P02,S2,3,down,KeyO,1791378899946.600,1110,o
P02,S2,3,up,KeyO,1791378900040.700,1110,o
P02,S2,3,down,KeyP,1791378900142.200,1111,p
P02,S2,3,up,KeyP,1791378900255.900,1111,p
P02,S2,3,down,Period,1791378901086.200,1112,.
P02,S2,3,up,Period,1791378901173.200,1112,.
P02,S2,3,down,Space,1791378901281.100,1113, 
P02,S2,3,up,Space,1791378901392.400,1113, 
P02,S2,3,down,KeyY,1791378901741.700,1114,y
P02,S2,3,up,KeyY,1791378901821.500,1114,y
P02,S2,3,down,KeyO,1791378901935.500,1115,o
P02,S2,3,up,KeyO,1791378902033.100,1115,o
P02,S2,3,down,KeyU,1791378902136.900,1116,u
P02,S2,3,down,Space,1791378902212.900,1117, 
P02,S2,3,up,KeyU,1791378902229.500,1116,u
P02,S2,3,up,Space,1791378902304.500,1117, 
P02,S2,3,down,KeyD,1791378902319.900,1118,d
P02,S2,3,down,KeyO,1791378902411.200,1119,o
P02,S2,3,up,KeyD,1791378902430.500,1118,d
P02,S2,3,down,Space,1791378902488.800,1120, 
P02,S2,3,up,KeyO,1791378902535.000,1119,o
P02,S2,3,up,Space,1791378902599.600,1120, 
P02,S2,3,down,KeyN,1791378902664.200,1121,n
P02,S2,3,up,KeyN,1791378902736.200,1121,n
P02,S2,3,down,KeyO,1791378902840.900,1122,o
P02,S2,3,down,KeyT,1791378902907.600,1123,t
P02,S2,3,up,KeyO,1791378902929.100,1122,o
P02,S2,3,up,KeyT,1791378903002.100,1123,t
P02,S2,3,down,Space,1791378903018.300,1124, 
P02,S2,3,up,Space,1791378903115.000,1124, 
P02,S2,3,down,KeyH,1791378903470.000,1125,h
P02,S2,3,up,KeyH,1791378903563.100,1125,h
P02,S2,3,down,KeyA,1791378903611.300,1126,a
P02,S2,3,up,KeyA,1791378903709.000,1126,a
P02,S2,3,down,KeyV,1791378903730.200,1127,v
P02,S2,3,up,KeyV,1791378903799.900,1127,v
P02,S2,3,down,KeyE,1791378903849.200,1128,e
P02,S2,3,down,Space,1791378903918.300,1129, 
P02,S2,3,up,KeyE,1791378903968.800,1128,e
P02,S2,3,up,Space,1791378904029.200,1129, 
P02,S2,3,down,KeyM,1791378904102.000,1130,m
P02,S2,3,up,KeyM,1791378904210.800,1130,m
P02,S2,3,down,KeyU,1791378904331.400,1131,u
P02,S2,3,up,KeyU,1791378904404.500,1131,u
P02,S2,3,down,KeyL,1791378904568.500,1132,l
P02,S2,3,up,KeyL,1791378904634.700,1132,l
P02,S2,3,down,KeyT,1791378904904.600,1133,t
P02,S2,3,up,KeyT,1791378905001.900,1133,t
P02,S2,3,down,KeyI,1791378905019.200,1134,i
P02,S2,3,up,KeyI,1791378905096.800,1134,i
P02,S2,3,down,KeyO,1791378905187.500,1135,o
P02,S2,3,up,KeyO,1791378905238.300,1135,o
P02,S2,3,down,NumLock,1791378905735.500,1136,NumLock
P02,S2,3,up,NumLock,1791378905838.400,1136,NumLock
P02,S2,3,down,Backspace,1791378906847.700,1137,Backspace
P02,S2,3,up,Backspace,1791378907004.600,1137,Backspace
P02,S2,3,down,KeyP,1791378907695.300,1138,p
P02,S2,3,up,KeyP,1791378907776.500,1138,p
P02,S2,3,down,KeyL,1791378907920.200,1139,l
P02,S2,3,up,KeyL,1791378908006.700,1139,l
P02,S2,3,down,KeyE,1791378908046.300,1140,e
P02,S2,3,up,KeyE,1791378908129.300,1140,e
P02,S2,3,down,Space,1791378908161.800,1141, 
P02,S2,3,up,Space,1791378908273.500,1141, 
P02,S2,3,down,KeyS,1791378908343.600,1142,s
P02,S2,3,down,KeyE,1791378908419.000,1143,e
P02,S2,3,up,KeyS,1791378908464.100,1142,s
P02,S2,3,up,KeyE,1791378908546.800,1143,e
P02,S2,3,down,KeyN,1791378908594.400,1144,n
P02,S2,3,up,KeyN,1791378908711.600,1144,n
P02,S2,3,down,KeyS,1791378908745.300,1145,s
P02,S2,3,down,KeyE,1791378908867.500,1146,e
P02,S2,3,up,KeyS,1791378908920.200,1145,s
P02,S2,3,up,KeyE,1791378909023.300,1146,e
P02,S2,3,down,KeyS,1791378909304.900,1147,s
P02,S2,3,up,KeyS,1791378909438.900,1147,s
P02,S2,3,down,Space,1791378910199.200,1148, 
P02,S2,3,up,Space,1791378910278.000,1148, 
P02,S2,3,down,KeyY,1791378910350.900,1149,y
P02,S2,3,down,KeyO,1791378910417.200,1150,o
P02,S2,3,up,KeyY,1791378910434.600,1149,y
P02,S2,3,up,KeyO,1791378910500.300,1150,o
P02,S2,3,down,KeyU,1791378910601.400,1151,u
P02,S2,3,down,Space,1791378910673.700,1152, 
P02,S2,3,up,KeyU,1791378910691.800,1151,u
P02,S2,3,down,KeyC,1791378910754.900,1153,c
P02,S2,3,up,Space,1791378910795.400,1152, 
P02,S2,3,up,KeyC,1791378910868.700,1153,c
P02,S2,3,down,KeyA,1791378910885.000,1154,a
P02,S2,3,down,KeyN,1791378910975.800,1155,n
P02,S2,3,up,KeyA,1791378911026.900,1154,a
P02,S2,3,down,Space,1791378911067.400,1156, 
P02,S2,3,up,KeyN,1791378911088.200,1155,n
P02,S2,3,up,Space,1791378911147.700,1156, 
P02,S2,3,down,KeyO,1791378911192.400,1157,o
P02,S2,3,up,KeyO,1791378911290.100,1157,o
P02,S2,3,down,KeyN,1791378911380.900,1158,n
P02,S2,3,up,KeyN,1791378911431.500,1158,n
P02,S2,3,down,KeyL,1791378911540.900,1159,l
P02,S2,3,down,KeyY,1791378911660.700,1160,y
P02,S2,3,up,KeyL,1791378911678.100,1159,l
P02,S2,3,up,KeyY,1791378911741.700,1160,y
P02,S2,3,down,Space,1791378911803.900,1161, 
P02,S2,3,up,Space,1791378911893.100,1161, 
P02,S2,3,down,KeyT,1791378911910.100,1162,t
P02,S2,3,up,KeyT,1791378911994.400,1162,t
P02,S2,3,down,KeyA,1791378912098.500,1163,a
P02,S2,3,up,KeyA,1791378912196.200,1163,a
P02,S2,3,down,KeyK,1791378912217.200,1164,k
P02,S2,3,down,KeyE,1791378912305.100,1165,e
P02,S2,3,up,KeyK,1791378912322.900,1164,k
P02,S2,3,down,Space,1791378912421.700,1166, 
P02,S2,3,up,Space,1791378912524.400,1166, 
P02,S2,3,down,KeyD,1791378912540.700,1167,d
P02,S2,3,down,KeyA,1791378912633.200,1168,a
P02,S2,3,up,KeyD,1791378912652.200,1167,d
P02,S2,3,up,KeyA,1791378912733.500,1168,a
P02,S2,3,down,KeyT,1791378913150.100,1169,t
P02,S2,3,up,KeyT,1791378913247.200,1169,t
P02,S2,3,down,KeyA,1791378913328.700,1170,a
P02,S2,3,up,KeyA,1791378913445.800,1170,a
P02,S2,3,down,Space,1791378913499.500,1171, 
P02,S2,3,up,Space,1791378913597.400,1171, 
P02,S2,3,down,KeyI,1791378913674.900,1172,i
P02,S2,3,up,KeyI,1791378913753.000,1172,i
P02,S2,3,down,KeyN,1791378913879.100,1173,n
P02,S2,3,up,KeyN,1791378913988.400,1173,n
P02,S2,3,down,Space,1791378914006.400,1174, 
P02,S2,3,up,Space,1791378914067.900,1174, 
P02,S2,3,down,KeyA,1791378914108.400,1175,a
P02,S2,3,up,KeyA,1791378914179.300,1175,a
P02,S2,3,down,KeyN,1791378914328.700,1176,n
P02,S2,3,down,KeyD,1791378914431.200,1177,d
P02,S2,3,up,KeyN,1791378914449.000,1176,n
P02,S2,3,down,Space,1791378914565.500,1178, 
P02,S2,3,up,KeyD,1791378914584.400,1177,d
P02,S2,3,up,Space,1791378914653.400,1178, 
P02,S2,3,down,KeyT,1791378914771.800,1179,t
P02,S2,3,down,KeyH,1791378914882.200,1180,h
P02,S2,3,up,KeyT,1791378914900.900,1179,t
P02,S2,3,up,KeyH,1791378914964.600,1180,h
P02,S2,3,down,KeyE,1791378915030.200,1181,e
P02,S2,3,down,KeyN,1791378915120.800,1182,n
P02,S2,3,up,KeyE,1791378915141.300,1181,e
P02,S2,3,down,Space,1791378915200.300,1183, 
P02,S2,3,up,KeyN,1791378915218.700,1182,n
P02,S2,3,up,Space,1791378915282.900,1183, 
P02,S2,3,down,KeyP,1791378915398.400,1184,p
P02,S2,3,up,KeyP,1791378915522.600,1184,p
P02,S2,3,down,KeyR,1791378915718.200,1185,r
P02,S2,3,up,KeyR,1791378915797.600,1185,r
P02,S2,3,down,KeyO,1791378916148.300,1186,o
P02,S2,3,up,KeyO,1791378916268.100,1186,o
P02,S2,3,down,KeyC,1791378916322.000,1187,c
P02,S2,3,up,KeyC,1791378916434.900,1187,c
P02,S2,3,down,KeyE,1791378916491.600,1188,e
P02,S2,3,up,KeyE,1791378916584.700,1188,e
P02,S2,3,down,KeyS,1791378916700.000,1189,s
P02,S2,3,up,KeyS,1791378916788.000,1189,s
P02,S2,3,down,KeyS,1791378916871.400,1190,s
P02,S2,3,up,KeyS,1791378916981.800,1190,s
P02,S2,3,down,Space,1791378917359.300,1191, 
P02,S2,3,up,Space,1791378917442.500,1191, 
P02,S2,3,down,KeyI,1791378917699.200,1192,i
P02,S2,3,up,KeyI,1791378917803.200,1192,i
P02,S2,3,down,KeyT,1791378917824.400,1193,t
P02,S2,3,up,KeyT,1791378917954.300,1193,t
P02,S2,3,down,Period,1791378919990.400,1194,.
P02,S2,3,up,Period,1791378920038.800,1194,.
P02,S2,3,down,Space,1791378920158.700,1195, 
P02,S2,3,up,Space,1791378920271.300,1195, 
P02,S2,3,down,ShiftLeft,1791378920522.700,1196,Shift
P02,S2,3,down,KeyY,1791378920636.400,1197,Y
P02,S2,3,up,ShiftLeft,1791378920681.000,1196,Shift
P02,S2,3,up,KeyY,1791378920709.900,1197,y
P02,S2,3,down,KeyO,1791378920813.700,1198,o
P02,S2,3,up,KeyO,1791378920925.100,1198,o
P02,S2,3,down,KeyU,1791378921023.900,1199,u
P02,S2,3,down,KeyR,1791378921109.500,1200,r
P02,S2,3,up,KeyU,1791378921155.500,1199,u
P02,S2,3,up,KeyR,1791378921197.700,1200,r
P02,S2,3,down,Space,1791378921525.300,1201, 
P02,S2,3,up,Space,1791378921639.300,1201, 
P02,S2,3,down,KeyO,1791378921743.700,1202,o
P02,S2,3,up,KeyO,1791378921845.500,1202,o
P02,S2,3,down,KeyU,1791378921945.000,1203,u
P02,S2,3,up,KeyU,1791378922031.800,1203,u
P02,S2,3,down,KeyT,1791378922075.100,1204,t
P02,S2,3,down,KeyP,1791378922133.100,1205,p
P02,S2,3,up,KeyT,1791378922150.900,1204,t
P02,S2,3,up,KeyP,1791378922232.700,1205,p
P02,S2,3,down,KeyU,1791378922375.300,1206,u
P02,S2,3,up,KeyU,1791378922476.800,1206,u
P02,S2,3,down,KeyT,1791378922495.000,1207,t
P02,S2,3,down,Space,1791378922584.300,1208, 
P02,S2,3,up,KeyT,1791378922602.000,1207,t
P02,S2,3,up,Space,1791378922708.300,1208, 
P02,S2,3,down,KeyO,1791378923015.800,1209,o
P02,S2,3,up,KeyO,1791378923140.300,1209,o
P02,S2,3,down,KeyR,1791378923159.000,1210,r
P02,S2,3,up,KeyR,1791378923254.800,1210,r
P02,S2,3,down,Space,1791378923272.100,1211, 
P02,S2,3,up,Space,1791378923361.600,1211, 
P02,S2,3,down,Quote,1791378924210.700,1212,'
P02,S2,3,up,Quote,1791378924308.000,1212,'
P02,S2,3,down,KeyR,1791378924326.700,1213,r
P02,S2,3,down,KeyE,1791378924403.500,1214,e
P02,S2,3,up,KeyR,1791378924449.500,1213,r
P02,S2,3,up,KeyE,1791378924530.400,1214,e
P02,S2,3,down,KeyS,1791378924649.700,1215,s
P02,S2,3,down,KeyP,1791378924766.200,1216,p
P02,S2,3,up,KeyS,1791378924784.800,1215,s
P02,S2,3,up,KeyP,1791378924830.400,1216,p
P02,S2,3,down,KeyO,1791378924940.600,1217,o
P02,S2,3,up,KeyO,1791378925016.500,1217,o
P02,S2,3,down,KeyN,1791378925133.900,1218,n
P02,S2,3,down,KeyS,1791378925206.400,1219,s
P02,S2,3,up,KeyN,1791378925224.100,1218,n
P02,S2,3,down,KeyE,1791378925285.700,1220,e
P02,S2,3,up,KeyS,1791378925332.600,1219,s
P02,S2,3,up,KeyE,1791378925434.600,1220,e
P02,S2,3,down,Quote,1791378925690.900,1221,'
P02,S2,3,up,Quote,1791378925772.700,1221,'
P02,S2,3,down,Space,1791378925889.000,1222, 
P02,S2,3,up,Space,1791378925984.400,1222, 
P02,S2,3,down,KeyI,1791378926078.300,1223,i
P02,S2,3,down,KeyS,1791378926148.200,1224,s
P02,S2,3,up,KeyI,1791378926170.400,1223,i
P02,S2,3,down,Space,1791378926213.500,1225, 
P02,S2,3,up,KeyS,1791378926270.700,1224,s
P02,S2,3,up,Space,1791378926311.700,1225, 
P02,S2,3,down,KeyE,1791378926361.000,1226,e
P02,S2,3,down,KeyN,1791378926442.200,1227,n
P02,S2,3,up,KeyE,1791378926486.900,1226,e
P02,S2,3,up,KeyN,1791378926549.500,1227,n
P02,S2,3,down,KeyT,1791378926568.100,1228,t
P02,S2,3,up,KeyT,1791378926672.900,1228,t
P02,S2,3,down,KeyR,1791378926878.900,1229,r
P02,S2,3,up,KeyR,1791378926968.500,1229,r
P02,S2,3,down,KeyI,1791378927036.000,1230,i
P02,S2,3,up,KeyI,1791378927143.400,1230,i
P02,S2,3,down,Backspace,1791378927850.600,1231,Backspace
P02,S2,3,up,Backspace,1791378927927.000,1231,Backspace
P02,S2,3,down,Backspace,1791378928007.100,1232,Backspace
P02,S2,3,up,Backspace,1791378928083.300,1232,Backspace
P02,S2,3,down,KeyI,1791378928373.200,1233,i
P02,S2,3,down,KeyR,1791378928443.800,1234,r
P02,S2,3,up,KeyI,1791378928488.200,1233,i
P02,S2,3,down,KeyE,1791378928509.700,1235,e
P02,S2,3,up,KeyR,1791378928570.000,1234,r
P02,S2,3,up,KeyE,1791378928627.300,1235,e
P02,S2,3,down,KeyL,1791378928644.700,1236,l
P02,S2,3,up,KeyL,1791378928764.000,1236,l
P02,S2,3,down,KeyY,1791378928787.400,1237,y
P02,S2,3,up,KeyY,1791378928893.800,1237,y
P02,S2,3,down,Space,1791378928937.300,1238, 
P02,S2,3,up,Space,1791378929054.900,1238, 
P02,S2,3,down,KeyD,1791378929332.400,1239,d
P02,S2,3,up,KeyD,1791378929488.700,1239,d
P02,S2,3,down,KeyE,1791378929596.200,1240,e
P02,S2,3,up,KeyE,1791378929695.000,1240,e
P02,S2,3,down,KeyP,1791378929742.400,1241,p
P02,S2,3,up,KeyP,1791378929844.700,1241,p
P02,S2,3,down,KeyE,1791378929867.600,1242,e
P02,S2,3,up,KeyE,1791378929966.000,1242,e
P02,S2,3,down,KeyN,1791378930831.800,1243,n
P02,S2,3,down,KeyD,1791378930920.600,1244,d
P02,S2,3,up,KeyN,1791378930939.700,1243,n
P02,S2,3,down,KeyE,1791378930979.900,1245,e
P02,S2,3,up,KeyD,1791378931047.200,1244,d
P02,S2,3,up,KeyE,1791378931112.700,1245,e
P02,S2,3,down,KeyN,1791378931159.500,1246,n
P02,S2,3,up,KeyN,1791378931274.200,1246,n
P02,S2,3,down,KeyT,1791378931319.600,1247,t
P02,S2,3,down,Space,1791378931409.000,1248, 
P02,S2,3,up,KeyT,1791378931427.700,1247,t
P02,S2,3,up,Space,1791378931502.400,1248, 
P02,S2,3,down,KeyO,1791378931560.000,1249,o
P02,S2,3,up,KeyO,1791378931662.700,1249,o
P02,S2,3,down,KeyN,1791378931769.100,1250,n
P02,S2,3,down,Space,1791378931872.600,1251, 
P02,S2,3,up,KeyN,1791378931892.500,1250,n
P02,S2,3,up,Space,1791378931958.600,1251, 
P02,S2,3,down,KeyT,1791378931984.200,1252,t
P02,S2,3,up,KeyT,1791378932085.500,1252,t
P02,S2,3,down,KeyH,1791378932104.700,1253,h
P02,S2,3,up,KeyH,1791378932186.900,1253,h
P02,S2,3,down,KeyA,1791378932213.000,1254,a
P02,S2,3,up,KeyA,1791378932297.800,1254,a
P02,S2,3,down,KeyT,1791378932344.100,1255,t
P02,S2,3,up,KeyT,1791378932426.700,1255,t
P02,S2,3,down,Enter,1791378932474.600,1256,Enter
P02,S2,4,up,Enter,1791378932590.000,1256,Enter
P02,S2,4,down,KeyN,1791378966564.300,1257,n
P02,S2,4,up,KeyN,1791378966617.900,1257,n
P02,S2,4,down,Backspace,1791378966906.600,1258,Backspace
P02,S2,4,up,Backspace,1791378967019.300,1258,Backspace
P02,S2,4,down,KeyS,1791378967144.200,1259,s
P02,S2,4,down,KeyO,1791378967253.900,1260,o
P02,S2,4,up,KeyS,1791378967274.000,1259,s
P02,S2,4,down,Space,1791378967344.900,1261, 
P02,S2,4,up,KeyO,1791378967397.700,1260,o
P02,S2,4,up,Space,1791378967463.000,1261, 
P02,S2,4,down,KeyE,1791378967577.200,1262,e
P02,S2,4,up,KeyE,1791378967715.000,1262,e
P02,S2,4,down,KeyN,1791378967741.500,1263,n
P02,S2,4,up,KeyN,1791378967800.800,1263,n
P02,S2,4,down,KeyJ,1791378968031.300,1264,j
P02,S2,4,up,KeyJ,1791378968107.100,1264,j
P02,S2,4,down,KeyO,1791378968206.000,1265,o
P02,S2,4,up,KeyO,1791378968296.900,1265,o
P02,S2,4,down,KeyY,1791378968458.900,1266,y
P02,S2,4,down,KeyM,1791378968527.000,1267,m
P02,S2,4,up,KeyY,1791378968545.300,1266,y
P02,S2,4,up,KeyM,1791378968626.600,1267,m
P02,S2,4,down,KeyE,1791378968683.100,1268,e
P02,S2,4,down,KeyN,1791378968759.800,1269,n
P02,S2,4,up,KeyE,1791378968806.200,1268,e
P02,S2,4,up,KeyN,1791378968830.600,1269,n
P02,S2,4,down,KeyT,1791378968889.200,1270,t
P02,S2,4,down,Space,1791378968986.300,1271, 
P02,S2,4,up,KeyT,1791378969009.200,1270,t
P02,S2,4,up,Space,1791378969077.000,1271, 
P02,S2,4,down,KeyI,1791378969206.600,1272,i
P02,S2,4,up,KeyI,1791378969254.100,1272,i
P02,S2,4,down,KeyS,1791378969289.200,1273,s
P02,S2,4,up,KeyS,1791378969388.900,1273,s
P02,S2,4,down,KeyP,1791378969509.300,1274,p
P02,S2,4,up,KeyP,1791378969555.800,1274,p
P02,S2,4,down,Backspace,1791378969958.700,1275,Backspace
P02,S2,4,up,Backspace,1791378970060.500,1275,Backspace
P02,S2,4,down,Space,1791378970103.900,1276, 
P02,S2,4,up,Space,1791378970238.000,1276, 
P02,S2,4,down,KeyO,1791378970311.600,1277,o
P02,S2,4,up,KeyO,1791378970422.800,1277,o
P02,S2,4,down,KeyN,1791378970531.900,1278,n
P02,S2,4,up,KeyN,1791378970609.000,1278,n
P02,S2,4,down,KeyL,1791378970691.700,1279,l
P02,S2,4,down,KeyY,1791378970822.800,1280,y
P02,S2,4,up,KeyY,1791378970889.900,1280,y
P02,S2,4,down,Space,1791378970944.300,1281, 
P02,S2,4,up,Space,1791378971047.800,1281, 
P02,S2,4,down,KeyW,1791378971145.300,1282,w
P02,S2,4,up,KeyW,1791378971237.400,1282,w
P02,S2,4,down,KeyH,1791378971256.300,1283,h
P02,S2,4,up,KeyH,1791378971325.400,1283,h
P02,S2,4,down,KeyE,1791378971386.600,1284,e
P02,S2,4,down,KeyN,1791378971473.100,1285,n
P02,S2,4,up,KeyE,1791378971494.300,1284,e
P02,S2,4,down,Space,1791378971572.700,1286, 
P02,S2,4,up,Space,1791378971679.700,1286, 
P02,S2,4,down,KeyY,1791378972108.200,1287,y
P02,S2,4,up,KeyY,1791378972194.800,1287,y
P02,S2,4,down,KeyO,1791378972293.200,1288,o
P02,S2,4,up,KeyO,1791378972414.800,1288,o
P02,S2,4,down,KeyU,1791378972491.400,1289,u
P02,S2,4,down,Space,1791378972600.200,1290, 
P02,S2,4,up,KeyU,1791378972619.900,1289,u
P02,S2,4,up,Space,1791378972713.500,1290, 
P02,S2,4,down,KeyA,1791378972760.100,1291,a
P02,S2,4,up,KeyA,1791378972865.000,1291,a
P02,S2,4,down,KeyR,1791378972884.600,1292,r
P02,S2,4,down,KeyE,1791378973007.400,1293,e
P02,S2,4,up,KeyR,1791378973032.500,1292,r
P02,S2,4,up,KeyE,1791378973106.000,1293,e
P02,S2,4,down,Space,1791378973124.200,1294, 
P02,S2,4,up,Space,1791378973251.100,1294, 
P02,S2,4,down,KeyL,1791378973361.900,1295,l
P02,S2,4,down,KeyE,1791378973427.200,1296,e
P02,S2,4,up,KeyL,1791378973508.800,1295,l
P02,S2,4,up,KeyE,1791378973562.100,1296,e
P02,S2,4,up,KeyA,1791378973668.200,1297,a
P02,S2,4,down,KeyR,1791378973687.900,1298,r
P02,S2,4,up,KeyR,1791378973821.500,1298,r
P02,S2,4,down,KeyN,1791378973840.200,1299,n
P02,S2,4,up,KeyN,1791378973910.800,1299,n
P02,S2,4,down,KeyI,1791378973982.900,1300,i
P02,S2,4,up,KeyI,1791378974050.600,1300,i
P02,S2,4,down,KeyN,1791378974140.900,1301,n
P02,S2,4,up,KeyN,1791378974222.700,1301,n
P02,S2,4,down,KeyG,1791378974241.100,1302,g
P02,S2,4,up,KeyG,1791378974327.400,1302,g
P02,S2,4,down,Period,1791378975191.400,1303,.
P02,S2,4,up,Period,1791378975284.200,1303,.
P02,S2,4,down,Space,1791378975394.600,1304, 
P02,S2,4,up,Space,1791378975457.000,1304, 
P02,S2,4,down,KeyN,1791378975804.900,1305,n
P02,S2,4,up,KeyN,1791378975864.800,1305,n
P02,S2,4,down,KeyO,1791378975979.300,1306,o
P02,S2,4,up,KeyO,1791378976071.300,1306,o
P02,S2,4,down,Space,1791378976120.900,1308, 
P02,S2,4,up,KeyW,1791378976187.500,1307,w
P02,S2,4,up,Space,1791378976232.100,1308, 
P02,S2,4,down,KeyL,1791378976299.700,1309,l
P02,S2,4,down,KeyE,1791378976367.700,1310,e
P02,S2,4,up,KeyL,1791378976391.100,1309,l
P02,S2,4,up,KeyE,1791378976477.300,1310,e
P02,S2,4,down,KeyT,1791378976554.700,1311,t
P02,S2,4,up,KeyT,1791378976663.400,1311,t
P02,S2,4,down,KeyS,1791378977132.500,1312,s
P02,S2,4,up,KeyS,1791378977239.500,1312,s
P02,S2,4,down,Space,1791378977266.900,1313, 
P02,S2,4,up,Space,1791378977371.600,1313, 
P02,S2,4,down,KeyE,1791378977528.800,1314,e
P02,S2,4,up,KeyE,1791378977626.700,1314,e
P02,S2,4,down,KeyM,1791378977646.600,1315,m
P02,S2,4,up,KeyM,1791378977758.000,1315,m
P02,S2,4,down,Backspace,1791378978205.500,1316,Backspace
P02,S2,4,up,Backspace,1791378978256.600,1316,Backspace
P02,S2,4,down,Backspace,1791378978340.700,1317,Backspace
P02,S2,4,up,Backspace,1791378978431.400,1317,Backspace
P02,S2,4,down,KeyI,1791378978681.700,1318,i
P02,S2,4,up,KeyI,1791378978757.400,1318,i
P02,S2,4,down,KeyM,1791378978915.300,1319,m
P02,S2,4,up,KeyM,1791378979011.700,1319,m
P02,S2,4,down,KeyA,1791378979084.900,1320,a
P02,S2,4,up,KeyA,1791378979172.100,1320,a
P02,S2,4,down,KeyG,1791378979345.900,1321,g
P02,S2,4,up,KeyG,1791378979406.800,1321,g
P02,S2,4,down,KeyI,1791378979518.700,1322,i
P02,S2,4,up,KeyI,1791378979598.400,1322,i
P02,S2,4,down,KeyN,1791378979714.500,1323,n
P02,S2,4,up,KeyN,1791378979766.100,1323,n
P02,S2,4,down,KeyE,1791378979785.200,1324,e
P02,S2,4,down,Space,1791378979834.900,1325, 
P02,S2,4,up,KeyE,1791378979868.200,1324,e
P02,S2,4,up,Space,1791378979939.200,1325, 
P02,S2,4,down,KeyT,1791378979985.000,1326,t
P02,S2,4,down,KeyH,1791378980066.400,1327,h
P02,S2,4,up,KeyT,1791378980086.600,1326,t
P02,S2,4,up,KeyH,1791378980135.000,1327,h
P02,S2,4,down,KeyA,1791378980207.700,1328,a
P02,S2,4,up,KeyA,1791378980277.600,1328,a
P02,S2,4,down,KeyT,1791378980332.400,1329,t
P02,S2,4,up,KeyT,1791378980440.800,1329,t
P02,S2,4,down,Space,1791378980461.500,1330, 
P02,S2,4,up,Space,1791378980539.600,1330, 
P02,S2,4,down,KeyT,1791378980585.800,1331,t
P02,S2,4,up,KeyT,1791378980666.900,1331,t
P02,S2,4,down,KeyH,1791378980686.200,1332,h
P02,S2,4,up,KeyH,1791378980732.600,1332,h
P02,S2,4,down,Space,1791378980856.000,1334, 
P02,S2,4,up,KeyE,1791378980889.500,1333,e
P02,S2,4,up,Space,1791378980938.600,1334, 
P02,S2,4,down,KeyD,1791378981032.400,1335,d
P02,S2,4,up,KeyD,1791378981133.000,1335,d
P02,S2,4,down,KeyA,1791378981152.600,1336,a
P02,S2,4,up,KeyA,1791378981284.600,1336,a
P02,S2,4,down,KeyT,1791378981346.100,1337,t
P02,S2,4,up,KeyT,1791378981435.500,1337,t
P02,S2,4,down,KeyA,1791378981525.200,1338,a
P02,S2,4,up,KeyA,1791378981623.900,1338,a
P02,S2,4,down,Space,1791378981644.000,1339, 
P02,S2,4,up,Space,1791378981737.000,1339, 
P02,S2,4,down,KeyY,1791378981910.100,1340,y
P02,S2,4,up,KeyY,1791378982006.600,1340,y
P02,S2,4,down,KeyO,1791378982055.200,1341,o
P02,S2,4,up,KeyO,1791378982151.700,1341,o
P02,S2,4,down,KeyU,1791378982275.700,1342,u
P02,S2,4,down,Space,1791378982371.600,1343, 
P02,S2,4,up,KeyU,1791378982394.700,1342,u
P02,S2,4,up,Space,1791378982492.700,1343, 
P02,S2,4,down,KeyI,1791378982836.600,1344,i
P02,S2,4,up,KeyI,1791378982912.400,1344,i
P02,S2,4,down,KeyN,1791378983005.800,1345,n
P02,S2,4,up,KeyN,1791378983087.000,1345,n
P02,S2,4,down,KeyP,1791378983196.100,1346,p
P02,S2,4,up,KeyP,1791378983273.400,1346,p
P02,S2,4,down,KeyU,1791378983427.300,1347,u
P02,S2,4,up,KeyU,1791378983501.700,1347,u
P02,S2,4,down,KeyT,1791378983560.200,1348,t
P02,S2,4,up,KeyT,1791378983652.500,1348,t
P02,S2,4,down,Space,1791378983672.000,1349, 
P02,S2,4,up,Space,1791378983781.800,1349, 
P02,S2,4,down,KeyI,1791378983913.200,1350,i
P02,S2,4,up,KeyI,1791378984010.000,1350,i
P02,S2,4,down,KeyS,1791378984088.000,1351,s
P02,S2,4,up,KeyS,1791378984190.300,1351,s
P02,S2,4,down,Space,1791378984237.100,1352, 
P02,S2,4,up,Space,1791378984330.600,1352, 
P02,S2,4,down,KeyE,1791378984708.100,1353,e
P02,S2,4,up,KeyE,1791378984810.400,1353,e
P02,S2,4,down,KeyI,1791378984829.300,1354,i
P02,S2,4,up,KeyI,1791378984931.400,1354,i
P02,S2,4,down,KeyT,1791378984951.200,1355,t
P02,S2,4,up,KeyT,1791378985034.400,1355,t
P02,S2,4,down,KeyH,1791378985054.500,1356,h
P02,S2,4,up,KeyH,1791378985128.900,1356,h
P02,S2,4,down,KeyE,1791378985148.000,1357,e
P02,S2,4,down,KeyR,1791378985218.800,1358,r
P02,S2,4,up,KeyE,1791378985266.900,1357,e
P02,S2,4,down,Space,1791378985313.700,1359, 
P02,S2,4,up,KeyR,1791378985334.500,1358,r
P02,S2,4,up,Space,1791378985417.400,1359, 
P02,S2,4,down,KeyS,1791378985784.400,1360,s
P02,S2,4,up,KeyS,1791378985868.200,1360,s
P02,S2,4,down,KeyU,1791378985888.100,1361,u
P02,S2,4,up,KeyU,1791378985959.800,1361,u
P02,S2,4,down,KeyP,1791378986078.100,1362,p
P02,S2,4,up,KeyP,1791378986188.800,1362,p
P02,S2,4,down,Backspace,1791378986443.900,1363,Backspace
P02,S2,4,up,Backspace,1791378986547.900,1363,Backspace
P02,S2,4,down,KeyB,1791378986741.000,1364,b
P02,S2,4,up,KeyB,1791378986809.700,1364,b
P02,S2,4,down,KeyA,1791378987028.000,1365,a
P02,S2,4,up,KeyA,1791378987124.600,1365,a
P02,S2,4,down,Backspace,1791378987356.200,1366,Backspace
P02,S2,4,up,Backspace,1791378987502.300,1366,Backspace
P02,S2,4,down,KeyP,1791378988029.700,1367,p
P02,S2,4,up,KeyP,1791378988096.500,1367,p
P02,S2,4,down,KeyA,1791378988170.600,1368,a
P02,S2,4,up,KeyA,1791378988294.600,1368,a
P02,S2,4,down,KeyR,1791378988361.600,1369,r
P02,S2,4,up,KeyR,1791378988474.600,1369,r
P02,S2,4,down,Space,1791378988839.900,1370, 
P02,S2,4,up,Space,1791378988947.100,1370, 
P02,S2,4,down,ShiftLeft,1791378989152.300,1371,Shift
P02,S2,4,down,Digit9,1791378989454.500,1372,(
P02,S2,4,up,ShiftLeft,1791378989508.800,1371,Shift
P02,S2,4,up,Digit9,1791378989527.900,1372,9
P02,S2,4,down,KeyI,1791378989696.400,1373,i
P02,S2,4,up,KeyI,1791378989782.400,1373,i
P02,S2,4,down,KeyT,1791378989832.100,1374,t
P02,S2,4,up,KeyT,1791378989933.200,1374,t
P02,S2,4,down,Space,1791378989954.900,1375, 
P02,S2,4,up,Space,1791378990045.900,1375, 
P02,S2,4,down,KeyH,1791378990145.100,1376,h
P02,S2,4,up,KeyH,1791378990237.300,1376,h
P02,S2,4,down,KeyA,1791378990257.600,1377,a
P02,S2,4,up,KeyA,1791378990346.200,1377,a
P02,S2,4,down,KeyS,1791378990472.500,1378,s
P02,S2,4,up,KeyS,1791378990581.600,1378,s
P02,S2,4,down,KeyN,1791378990798.900,1379,n
P02,S2,4,up,KeyN,1791378990879.500,1379,n
P02,S2,4,down,KeyT,1791378991097.700,1380,t
P02,S2,4,up,KeyT,1791378991212.000,1380,t
P02,S2,4,down,Space,1791378991281.600,1381, 
P02,S2,4,up,Space,1791378991349.700,1381, 
P02,S2,4,down,KeyB,1791378991540.500,1382,b
P02,S2,4,down,KeyE,1791378991601.700,1383,e
P02,S2,4,up,KeyE,1791378991675.800,1383,e
P02,S2,4,down,KeyE,1791378991746.500,1384,e
P02,S2,4,down,KeyN,1791378991840.500,1385,n
P02,S2,4,up,KeyE,1791378991861.100,1384,e
P02,S2,4,down,Space,1791378991935.800,1386, 
P02,S2,4,up,KeyN,1791378991956.000,1385,n
P02,S2,4,up,Space,1791378992031.300,1386, 
P02,S2,4,up,KeyF,1791378992099.800,1387,f
P02,S2,4,down,KeyO,1791378992119.100,1388,o
P02,S2,4,up,KeyO,1791378992191.200,1388,o
P02,S2,4,down,KeyR,1791378992255.100,1389,r
P02,S2,4,up,KeyR,1791378992346.400,1389,r
P02,S2,4,down,KeyM,1791378992461.700,1390,m
P02,S2,4,up,KeyM,1791378992566.900,1390,m
P02,S2,4,down,KeyA,1791378992701.400,1391,a
P02,S2,4,up,KeyA,1791378992812.800,1391,a
P02,S2,4,down,KeyT,1791378992927.800,1392,t
P02,S2,4,up,KeyT,1791378993044.600,1392,t
P02,S2,4,down,KeyE,1791378993215.200,1393,e
P02,S2,4,up,KeyE,1791378993337.700,1393,e
P02,S2,4,down,KeyD,1791378993482.300,1394,d
P02,S2,4,up,KeyD,1791378993632.100,1394,d
P02,S2,4,down,Space,1791378994330.200,1395, 
P02,S2,4,up,Space,1791378994461.400,1395, 
P02,S2,4,down,KeyC,1791378994594.200,1396,c
P02,S2,4,down,KeyO,1791378994689.600,1397,o
P02,S2,4,up,KeyC,1791378994710.300,1396,c
P02,S2,4,up,KeyO,1791378994786.000,1397,o
P02,S2,4,down,KeyR,1791378994878.200,1398,r
P02,S2,4,up,KeyR,1791378994943.000,1398,r
P02,S2,4,down,KeyR,1791378995029.600,1399,r
P02,S2,4,up,KeyR,1791378995129.100,1399,r
P02,S2,4,up,KeyE,1791378995231.700,1400,e
P02,S2,4,down,KeyC,1791378995505.700,1401,c
P02,S2,4,up,KeyC,1791378995592.300,1401,c
P02,S2,4,down,KeyT,1791378995774.600,1402,t
P02,S2,4,up,KeyT,1791378995898.700,1402,t
P02,S2,4,down,KeyL,1791378995953.000,1403,l
P02,S2,4,down,KeyY,1791378996049.400,1404,y
P02,S2,4,up,KeyL,1791378996071.500,1403,l
P02,S2,4,up,KeyY,1791378996167.700,1404,y
P02,S2,4,down,Space,1791378996224.900,1405, 
P02,S2,4,up,Space,1791378996316.400,1405, 
P02,S2,4,down,KeyE,1791378998221.600,1406,e
P02,S2,4,up,KeyE,1791378998347.800,1406,e
P02,S2,4,down,KeyT,1791378998903.100,1407,t
P02,S2,4,up,KeyT,1791378998974.900,1407,t
P02,S2,4,down,KeyC,1791378999153.400,1408,c
P02,S2,4,up,KeyC,1791378999312.400,1408,c
P02,S2,4,down,ShiftLeft,1791378999857.000,1409,Shift
P02,S2,4,down,Digit0,1791379000032.400,1410,)
P02,S2,4,up,ShiftLeft,1791379000111.700,1409,Shift
P02,S2,4,up,Digit0,1791379000161.900,1410,0
P02,S2,4,down,Space,1791379000222.900,1411, 
P02,S2,4,up,Space,1791379000354.100,1411, 
P02,S2,4,down,KeyO,1791379000455.000,1412,o
P02,S2,4,up,KeyO,1791379000587.900,1412,o
P02,S2,4,down,KeyR,1791379000610.500,1413,r
P02,S2,4,up,KeyR,1791379000733.100,1413,r
P02,S2,4,down,Space,1791379000754.300,1414, 
P02,S2,4,up,Space,1791379000883.000,1414, 
P02,S2,4,down,KeyY,1791379003190.000,1415,y
P02,S2,4,up,KeyY,1791379003275.600,1415,y
P02,S2,4,down,KeyO,1791379003441.600,1416,o
P02,S2,4,up,KeyO,1791379003525.200,1416,o
P02,S2,4,down,KeyU,1791379003696.900,1417,u
P02,S2,4,up,KeyU,1791379003788.000,1417,u
P02,S2,4,down,Space,1791379003934.500,1418, 
P02,S2,4,up,Space,1791379004044.500,1418, 
P02,S2,4,down,KeyA,1791379004995.400,1419,a
P02,S2,4,up,KeyA,1791379005209.400,1419,a
P02,S2,4,down,KeyR,1791379005434.400,1420,r
P02,S2,4,down,KeyE,1791379005518.300,1421,e
P02,S2,4,up,KeyR,1791379005570.400,1420,r
P02,S2,4,up,KeyE,1791379005635.500,1421,e
P02,S2,4,down,Space,1791379005655.900,1422, 
P02,S2,4,up,Space,1791379005734.800,1422, 
P02,S2,4,down,KeyS,1791379005783.500,1423,s
P02,S2,4,down,KeyI,1791379005867.700,1424,i
P02,S2,4,up,KeyS,1791379005888.400,1423,s
P02,S2,4,up,KeyI,1791379005961.900,1424,i
P02,S2,4,down,KeyM,1791379006052.600,1425,m
P02,S2,4,up,KeyM,1791379006155.400,1425,m
P02,S2,4,down,KeyP,1791379006253.700,1426,p
P02,S2,4,up,KeyP,1791379006339.500,1426,p
P02,S2,4,down,KeyL,1791379006456.800,1427,l
P02,S2,4,up,KeyL,1791379006561.900,1427,l
P02,S2,4,down,KeyY,1791379006582.900,1428,y
P02,S2,4,down,Space,1791379006666.200,1429, 
P02,S2,4,up,KeyY,1791379006688.500,1428,y
P02,S2,4,up,Space,1791379006766.000,1429, 
P02,S2,4,down,KeyN,1791379006862.400,1430,n
P02,S2,4,up,KeyN,1791379006957.800,1430,n
P02,S2,4,down,KeyO,1791379007059.600,1431,o
P02,S2,4,up,KeyO,1791379007183.100,1431,o
P02,S2,4,down,KeyT,1791379007203.900,1432,t
P02,S2,4,up,KeyT,1791379007290.900,1432,t
P02,S2,4,down,Space,1791379007311.000,1433, 
P02,S2,4,up,Space,1791379007423.200,1433, 
P02,S2,4,down,KeyG,1791379007699.500,1434,g
P02,S2,4,up,KeyG,1791379007786.400,1434,g
P02,S2,4,down,KeyE,1791379007899.800,1435,e
P02,S2,4,up,KeyE,1791379007993.400,1435,e
P02,S2,4,down,KeyT,1791379008097.800,1436,t
P02,S2,4,up,KeyT,1791379008183.900,1436,t
P02,S2,4,down,KeyT,1791379008256.500,1437,t
P02,S2,4,up,KeyT,1791379008355.700,1437,t
P02,S2,4,down,KeyI,1791379008377.200,1438,i
P02,S2,4,up,KeyI,1791379008429.900,1438,i
P02,S2,4,down,KeyN,1791379008554.300,1439,n
P02,S2,4,down,KeyG,1791379008616.000,1440,g
P02,S2,4,up,KeyG,1791379008671.700,1440,g
P02,S2,4,up,Space,1791379008756.300,1441, 
P02,S2,4,down,KeyE,1791379008805.600,1442,e
P02,S2,4,down,KeyN,1791379008887.200,1443,n
P02,S2,4,up,KeyE,1791379008912.000,1442,e
P02,S2,4,up,KeyN,1791379008979.800,1443,n
P02,S2,4,down,KeyO,1791379009110.600,1444,o
P02,S2,4,up,KeyO,1791379009199.200,1444,o
P02,S2,4,down,KeyU,1791379009284.700,1445,u
P02,S2,4,up,KeyU,1791379009361.800,1445,u
P02,S2,4,down,KeyG,1791379009424.400,1446,g
P02,S2,4,down,KeyH,1791379009516.300,1447,h
P02,S2,4,up,KeyG,1791379009539.100,1446,g
P02,S2,4,up,KeyH,1791379009622.000,1447,h
P02,S2,4,up,Space,1791379009714.200,1448, 
P02,S2,4,down,KeyO,1791379009787.300,1449,o
P02,S2,4,up,KeyO,1791379009879.500,1449,o
P02,S2,4,down,KeyF,1791379010069.400,1450,f
P02,S2,4,up,KeyF,1791379010182.200,1450,f
P02,S2,4,down,Space,1791379010203.500,1451, 
P02,S2,4,up,Space,1791379010279.300,1451, 
P02,S2,4,down,KeyI,1791379010351.400,1452,i
P02,S2,4,up,KeyI,1791379010430.600,1452,i
P02,S2,4,down,KeyT,1791379010454.700,1453,t
P02,S2,4,up,KeyT,1791379010584.200,1453,t
P02,S2,4,down,Space,1791379012209.300,1454, 
P02,S2,4,up,Space,1791379012317.200,1454, 
P02,S2,4,down,ShiftLeft,1791379012395.900,1455,Shift
P02,S2,4,down,Digit9,1791379012477.700,1456,(
P02,S2,4,up,ShiftLeft,1791379012552.600,1455,Shift
P02,S2,4,up,Digit9,1791379012573.400,1456,9
P02,S2,4,down,Space,1791379012626.100,1457, 
P02,S2,4,up,Space,1791379012727.900,1457, 
P02,S2,4,down,KeyT,1791379012933.900,1458,t
P02,S2,4,up,KeyT,1791379012996.700,1458,t
P02,S2,4,down,KeyH,1791379013018.500,1459,h
P02,S2,4,up,KeyH,1791379013097.300,1459,h
P02,S2,4,down,KeyE,1791379013118.200,1460,e
P02,S2,4,up,KeyE,1791379013202.500,1460,e
P02,S2,4,up,Space,1791379013298.400,1461, 
P02,S2,4,down,KeyD,1791379013319.700,1462,d
P02,S2,4,up,KeyD,1791379013407.400,1462,d
P02,S2,4,down,KeyA,1791379013429.100,1463,a
P02,S2,4,up,KeyA,1791379013544.500,1463,a
P02,S2,4,down,KeyT,1791379013650.200,1464,t
P02,S2,4,up,KeyT,1791379013711.400,1464,t
P02,S2,4,down,Space,1791379013895.100,1465, 
P02,S2,4,up,Space,1791379013968.300,1465, 
P02,S2,4,down,Backspace,1791379014233.400,1466,Backspace
P02,S2,4,up,Backspace,1791379014350.000,1466,Backspace
P02,S2,4,down,KeyA,1791379014373.000,1467,a
P02,S2,4,up,KeyA,1791379014458.700,1467,a
P02,S2,4,down,Space,1791379014480.200,1468, 
P02,S2,4,up,Space,1791379014597.200,1468, 
P02,S2,4,down,KeyA,1791379014728.000,1469,a
P02,S2,4,up,KeyA,1791379014782.100,1469,a
P02,S2,4,down,Backspace,1791379015097.800,1470,Backspace
P02,S2,4,up,Backspace,1791379015213.300,1470,Backspace
P02,S2,4,down,KeyL,1791379015376.400,1471,l
P02,S2,4,down,KeyA,1791379015451.400,1472,a
P02,S2,4,up,KeyL,1791379015474.400,1471,l
P02,S2,4,up,KeyA,1791379015546.700,1472,a
P02,S2,4,down,KeyK,1791379015582.100,1473,k
P02,S2,4,up,KeyK,1791379015663.700,1473,k
P02,S2,4,up,KeyE,1791379015731.000,1474,e
P02,S2,4,down,KeyS,1791379015823.000,1475,s
P02,S2,4,up,KeyS,1791379015939.500,1475,s
P02,S2,4,down,Space,1791379015993.500,1476, 
P02,S2,4,up,Space,1791379016086.900,1476, 
P02,S2,4,down,KeyH,1791379016175.600,1477,h
P02,S2,4,down,KeyA,1791379016240.500,1478,a
P02,S2,4,up,KeyH,1791379016264.800,1477,h
P02,S2,4,up,KeyA,1791379016342.100,1478,a
P02,S2,4,down,KeyV,1791379016394.100,1479,v
P02,S2,4,up,KeyV,1791379016454.800,1479,v
P02,S2,4,down,KeyE,1791379016475.900,1480,e
P02,S2,4,up,KeyE,1791379016555.500,1480,e
P02,S2,4,down,Space,1791379016576.900,1481, 
P02,S2,4,up,Space,1791379016689.600,1481, 
P02,S2,4,down,KeyA,1791379016711.100,1482,a
P02,S2,4,up,KeyA,1791379016811.400,1482,a
P02,S2,4,down,Space,1791379016833.900,1483, 
P02,S2,4,up,Space,1791379016912.600,1483, 
P02,S2,4,down,KeyB,1791379016964.700,1484,b
P02,S2,4,up,KeyB,1791379017049.100,1484,b
P02,S2,4,down,KeyA,1791379017071.200,1485,a
P02,S2,4,up,KeyA,1791379017189.000,1485,a
P02,S2,4,down,KeyT,1791379017378.200,1486,t
P02,S2,4,up,KeyT,1791379017465.700,1486,t
P02,S2,4,down,Backspace,1791379017821.700,1487,Backspace
P02,S2,4,up,Backspace,1791379017897.000,1487,Backspace
P02,S2,4,down,Backspace,1791379017952.100,1488,Backspace
P02,S2,4,up,Backspace,1791379018040.600,1488,Backspace
P02,S2,4,down,KeyO,1791379018184.100,1489,o
P02,S2,4,up,KeyO,1791379018242.000,1489,o
P02,S2,4,down,KeyT,1791379018263.400,1490,t
P02,S2,4,up,KeyT,1791379018340.800,1490,t
P02,S2,4,down,KeyT,1791379018422.400,1491,t
P02,S2,4,up,KeyT,1791379018495.000,1491,t
P02,S2,4,down,KeyL,1791379018551.300,1492,l
P02,S2,4,up,KeyL,1791379018606.400,1492,l
P02,S2,4,down,KeyN,1791379018886.900,1493,n
P02,S2,4,up,KeyN,1791379018964.900,1493,n
P02,S2,4,down,KeyE,1791379019068.500,1494,e
P02,S2,4,up,KeyE,1791379019169.000,1494,e
P02,S2,4,down,Backspace,1791379019599.300,1495,Backspace
P02,S2,4,up,Backspace,1791379019676.700,1495,Backspace
P02,S2,4,down,Backspace,1791379019759.500,1496,Backspace
P02,S2,4,up,Backspace,1791379019866.900,1496,Backspace
P02,S2,4,down,KeyE,1791379019931.100,1497,e
P02,S2,4,up,KeyE,1791379020037.400,1497,e
P02,S2,4,down,KeyN,1791379020249.700,1498,n
P02,S2,4,up,KeyN,1791379020321.400,1498,n
P02,S2,4,down,KeyE,1791379020373.200,1499,e
P02,S2,4,up,KeyE,1791379020427.000,1499,e
P02,S2,4,down,KeyC,1791379020537.300,1500,c
P02,S2,4,down,KeyK,1791379020665.900,1501,k
P02,S2,4,up,KeyK,1791379020751.800,1501,k
P02,S2,4,down,ShiftLeft,1791379021304.800,1502,Shift
P02,S2,4,down,Digit0,1791379021453.400,1503,)
P02,S2,4,up,ShiftLeft,1791379021509.400,1502,Shift
P02,S2,4,up,Digit0,1791379021531.000,1503,0
P02,S2,4,down,Space,1791379021665.500,1504, 
P02,S2,4,up,Space,1791379021762.500,1504, 
P02,S2,4,down,KeyN,1791379022327.800,1505,n
P02,S2,4,up,KeyN,1791379022381.700,1505,n
P02,S2,4,down,KeyO,1791379022510.700,1506,o
P02,S2,4,up,KeyO,1791379022595.400,1506,o
P02,S2,4,down,KeyW,1791379022618.100,1507,w
P02,S2,4,up,KeyW,1791379022697.800,1507,w
P02,S2,4,down,Space,1791379022719.300,1508, 
P02,S2,4,up,Space,1791379022798.200,1508, 
P02,S2,4,down,KeyT,1791379022826.300,1509,t
P02,S2,4,up,KeyT,1791379022922.600,1509,t
P02,S2,4,down,KeyH,1791379022952.300,1510,h
P02,S2,4,up,KeyH,1791379023026.800,1510,h
P02,S2,4,down,KeyI,1791379023107.000,1511,i
P02,S2,4,down,KeyS,1791379023223.300,1512,s
P02,S2,4,up,KeyS,1791379023336.900,1512,s
P02,S2,4,down,Space,1791379023358.600,1513, 
P02,S2,4,up,Space,1791379023439.100,1513, 
P02,S2,4,down,KeyI,1791379023517.600,1514,i
P02,S2,4,down,KeyS,1791379023585.200,1515,s
P02,S2,4,up,KeyI,1791379023607.700,1514,i
P02,S2,4,up,KeyS,1791379023689.500,1515,s
P02,S2,4,up,Space,1791379023782.500,1516, 
P02,S2,4,down,KeyN,1791379023862.400,1517,n
P02,S2,4,up,KeyN,1791379023950.800,1517,n
P02,S2,4,down,KeyO,1791379024058.600,1518,o
P02,S2,4,up,KeyO,1791379024160.300,1518,o
P02,S2,4,down,KeyT,1791379024182.200,1519,t
P02,S2,4,up,KeyT,1791379024261.800,1519,t
P02,S2,4,down,Space,1791379024283.000,1520, 
P02,S2,4,up,Space,1791379024360.700,1520, 
P02,S2,4,down,KeyE,1791379024469.000,1521,e
P02,S2,4,down,KeyN,1791379024588.400,1522,n
P02,S2,4,up,KeyE,1791379024613.400,1521,e
P02,S2,4,up,KeyN,1791379024665.400,1522,n
P02,S2,4,down,KeyJ,1791379024780.400,1523,j
P02,S2,4,up,KeyJ,1791379024851.900,1523,j
P02,S2,4,down,KeyO,1791379024985.500,1524,o
P02,S2,4,up,KeyO,1791379025091.900,1524,o
P02,S2,4,down,KeyY,1791379025481.700,1525,y
P02,S2,4,up,KeyY,1791379025550.400,1525,y
P02,S2,4,down,KeyM,1791379025660.700,1526,m
P02,S2,4,up,KeyM,1791379025769.000,1526,m
P02,S2,4,down,KeyE,1791379025791.100,1527,e
P02,S2,4,down,KeyN,1791379025897.100,1528,n
P02,S2,4,up,KeyN,1791379025979.400,1528,n
P02,S2,4,down,KeyT,1791379026001.300,1529,t
P02,S2,4,up,KeyT,1791379026119.700,1529,t
P02,S2,4,down,Period,1791379026683.500,1530,.
P02,S2,4,up,Period,1791379026747.500,1530,.
P02,S2,4,down,Space,1791379026913.500,1531, 
P02,S2,4,up,Space,1791379027005.300,1531, 
P02,S2,4,down,KeyI,1791379027367.900,1532,i
P02,S2,4,up,KeyI,1791379027508.200,1532,i
P02,S2,4,down,Space,1791379027531.400,1533, 
P02,S2,4,up,Space,1791379027648.700,1533, 
P02,S2,4,down,KeyC,1791379027755.400,1534,c
P02,S2,4,up,KeyC,1791379027867.600,1534,c
P02,S2,4,down,KeyA,1791379028023.100,1535,a
P02,S2,4,up,KeyA,1791379028101.800,1535,a
P02,S2,4,down,KeyN,1791379028155.000,1536,n
P02,S2,4,up,KeyN,1791379028288.100,1536,n
P02,S2,4,down,Space,1791379028311.400,1537, 
P02,S2,4,up,Space,1791379028364.700,1537, 
P02,S2,4,down,KeyS,1791379028658.300,1538,s
P02,S2,4,up,KeyS,1791379028757.700,1538,s
P02,S2,4,down,KeyE,1791379028867.000,1539,e
P02,S2,4,up,KeyE,1791379028927.300,1539,e
P02,S2,4,down,KeyE,1791379029023.700,1540,e
P02,S2,4,up,KeyE,1791379029108.700,1540,e
P02,S2,4,down,Space,1791379029163.000,1541, 
P02,S2,4,up,Space,1791379029233.500,1541, 
P02,S2,4,down,KeyW,1791379029256.200,1542,w
P02,S2,4,up,KeyW,1791379029338.700,1542,w
P02,S2,4,down,KeyH,1791379029360.000,1543,h
P02,S2,4,up,KeyH,1791379029441.800,1543,h
P02,S2,4,down,KeyE,1791379029471.200,1544,e
P02,S2,4,down,KeyR,1791379029583.600,1545,r
P02,S2,4,up,KeyE,1791379029605.900,1544,e
P02,S2,4,up,KeyR,1791379029714.800,1545,r
P02,S2,4,down,KeyE,1791379029736.700,1546,e
P02,S2,4,up,KeyE,1791379029838.800,1546,e
P02,S2,4,down,Space,1791379029933.400,1547, 
P02,S2,4,up,Space,1791379030025.000,1547, 
P02,S2,4,down,KeyY,1791379030231.700,1548,y
P02,S2,4,up,KeyY,1791379030309.100,1548,y
P02,S2,4,down,KeyO,1791379030414.300,1549,o
P02,S2,4,up,KeyO,1791379030520.900,1549,o
P02,S2,4,down,KeyU,1791379030601.200,1550,u
P02,S2,4,up,KeyU,1791379030692.000,1550,u
P02,S2,4,down,Space,1791379030713.900,1551, 
P02,S2,4,up,Space,1791379030801.800,1551, 
P02,S2,4,up,KeyA,1791379030887.700,1552,a
P02,S2,4,down,KeyR,1791379030941.000,1553,r
P02,S2,4,down,KeyE,1791379031041.100,1554,e
P02,S2,4,up,KeyR,1791379031069.300,1553,r
P02,S2,4,down,Space,1791379031145.200,1555, 
P02,S2,4,up,KeyE,1791379031167.400,1554,e
P02,S2,4,up,Space,1791379031247.400,1555, 
P02,S2,4,down,KeyG,1791379031299.700,1556,g
P02,S2,4,down,KeyO,1791379031399.700,1557,o
P02,S2,4,up,KeyG,1791379031424.000,1556,g
P02,S2,4,up,KeyO,1791379031504.600,1557,o
P02,S2,4,down,KeyI,1791379031557.700,1558,i
P02,S2,4,up,KeyI,1791379031647.500,1558,i
P02,S2,4,down,KeyN,1791379031754.700,1559,n
P02,S2,4,up,KeyN,1791379031852.700,1559,n
P02,S2,4,down,KeyG,1791379031874.800,1560,g
P02,S2,4,up,KeyG,1791379031935.000,1560,g
P02,S2,4,down,Space,1791379031978.000,1561, 
P02,S2,4,up,Space,1791379032063.600,1561, 
P02,S2,4,down,KeyW,1791379032204.300,1562,w
P02,S2,4,up,KeyW,1791379032358.700,1562,w
P02,S2,4,down,KeyI,1791379032381.600,1563,i
P02,S2,4,up,KeyI,1791379032434.100,1563,i
P02,S2,4,down,KeyT,1791379032486.500,1564,t
P02,S2,4,up,KeyT,1791379032599.300,1564,t
P02,S2,4,down,KeyH,1791379032622.600,1565,h
P02,S2,4,up,KeyH,1791379032735.200,1565,h
P02,S2,4,down,KeyT,1791379032818.100,1566,t
P02,S2,4,up,KeyT,1791379032938.600,1566,t
P02,S2,4,down,KeyH,1791379032961.900,1567,h
P02,S2,4,up,KeyH,1791379033065.200,1567,h
P02,S2,4,down,Backspace,1791379033589.300,1568,Backspace
P02,S2,4,up,Backspace,1791379033669.800,1568,Backspace
P02,S2,4,down,Backspace,1791379033764.800,1569,Backspace
P02,S2,4,up,Backspace,1791379033855.700,1569,Backspace
P02,S2,4,down,Space,1791379033911.100,1570, 
P02,S2,4,up,Space,1791379034008.900,1570, 
P02,S2,4,down,KeyT,1791379034041.300,1571,t
P02,S2,4,down,KeyH,1791379034148.900,1572,h
P02,S2,4,up,KeyT,1791379034172.800,1571,t
P02,S2,4,up,KeyH,1791379034224.600,1572,h
P02,S2,4,down,KeyI,1791379034318.100,1573,i
P02,S2,4,down,KeyS,1791379034404.700,1574,s
P02,S2,4,up,KeyI,1791379034428.100,1573,i
P02,S2,4,down,Space,1791379034514.300,1575, 
P02,S2,4,up,KeyS,1791379034537.100,1574,s
P02,S2,4,up,Space,1791379034618.800,1575, 
P02,S2,4,down,KeyW,1791379035063.200,1576,w
P02,S2,4,up,KeyW,1791379035151.600,1576,w
P02,S2,4,down,KeyH,1791379035181.900,1577,h
P02,S2,4,up,KeyH,1791379035256.400,1577,h
P02,S2,4,down,KeyO,1791379035356.500,1578,o
P02,S2,4,up,KeyO,1791379035433.400,1578,o
P02,S2,4,down,KeyL,1791379035568.100,1579,l
P02,S2,4,up,KeyL,1791379035643.900,1579,l
P02,S2,4,down,KeyE,1791379035666.100,1580,e
P02,S2,4,up,KeyE,1791379035749.100,1580,e
P02,S2,4,down,Space,1791379035771.800,1581, 
P02,S2,4,up,Space,1791379035864.400,1581, 
P02,S2,4,down,KeyR,1791379035966.300,1582,r
P02,S2,4,down,KeyE,1791379036054.800,1583,e
P02,S2,4,up,KeyR,1791379036110.100,1582,r
P02,S2,4,up,KeyE,1791379036184.900,1583,e
P02,S2,4,down,KeyS,1791379036312.600,1584,s
P02,S2,4,down,KeyP,1791379036422.400,1585,p
P02,S2,4,up,KeyS,1791379036446.100,1584,s
P02,S2,4,up,KeyP,1791379036529.900,1585,p
P02,S2,4,down,KeyO,1791379036591.500,1586,o
P02,S2,4,up,KeyO,1791379036680.900,1586,o
P02,S2,4,down,KeyN,1791379036785.100,1587,n
P02,S2,4,down,KeyS,1791379036850.000,1588,s
P02,S2,4,up,KeyN,1791379036906.100,1587,n
P02,S2,4,down,KeyE,1791379036960.600,1589,e
P02,S2,4,up,KeyS,1791379036983.300,1588,s
P02,S2,4,up,KeyE,1791379037064.700,1589,e
P02,S2,4,down,Space,1791379037087.100,1590, 
P02,S2,4,down,KeyT,1791379037182.300,1591,t
P02,S2,4,up,KeyT,1791379037279.300,1591,t
P02,S2,4,down,KeyH,1791379037301.200,1592,h
P02,S2,4,up,KeyH,1791379037384.300,1592,h
P02,S2,4,down,KeyI,1791379037446.100,1593,i
P02,S2,4,up,KeyI,1791379037531.000,1593,i
P02,S2,4,down,KeyN,1791379037627.500,1594,n
P02,S2,4,up,KeyN,1791379037718.200,1594,n
P02,S2,4,down,KeyG,1791379037741.600,1595,g
P02,S2,4,up,KeyG,1791379037844.800,1595,g
P02,S2,4,down,Space,1791379038492.800,1596, 
P02,S2,4,up,Space,1791379038569.700,1596, 
P02,S2,4,down,KeyB,1791379038704.400,1597,b
P02,S2,4,up,KeyB,1791379038777.100,1597,b
P02,S2,4,down,KeyT,1791379038952.000,1598,t
P02,S2,4,down,KeyU,1791379038976.400,1599,u
P02,S2,4,up,KeyT,1791379039059.900,1598,t
P02,S2,4,down,Space,1791379039228.700,1600, 
P02,S2,4,up,Space,1791379039328.100,1600, 
P02,S2,4,down,KeyS,1791379039495.600,1601,s
P02,S2,4,up,KeyS,1791379039556.400,1601,s
P02,S2,4,down,Backspace,1791379039741.400,1602,Backspace
P02,S2,4,up,Backspace,1791379039823.300,1602,Backspace
P02,S2,4,down,Backspace,1791379039914.100,1603,Backspace
P02,S2,4,up,Backspace,1791379039987.500,1603,Backspace
P02,S2,4,down,Backspace,1791379040079.200,1604,Backspace
P02,S2,4,up,Backspace,1791379040148.200,1604,Backspace
P02,S2,4,down,Backspace,1791379040233.700,1605,Backspace
P02,S2,4,up,Backspace,1791379040325.500,1605,Backspace
P02,S2,4,down,KeyI,1791379040587.000,1606,i
P02,S2,4,up,KeyI,1791379040649.200,1606,i
P02,S2,4,down,KeyT,1791379040742.800,1607,t
P02,S2,4,up,KeyT,1791379040825.600,1607,t
P02,S2,4,down,Backspace,1791379040907.600,1608,Backspace
P02,S2,4,up,Backspace,1791379041009.000,1608,Backspace
P02,S2,4,down,Backspace,1791379041109.300,1609,Backspace
P02,S2,4,up,Backspace,1791379041192.500,1609,Backspace
P02,S2,4,down,KeyI,1791379041361.100,1610,i
P02,S2,4,up,KeyI,1791379041453.100,1610,i
P02,S2,4,down,KeyT,1791379041511.400,1611,t
P02,S2,4,up,KeyT,1791379041585.600,1611,t
P02,S2,4,down,Space,1791379041657.600,1612, 
P02,S2,4,up,Space,1791379041770.600,1612, 
P02,S2,4,down,Backspace,1791379041894.600,1613,Backspace
P02,S2,4,up,Backspace,1791379041960.400,1613,Backspace
P02,S2,4,down,Backspace,1791379042052.600,1614,Backspace
P02,S2,4,up,Backspace,1791379042131.700,1614,Backspace
P02,S2,4,down,Backspace,1791379042221.500,1615,Backspace
P02,S2,4,up,Backspace,1791379042328.200,1615,Backspace
P02,S2,4,down,KeyU,1791379042560.200,1616,u
P02,S2,4,down,KeyT,1791379042675.300,1617,t
P02,S2,4,down,Space,1791379042757.000,1618, 
P02,S2,4,up,KeyT,1791379042781.300,1617,t
P02,S2,4,up,Space,1791379042843.900,1618, 
P02,S2,4,down,KeyS,1791379042977.300,1619,s
P02,S2,4,down,KeyI,1791379043006.000,1620,i
P02,S2,4,up,KeyS,1791379043103.200,1619,s
P02,S2,4,down,KeyM,1791379043166.300,1621,m
P02,S2,4,up,KeyM,1791379043290.600,1621,m
P02,S2,4,down,KeyP,1791379043369.500,1622,p
P02,S2,4,up,KeyP,1791379043466.300,1622,p
P02,S2,4,down,KeyL,1791379043588.400,1623,l
P02,S2,4,up,KeyL,1791379043697.700,1623,l
P02,S2,4,down,KeyY,1791379043832.700,1624,y
P02,S2,4,up,KeyY,1791379043915.800,1624,y
P02,S2,4,down,Space,1791379043986.400,1625, 
P02,S2,4,up,Space,1791379044096.700,1625, 
P02,S2,4,down,KeyY,1791379045696.200,1626,y
P02,S2,4,up,KeyY,1791379045777.600,1626,y
P02,S2,4,down,KeyO,1791379045902.100,1627,o
P02,S2,4,up,KeyO,1791379045993.000,1627,o
P02,S2,4,down,KeyU,1791379046072.800,1628,u
P02,S2,4,up,KeyU,1791379046215.900,1628,u
P02,S2,4,down,Space,1791379046240.200,1629, 
P02,S2,4,up,Space,1791379046326.600,1629, 
P02,S2,4,down,KeyC,1791379047168.300,1630,c
P02,S2,4,up,KeyC,1791379047273.600,1630,c
P02,S2,4,down,KeyA,1791379047366.700,1631,a
P02,S2,4,up,KeyA,1791379047480.100,1631,a
P02,S2,4,down,KeyN,1791379047630.800,1632,n
P02,S2,4,up,KeyN,1791379047719.800,1632,n
P02,S2,4,down,KeyN,1791379047814.700,1633,n
P02,S2,4,up,KeyN,1791379047897.900,1633,n
P02,S2,4,down,KeyO,1791379048021.500,1634,o
P02,S2,4,up,KeyO,1791379048099.100,1634,o
P02,S2,4,down,KeyT,1791379048156.600,1635,t
P02,S2,4,up,KeyT,1791379048228.200,1635,t
P02,S2,4,down,Space,1791379048263.400,1636, 
P02,S2,4,up,Space,1791379048360.600,1636, 
P02,S2,4,down,KeyE,1791379048435.700,1637,e
P02,S2,4,down,KeyN,1791379048546.600,1638,n
P02,S2,4,up,KeyN,1791379048632.800,1638,n
P02,S2,4,down,KeyJ,1791379048751.500,1639,j
P02,S2,4,up,KeyJ,1791379048824.100,1639,j
P02,S2,4,down,KeyO,1791379048932.400,1640,o
P02,S2,4,up,KeyO,1791379049015.400,1640,o
P02,S2,4,down,KeyY,1791379049075.100,1641,y
P02,S2,4,up,KeyY,1791379049143.400,1641,y
P02,S2,4,down,Space,1791379049204.800,1642, 
P02,S2,4,up,Space,1791379049311.500,1642, 
P02,S2,4,down,KeyS,1791379049427.500,1643,s
P02,S2,4,down,KeyO,1791379049516.300,1644,o
P02,S2,4,up,KeyS,1791379049548.400,1643,s
P02,S2,4,up,KeyO,1791379049594.300,1644,o
P02,S2,4,down,KeyM,1791379049705.300,1645,m
P02,S2,4,down,KeyE,1791379049764.600,1646,e
P02,S2,4,up,KeyM,1791379049788.900,1645,m
P02,S2,4,up,KeyE,1791379049872.300,1646,e
P02,S2,4,down,KeyT,1791379049928.600,1647,t
P02,S2,4,down,KeyH,1791379049987.600,1648,h
P02,S2,4,up,KeyH,1791379050044.900,1648,h
P02,S2,4,down,KeyI,1791379050127.100,1649,i
P02,S2,4,up,KeyI,1791379050212.500,1649,i
P02,S2,4,down,KeyN,1791379050317.500,1650,n
P02,S2,4,up,KeyN,1791379050384.100,1650,n
P02,S2,4,down,KeyG,1791379050407.800,1651,g
P02,S2,4,up,KeyG,1791379050503.200,1651,g
P02,S2,4,down,Space,1791379050526.700,1652, 
P02,S2,4,up,Space,1791379050646.600,1652, 
P02,S2,4,down,KeyW,1791379050765.600,1653,w
P02,S2,4,up,KeyW,1791379050871.200,1653,w
P02,S2,4,down,KeyH,1791379050899.300,1654,h
P02,S2,4,down,KeyE,1791379050996.400,1655,e
P02,S2,4,down,KeyN,1791379051109.100,1656,n
P02,S2,4,up,KeyE,1791379051133.700,1655,e
P02,S2,4,up,KeyN,1791379051223.200,1656,n
P02,S2,4,up,Space,1791379051295.900,1657, 
P02,S2,4,down,KeyI,1791379051357.800,1658,i
P02,S2,4,up,KeyI,1791379051465.300,1658,i
P02,S2,4,down,KeyT,1791379051489.000,1659,t
P02,S2,4,up,KeyT,1791379051598.000,1659,t
P02,S2,4,down,Space,1791379051621.900,1660, 
P02,S2,4,up,Space,1791379051710.700,1660, 
P02,S2,4,down,KeyI,1791379051773.200,1661,i
P02,S2,4,down,KeyS,1791379051842.900,1662,s
P02,S2,4,up,KeyI,1791379051867.200,1661,i
P02,S2,4,down,Space,1791379051951.200,1663, 
P02,S2,4,up,KeyS,1791379051974.900,1662,s
P02,S2,4,up,Space,1791379052063.600,1663, 
P02,S2,4,down,KeyN,1791379052120.700,1664,n
P02,S2,4,up,KeyN,1791379052192.600,1664,n
P02,S2,4,down,KeyO,1791379052320.300,1665,o
P02,S2,4,up,KeyO,1791379052407.400,1665,o
P02,S2,4,down,KeyT,1791379052430.900,1666,t
P02,S2,4,down,Space,1791379052528.300,1667, 
P02,S2,4,up,Space,1791379052644.100,1667, 
P02,S2,4,down,KeyA,1791379052701.100,1668,a
P02,S2,4,up,KeyA,1791379052781.100,1668,a
P02,S2,4,down,KeyC,1791379052919.000,1669,c
P02,S2,4,up,KeyC,1791379053048.200,1669,c
P02,S2,4,down,KeyT,1791379053273.500,1670,t
P02,S2,4,up,KeyT,1791379053370.300,1670,t
P02,S2,4,down,KeyI,1791379053395.100,1671,i
P02,S2,4,up,KeyI,1791379053494.300,1671,i
P02,S2,4,down,KeyV,1791379053554.800,1672,v
P02,S2,4,down,KeyI,1791379053635.000,1673,i
P02,S2,4,up,KeyV,1791379053659.700,1672,v
P02,S2,4,up,KeyI,1791379053746.900,1673,i
P02,S2,4,down,Backspace,1791379054040.300,1674,Backspace
P02,S2,4,up,Backspace,1791379054144.500,1674,Backspace
P02,S2,4,down,KeyI,1791379054950.600,1675,i
P02,S2,4,up,KeyI,1791379055016.000,1675,i
P02,S2,4,down,KeyL,1791379055141.600,1676,l
P02,S2,4,up,KeyL,1791379055237.600,1676,l
P02,S2,4,down,KeyY,1791379055346.400,1677,y
P02,S2,4,up,KeyY,1791379055416.300,1677,y
P02,S2,4,down,Space,1791379055441.400,1678, 
P02,S2,4,up,Space,1791379055575.100,1678, 
P02,S2,4,down,KeyI,1791379056756.600,1679,i
P02,S2,4,up,KeyI,1791379056863.600,1679,i
P02,S2,4,down,KeyM,1791379056936.100,1680,m
P02,S2,4,up,KeyM,1791379057023.100,1680,m
P02,S2,4,down,KeyP,1791379057122.600,1681,p
P02,S2,4,up,KeyP,1791379057224.500,1681,p
P02,S2,4,down,KeyR,1791379057259.600,1682,r
P02,S2,4,up,KeyR,1791379057341.800,1682,r
P02,S2,4,down,KeyO,1791379057365.900,1683,o
P02,S2,4,up,KeyO,1791379057462.600,1683,o
P02,S2,4,down,KeyV,1791379057576.400,1684,v
P02,S2,4,up,KeyV,1791379057688.600,1684,v
P02,S2,4,down,KeyI,1791379057714.000,1685,i
P02,S2,4,up,KeyI,1791379057808.200,1685,i
P02,S2,4,down,KeyN,1791379057913.400,1686,n
P02,S2,4,up,KeyN,1791379058026.300,1686,n
P02,S2,4,down,KeyG,1791379058694.100,1687,g
P02,S2,4,up,KeyG,1791379058790.400,1687,g
P02,S2,4,down,Space,1791379058816.200,1688, 
P02,S2,4,up,Space,1791379058909.100,1688, 
P02,S2,4,down,KeyY,1791379059179.300,1689,y
P02,S2,4,up,KeyY,1791379059262.500,1689,y
P02,S2,4,down,KeyO,1791379059398.400,1690,o
P02,S2,4,up,KeyO,1791379059521.100,1690,o
P02,S2,4,down,KeyU,1791379059619.900,1691,u
P02,S2,4,down,Space,1791379059776.800,1692, 
P02,S2,4,up,Space,1791379059923.600,1692, 
P02,S2,4,down,Backspace,1791379060204.700,1693,Backspace
P02,S2,4,up,Backspace,1791379060319.300,1693,Backspace
P02,S2,4,down,Period,1791379061456.600,1694,.
P02,S2,4,up,Period,1791379061531.800,1694,.
P02,S2,4,down,Space,1791379061620.300,1695, 
P02,S2,4,up,Space,1791379061704.700,1695, 
P02,S2,4,down,ShiftLeft,1791379062854.200,1696,Shift
P02,S2,4,down,KeyI,1791379063188.900,1697,I
P02,S2,4,up,KeyI,1791379063256.300,1697,i
P02,S2,4,down,KeyN,1791379063401.700,1698,n
P02,S2,4,down,Space,1791379063506.400,1699, 
P02,S2,4,up,KeyN,1791379063532.300,1698,n
P02,S2,4,up,Space,1791379063621.400,1699, 
P02,S2,4,down,KeyA,1791379063684.100,1700,a
P02,S2,4,down,Space,1791379063813.200,1701, 
P02,S2,4,up,KeyA,1791379063838.700,1700,a
P02,S2,4,up,Space,1791379063929.500,1701, 
P02,S2,4,down,KeyW,1791379063964.600,1702,w
P02,S2,4,up,KeyW,1791379064088.700,1702,w
P02,S2,4,down,KeyA,1791379064114.200,1703,a
P02,S2,4,up,KeyA,1791379064283.200,1703,a
P02,S2,4,down,KeyY,1791379064377.800,1704,y
P02,S2,4,up,KeyY,1791379064498.800,1704,y
P02,S2,4,down,Space,1791379064523.300,1705, 
P02,S2,4,up,Space,1791379064617.000,1705, 
P02,S2,4,down,KeyT,1791379064678.200,1706,t
P02,S2,4,down,KeyH,1791379064743.300,1707,h
P02,S2,4,up,KeyH,1791379064800.600,1707,h
P02,S2,4,down,KeyA,1791379065107.300,1708,a
P02,S2,4,up,KeyA,1791379065229.900,1708,a
P02,S2,4,down,Space,1791379065453.400,1709, 
P02,S2,4,up,Space,1791379065556.000,1709, 
P02,S2,4,down,Backspace,1791379065755.000,1710,Backspace
P02,S2,4,up,Backspace,1791379065858.000,1710,Backspace
P02,S2,4,down,KeyT,1791379065892.500,1711,t
P02,S2,4,up,KeyT,1791379066008.700,1711,t
P02,S2,4,down,Space,1791379066037.400,1712, 
P02,S2,4,up,Space,1791379066131.700,1712, 
P02,S2,4,down,KeyM,1791379066209.200,1713,m
P02,S2,4,down,KeyA,1791379066312.100,1714,a
P02,S2,4,up,KeyM,1791379066337.500,1713,m
P02,S2,4,up,KeyA,1791379066433.600,1714,a
P02,S2,4,down,KeyK,1791379066522.900,1715,k
P02,S2,4,up,KeyK,1791379066685.100,1715,k
P02,S2,4,down,Backspace,1791379067005.000,1716,Backspace
P02,S2,4,up,Backspace,1791379068158.600,1716,Backspace
P02,S2,4,down,Period,1791379069448.200,1717,.
P02,S2,4,up,Period,1791379069548.000,1717,.
P02,S2,4,down,Space,1791379069582.400,1718, 
P02,S2,4,up,Space,1791379069689.700,1718, 
P02,S2,4,down,KeyM,1791379069840.200,1719,m
P02,S2,4,up,KeyM,1791379069939.100,1719,m
P02,S2,4,down,KeyA,1791379070000.300,1720,a
P02,S2,4,up,KeyA,1791379070083.400,1720,a
P02,S2,4,down,KeyU,1791379070146.300,1722,u
P02,S2,4,up,KeyU,1791379070209.700,1722,u
P02,S2,4,down,KeyB,1791379070310.400,1723,b
P02,S2,4,up,KeyB,1791379070409.000,1723,b
P02,S2,4,down,KeyE,1791379070434.400,1724,e
P02,S2,4,up,KeyE,1791379070527.200,1724,e
P02,S2,4,down,Backspace,1791379070710.600,1725,Backspace
P02,S2,4,up,Backspace,1791379070742.700,1725,Backspace
P02,S2,4,down,Backspace,1791379070848.800,1726,Backspace
P02,S2,4,up,Backspace,1791379070917.300,1726,Backspace
P02,S2,4,down,Backspace,1791379071010.000,1727,Backspace
P02,S2,4,up,Backspace,1791379071072.300,1727,Backspace
P02,S2,4,down,KeyB,1791379071543.500,1728,b
P02,S2,4,up,KeyB,1791379071627.600,1728,b
P02,S2,4,down,KeyE,1791379071657.400,1729,e
P02,S2,4,up,KeyE,1791379071749.700,1729,e
P02,S2,4,up,Space,1791379071828.000,1730, 
P02,S2,4,down,KeyI,1791379071856.600,1731,i
P02,S2,4,up,KeyI,1791379071941.500,1731,i
P02,S2,4,down,KeyN,1791379072020.600,1732,n
P02,S2,4,down,Space,1791379072082.100,1733, 
P02,S2,4,up,KeyN,1791379072144.100,1732,n
P02,S2,4,up,Space,1791379072180.900,1733, 
P02,S2,4,up,KeyT,1791379072291.500,1734,t
P02,S2,4,down,KeyE,1791379072385.600,1736,e
P02,S2,4,up,KeyE,1791379072445.700,1736,e
P02,S2,4,up,Space,1791379072507.900,1737, 
P02,S2,4,down,KeyF,1791379072559.400,1738,f
P02,S2,4,down,KeyU,1791379072658.500,1739,u
P02,S2,4,up,KeyF,1791379072683.400,1738,f
P02,S2,4,up,KeyU,1791379072778.100,1739,u
P02,S2,4,down,KeyT,1791379072809.300,1740,t
P02,S2,4,down,KeyU,1791379072904.700,1741,u
P02,S2,4,up,KeyT,1791379072929.500,1740,t
P02,S2,4,up,KeyU,1791379073025.500,1741,u
P02,S2,4,down,KeyR,1791379073084.500,1742,r
P02,S2,4,down,KeyE,1791379073156.500,1743,e
P02,S2,4,up,KeyR,1791379073218.500,1742,r
P02,S2,4,down,Space,1791379073247.300,1744, 
P02,S2,4,up,KeyE,1791379073297.500,1743,e
P02,S2,4,up,Space,1791379073387.700,1744, 
P02,S2,4,down,KeyW,1791379073448.600,1745,w
P02,S2,4,up,KeyW,1791379073595.800,1745,w
P02,S2,4,down,KeyE,1791379073620.400,1746,e
P02,S2,4,up,KeyE,1791379073733.500,1746,e
P02,S2,4,down,Space,1791379073761.200,1747, 
P02,S2,4,up,Space,1791379073872.600,1747, 
P02,S2,4,down,KeyC,1791379073932.300,1748,c
P02,S2,4,up,KeyC,1791379074048.100,1748,c
P02,S2,4,down,KeyA,1791379074111.600,1749,a
P02,S2,4,up,KeyA,1791379074219.500,1749,a
P02,S2,4,down,KeyN,1791379074243.200,1750,n
P02,S2,4,down,Space,1791379074300.900,1751, 
P02,S2,4,up,KeyN,1791379074357.800,1750,n
P02,S2,4,up,Space,1791379074447.600,1751, 
P02,S2,4,down,KeyE,1791379074538.900,1752,e
P02,S2,4,down,KeyN,1791379074672.800,1753,n
P02,S2,4,up,KeyN,1791379074761.100,1753,n
P02,S2,4,down,KeyJ,1791379074854.000,1754,j
P02,S2,4,up,KeyJ,1791379074947.200,1754,j
P02,S2,4,down,KeyO,1791379075034.900,1755,o
P02,S2,4,down,KeyY,1791379075159.000,1756,y
P02,S2,4,up,KeyY,1791379075249.300,1756,y
P02,S2,4,down,Space,1791379075312.200,1757, 
P02,S2,4,down,KeyA,1791379075422.100,1758,a
P02,S2,4,up,KeyA,1791379075528.700,1758,a
P02,S2,4,down,KeyN,1791379075553.200,1759,n
P02,S2,4,down,Space,1791379075653.500,1760, 
P02,S2,4,up,KeyN,1791379075684.500,1759,n
P02,S2,4,up,Space,1791379075735.100,1760, 
P02,S2,4,down,KeyA,1791379076077.000,1761,a
P02,S2,4,up,KeyA,1791379076140.900,1761,a
P02,S2,4,down,KeyC,1791379076244.700,1762,c
P02,S2,4,up,KeyC,1791379076378.900,1762,c
P02,S2,4,down,KeyT,1791379076526.600,1763,t
P02,S2,4,down,KeyU,1791379076632.100,1764,u
P02,S2,4,up,KeyU,1791379076721.600,1764,u
P02,S2,4,down,KeyA,1791379076783.100,1765,a
P02,S2,4,up,KeyA,1791379076860.400,1765,a
P02,S2,4,down,KeyL,1791379076885.200,1766,l
P02,S2,4,up,KeyL,1791379077028.600,1766,l
P02,S2,4,down,KeyY,1791379077091.800,1767,y
P02,S2,4,up,KeyY,1791379077162.500,1767,y
P02,S2,4,down,Space,1791379077239.200,1768, 
P02,S2,4,up,Space,1791379077346.900,1768, 
P02,S2,4,down,Backspace,1791379077526.700,1769,Backspace
P02,S2,4,up,Backspace,1791379077592.400,1769,Backspace
P02,S2,4,down,Backspace,1791379077662.400,1770,Backspace
P02,S2,4,up,Backspace,1791379077768.700,1770,Backspace
P02,S2,4,down,Space,1791379077860.400,1771, 
P02,S2,4,up,Space,1791379077991.400,1771, 
P02,S2,4,down,KeyC,1791379078115.600,1772,c
P02,S2,4,down,KeyO,1791379078178.200,1773,o
P02,S2,4,up,KeyC,1791379078204.100,1772,c
P02,S2,4,up,KeyO,1791379078264.100,1773,o
P02,S2,4,down,KeyN,1791379078389.100,1774,n
P02,S2,4,down,KeyV,1791379078484.600,1775,v
P02,S2,4,up,KeyV,1791379078596.300,1775,v
P02,S2,4,down,KeyE,1791379078706.000,1776,e
P02,S2,4,down,KeyR,1791379078779.900,1777,r
P02,S2,4,up,KeyE,1791379078853.300,1776,e
P02,S2,4,up,KeyR,1791379078914.100,1777,r
P02,S2,4,down,KeyS,1791379078976.000,1778,s
P02,S2,4,up,KeyS,1791379079082.900,1778,s
P02,S2,4,down,KeyA,1791379079199.700,1779,a
P02,S2,4,up,KeyA,1791379079304.200,1779,a
P02,S2,4,down,KeyT,1791379079414.900,1780,t
P02,S2,4,down,KeyI,1791379079515.800,1781,i
P02,S2,4,up,KeyT,1791379079542.500,1780,t
P02,S2,4,up,KeyI,1791379079607.800,1781,i
P02,S2,4,up,KeyO,1791379079722.900,1782,o
P02,S2,4,down,KeyN,1791379079798.900,1783,n
P02,S2,4,up,KeyN,1791379079901.800,1783,n
P02,S2,4,down,Enter,1791379080019.200,1784,Enter
P02,S2,5,up,Enter,1791379080138.000,1784,Enter
P02,S2,5,down,KeyN,1791379121147.800,1785,n
P02,S2,5,up,KeyN,1791379121219.400,1785,n
P02,S2,5,down,KeyO,1791379121302.500,1786,o
P02,S2,5,up,KeyO,1791379121411.300,1786,o
P02,S2,5,down,Space,1791379121438.800,1787, 
P02,S2,5,up,Space,1791379121533.500,1787, 
P02,S2,5,down,KeyB,1791379121603.000,1788,b
P02,S2,5,down,KeyE,1791379121669.900,1789,e
P02,S2,5,up,KeyE,1791379121771.600,1789,e
P02,S2,5,down,KeyC,1791379121889.100,1790,c
P02,S2,5,up,KeyC,1791379121979.100,1790,c
P02,S2,5,down,KeyA,1791379122092.800,1791,a
P02,S2,5,up,KeyA,1791379122191.600,1791,a
P02,S2,5,down,KeyU,1791379122256.000,1792,u
P02,S2,5,up,KeyU,1791379122330.400,1792,u
P02,S2,5,down,KeyS,1791379122361.300,1793,s
P02,S2,5,down,KeyE,1791379122455.500,1794,e
P02,S2,5,up,KeyS,1791379122532.100,1793,s
P02,S2,5,up,KeyE,1791379122629.500,1794,e
P02,S2,5,down,Space,1791379122910.000,1795, 
P02,S2,5,up,Space,1791379123028.800,1795, 
P02,S2,5,down,KeyT,1791379123228.100,1796,t
P02,S2,5,up,KeyT,1791379123323.200,1796,t
P02,S2,5,down,KeyH,1791379123350.000,1797,h
P02,S2,5,up,KeyH,1791379123425.300,1797,h
P02,S2,5,down,KeyE,1791379123470.500,1798,e
P02,S2,5,up,KeyE,1791379123604.400,1798,e
P02,S2,5,down,KeyN,1791379123630.500,1799,n
P02,S2,5,down,Space,1791379123776.700,1800, 
P02,S2,5,up,KeyN,1791379123804.200,1799,n
P02,S2,5,up,Space,1791379123896.900,1800, 
P02,S2,5,down,KeyW,1791379124530.000,1801,w
P02,S2,5,down,KeyE,1791379124637.600,1802,e
P02,S2,5,up,KeyW,1791379124703.400,1801,w
P02,S2,5,up,KeyE,1791379124787.800,1802,e
P02,S2,5,down,Space,1791379124923.300,1803, 
P02,S2,5,up,Space,1791379125035.900,1803, 
P02,S2,5,down,KeyH,1791379125149.000,1804,h
P02,S2,5,up,KeyH,1791379125241.600,1804,h
P02,S2,5,down,KeyA,1791379125275.500,1805,a
P02,S2,5,up,KeyA,1791379125367.500,1805,a
P02,S2,5,down,KeyV,1791379125393.000,1806,v
P02,S2,5,up,KeyV,1791379125487.600,1806,v
P02,S2,5,down,KeyE,1791379125512.000,1807,e
P02,S2,5,up,KeyE,1791379125620.200,1807,e
P02,S2,5,up,Space,1791379125729.900,1808, 
P02,S2,5,down,KeyT,1791379127129.100,1809,t
P02,S2,5,up,KeyT,1791379127227.400,1809,t
P02,S2,5,down,KeyO,1791379127253.000,1810,o
P02,S2,5,down,Space,1791379127379.200,1811, 
P02,S2,5,up,KeyO,1791379127406.400,1810,o
P02,S2,5,up,Space,1791379127500.800,1811, 
P02,S2,5,down,KeyA,1791379127525.600,1812,a
P02,S2,5,up,KeyA,1791379127642.700,1812,a
P02,S2,5,down,KeyD,1791379127731.800,1813,d
P02,S2,5,down,KeyM,1791379127837.400,1814,m
P02,S2,5,up,KeyD,1791379127865.700,1813,d
P02,S2,5,up,KeyM,1791379127936.100,1814,m
P02,S2,5,down,KeyI,1791379128020.600,1815,i
P02,S2,5,up,KeyI,1791379128105.000,1815,i
P02,S2,5,down,KeyT,1791379128129.900,1816,t
P02,S2,5,down,Space,1791379128243.000,1817, 
P02,S2,5,down,KeyT,1791379128346.700,1818,t
P02,S2,5,up,Space,1791379128374.400,1817, 
P02,S2,5,down,KeyH,1791379128475.600,1819,h
P02,S2,5,up,KeyH,1791379128563.000,1819,h
P02,S2,5,down,KeyA,1791379128589.300,1820,a
P02,S2,5,up,KeyA,1791379128688.200,1820,a
P02,S2,5,down,KeyT,1791379128761.500,1821,t
P02,S2,5,up,KeyT,1791379128860.700,1821,t
P02,S2,5,down,Space,1791379128891.500,1822, 
P02,S2,5,up,Space,1791379128992.500,1822, 
P02,S2,5,down,KeyH,1791379129177.100,1823,h
P02,S2,5,up,KeyH,1791379129255.000,1823,h
P02,S2,5,down,KeyU,1791379129370.700,1824,u
P02,S2,5,up,KeyU,1791379129476.300,1824,u
P02,S2,5,down,KeyM,1791379129623.500,1825,m
P02,S2,5,up,KeyM,1791379129718.200,1825,m
P02,S2,5,down,KeyA,1791379129837.800,1826,a
P02,S2,5,down,KeyN,1791379129958.300,1827,n
P02,S2,5,up,KeyN,1791379130029.100,1827,n
P02,S2,5,down,KeyI,1791379130131.100,1828,i
P02,S2,5,up,KeyI,1791379130234.900,1828,i
P02,S2,5,down,KeyT,1791379130261.900,1829,t
P02,S2,5,up,KeyT,1791379130359.000,1829,t
P02,S2,5,down,KeyY,1791379130506.300,1830,y
P02,S2,5,up,KeyY,1791379130620.000,1830,y
P02,S2,5,down,Space,1791379130684.800,1831, 
P02,S2,5,up,Space,1791379130785.700,1831, 
P02,S2,5,down,KeyW,1791379132798.300,1832,w
P02,S2,5,up,KeyW,1791379132877.900,1832,w
P02,S2,5,down,KeyA,1791379133000.300,1833,a
P02,S2,5,down,KeyS,1791379133094.100,1834,s
P02,S2,5,up,KeyA,1791379133163.200,1833,a
P02,S2,5,down,Space,1791379133230.200,1835, 
P02,S2,5,up,Space,1791379133341.800,1835, 
P02,S2,5,down,KeyP,1791379134901.900,1836,p
P02,S2,5,up,KeyP,1791379134988.300,1836,p
P02,S2,5,down,KeyO,1791379135060.600,1837,o
P02,S2,5,up,KeyO,1791379135169.600,1837,o
P02,S2,5,down,KeyI,1791379135268.900,1838,i
P02,S2,5,up,KeyI,1791379135339.600,1838,i
P02,S2,5,down,KeyN,1791379135447.200,1839,n
P02,S2,5,up,KeyN,1791379135519.200,1839,n
P02,S2,5,up,KeyT,1791379135612.100,1840,t
P02,S2,5,down,KeyL,1791379135637.700,1841,l
P02,S2,5,down,KeyE,1791379135706.300,1842,e
P02,S2,5,up,KeyL,1791379135789.600,1841,l
P02,S2,5,up,KeyE,1791379135815.000,1842,e
P02,S2,5,down,KeyS,1791379135909.600,1843,s
P02,S2,5,up,KeyS,1791379135984.400,1843,s
P02,S2,5,down,KeyS,1791379136059.000,1844,s
P02,S2,5,up,KeyS,1791379136152.200,1844,s
P02,S2,5,down,Space,1791379136177.400,1845, 
P02,S2,5,down,KeyA,1791379136296.400,1846,a
P02,S2,5,up,KeyA,1791379136386.100,1846,a
P02,S2,5,down,KeyD,1791379136455.900,1848,d
P02,S2,5,up,KeyN,1791379136496.100,1847,n
P02,S2,5,up,KeyD,1791379136602.200,1848,d
P02,S2,5,up,Space,1791379136685.500,1849, 
P02,S2,5,down,KeyW,1791379136849.600,1850,w
P02,S2,5,down,KeyE,1791379136949.800,1851,e
P02,S2,5,up,KeyW,1791379136986.600,1850,w
P02,S2,5,down,Space,1791379137078.600,1852, 
P02,S2,5,up,Space,1791379137170.500,1852, 
P02,S2,5,down,KeyN,1791379137236.700,1853,n
P02,S2,5,down,KeyE,1791379137268.100,1854,e
P02,S2,5,up,KeyN,1791379137355.700,1853,n
P02,S2,5,up,KeyE,1791379137380.900,1854,e
P02,S2,5,down,KeyV,1791379137509.600,1855,v
P02,S2,5,up,KeyV,1791379137605.100,1855,v
P02,S2,5,down,KeyE,1791379137700.100,1856,e
P02,S2,5,down,KeyR,1791379137812.100,1857,r
P02,S2,5,up,KeyE,1791379137879.400,1856,e
P02,S2,5,up,KeyR,1791379137944.000,1857,r
P02,S2,5,down,Space,1791379137970.700,1858, 
P02,S2,5,up,Space,1791379138070.800,1858, 
P02,S2,5,down,KeyR,1791379138098.300,1859,r
P02,S2,5,down,KeyE,1791379138193.300,1860,e
P02,S2,5,up,KeyR,1791379138257.100,1859,r
P02,S2,5,up,KeyE,1791379138364.400,1860,e
P02,S2,5,down,KeyA,1791379138427.400,1861,a
P02,S2,5,up,KeyA,1791379138532.600,1861,a
P02,S2,5,down,KeyL,1791379138597.200,1862,l
P02,S2,5,up,KeyL,1791379138631.800,1862,l
P02,S2,5,down,KeyL,1791379138726.000,1863,l
P02,S2,5,up,KeyL,1791379138791.400,1863,l
P02,S2,5,down,KeyY,1791379138939.400,1864,y
P02,S2,5,up,KeyY,1791379139030.700,1864,y
P02,S2,5,down,Space,1791379139058.200,1865, 
P02,S2,5,up,Space,1791379139162.900,1865, 
P02,S2,5,down,KeyH,1791379139226.800,1866,h
P02,S2,5,down,KeyA,1791379139294.300,1867,a
P02,S2,5,up,KeyH,1791379139328.900,1866,h
P02,S2,5,down,KeyD,1791379139417.400,1868,d
P02,S2,5,down,Space,1791379139549.800,1869, 
P02,S2,5,up,KeyD,1791379139576.400,1868,d
P02,S2,5,up,Space,1791379139676.800,1869, 
P02,S2,5,down,KeyE,1791379139703.800,1870,e
P02,S2,5,up,KeyE,1791379139809.500,1870,e
P02,S2,5,up,KeyN,1791379139874.300,1871,n
P02,S2,5,down,KeyJ,1791379139998.400,1872,j
P02,S2,5,up,KeyJ,1791379140087.400,1872,j
P02,S2,5,down,KeyO,1791379140156.600,1873,o
P02,S2,5,up,KeyO,1791379140255.300,1873,o
P02,S2,5,down,KeyY,1791379140393.900,1874,y
P02,S2,5,up,KeyY,1791379140469.000,1874,y
P02,S2,5,down,KeyM,1791379140620.100,1875,m
P02,S2,5,up,KeyM,1791379140691.200,1875,m
P02,S2,5,down,KeyE,1791379140717.200,1876,e
P02,S2,5,down,KeyN,1791379140819.400,1877,n
P02,S2,5,up,KeyN,1791379140888.900,1877,n
P02,S2,5,down,KeyT,1791379140947.600,1878,t
P02,S2,5,up,KeyT,1791379141042.000,1878,t
P02,S2,5,down,Period,1791379141619.800,1879,.
P02,S2,5,up,Period,1791379141699.100,1879,.
P02,S2,5,down,Space,1791379141777.200,1880, 
P02,S2,5,up,Space,1791379141885.700,1880, 
P02,S2,5,down,ShiftLeft,1791379142046.100,1881,Shift
P02,S2,5,down,KeyI,1791379142221.500,1882,I
P02,S2,5,up,ShiftLeft,1791379142293.100,1881,Shift
P02,S2,5,up,KeyI,1791379142361.000,1882,i
P02,S2,5,down,Space,1791379142387.800,1883, 
P02,S2,5,up,Space,1791379142517.400,1883, 
P02,S2,5,down,KeyC,1791379143194.600,1884,c
P02,S2,5,up,KeyC,1791379143317.300,1884,c
P02,S2,5,down,KeyA,1791379143388.400,1885,a
P02,S2,5,down,KeyN,1791379143481.500,1886,n
P02,S2,5,up,KeyA,1791379143509.600,1885,a
P02,S2,5,up,KeyN,1791379143614.900,1886,n
P02,S2,5,up,Space,1791379143672.900,1887, 
P02,S2,5,down,KeyG,1791379143878.600,1888,g
P02,S2,5,down,KeyO,1791379143973.900,1889,o
P02,S2,5,up,KeyG,1791379144003.000,1888,g
P02,S2,5,up,KeyO,1791379144104.500,1889,o
P02,S2,5,up,Space,1791379144160.300,1890, 
P02,S2,5,down,KeyI,1791379144214.500,1891,i
P02,S2,5,up,KeyI,1791379144277.800,1891,i
P02,S2,5,down,KeyN,1791379144446.200,1892,n
P02,S2,5,up,KeyN,1791379144522.700,1892,n
P02,S2,5,down,KeyT,1791379144654.700,1893,t
P02,S2,5,down,KeyO,1791379144724.700,1894,o
P02,S2,5,up,KeyT,1791379144755.100,1893,t
P02,S2,5,up,KeyO,1791379144860.500,1894,o
P02,S2,5,up,Space,1791379144948.300,1895, 
P02,S2,5,down,KeyT,1791379144975.900,1896,t
P02,S2,5,up,KeyT,1791379145080.000,1896,t
P02,S2,5,up,KeyH,1791379145147.300,1897,h
P02,S2,5,down,KeyI,1791379145238.600,1898,i
P02,S2,5,up,KeyI,1791379145334.200,1898,i
P02,S2,5,down,Space,1791379145403.600,1900, 
P02,S2,5,up,Space,1791379145496.400,1900, 
P02,S2,5,down,KeyM,1791379145583.500,1901,m
P02,S2,5,up,KeyM,1791379145662.300,1901,m
P02,S2,5,down,KeyO,1791379145811.800,1902,o
P02,S2,5,up,KeyO,1791379145845.600,1902,o
P02,S2,5,down,KeyE,1791379145904.700,1904,e
P02,S2,5,up,KeyE,1791379146016.300,1904,e
P02,S2,5,down,Space,1791379146071.700,1905, 
P02,S2,5,up,Space,1791379146159.100,1905, 
P02,S2,5,down,KeyB,1791379146228.300,1906,b
P02,S2,5,up,KeyB,1791379146308.200,1906,b
P02,S2,5,down,KeyU,1791379146384.400,1907,u
P02,S2,5,up,KeyU,1791379146483.000,1907,u
P02,S2,5,down,KeyT,1791379146510.900,1908,t
P02,S2,5,up,KeyT,1791379146618.900,1908,t
P02,S2,5,up,Space,1791379146705.900,1909, 
P02,S2,5,down,KeyI,1791379146810.000,1910,i
P02,S2,5,down,KeyS,1791379146839.200,1911,s
P02,S2,5,up,KeyI,1791379146902.200,1910,i
P02,S2,5,down,KeyM,1791379146998.100,1912,m
P02,S2,5,up,KeyM,1791379147064.900,1912,m
P02,S2,5,down,KeyP,1791379147170.800,1913,p
P02,S2,5,up,KeyP,1791379147200.400,1913,p
P02,S2,5,down,KeyL,1791379147363.600,1914,l
P02,S2,5,up,KeyL,1791379147471.200,1914,l
P02,S2,5,down,KeyY,1791379147539.000,1915,y
P02,S2,5,down,Space,1791379147665.400,1916, 
P02,S2,5,up,Space,1791379147768.200,1916, 
P02,S2,5,down,KeyI,1791379148219.300,1917,i
P02,S2,5,up,KeyI,1791379148304.600,1917,i
P02,S2,5,down,KeyF,1791379148429.000,1918,f
P02,S2,5,up,KeyF,1791379148527.000,1918,f
P02,S2,5,down,Space,1791379148554.900,1919, 
P02,S2,5,up,Space,1791379148658.400,1919, 
P02,S2,5,down,Space,1791379148767.100,1921, 
P02,S2,5,up,Space,1791379148858.200,1921, 
P02,S2,5,down,Backspace,1791379149860.100,1922,Backspace
P02,S2,5,up,Backspace,1791379150832.900,1922,Backspace
P02,S2,5,down,Space,1791379151455.000,1923, 
P02,S2,5,up,Space,1791379151548.000,1923, 
P02,S2,5,down,KeyS,1791379151616.700,1924,s
P02,S2,5,up,KeyS,1791379151683.600,1924,s
P02,S2,5,up,KeyI,1791379151768.400,1925,i
P02,S2,5,down,KeyM,1791379151858.200,1926,m
P02,S2,5,up,KeyM,1791379151947.900,1926,m
P02,S2,5,down,KeyP,1791379152034.100,1927,p
P02,S2,5,up,KeyP,1791379152115.500,1927,p
P02,S2,5,down,KeyL,1791379152234.800,1928,l
P02,S2,5,down,KeyY,1791379152330.300,1929,y
P02,S2,5,down,Space,1791379152402.000,1930, 
P02,S2,5,up,KeyY,1791379152444.100,1929,y
P02,S2,5,up,Space,1791379152516.300,1930, 
P02,S2,5,down,KeyJ,1791379152810.000,1931,j
P02,S2,5,up,KeyJ,1791379152881.100,1931,j
P02,S2,5,down,KeyU,1791379152969.900,1932,u
P02,S2,5,down,KeyS,1791379153041.000,1933,s
P02,S2,5,up,KeyU,1791379153069.600,1932,u
P02,S2,5,down,KeyT,1791379153170.300,1934,t
P02,S2,5,up,KeyT,1791379153322.700,1934,t
P02,S2,5,up,Space,1791379153381.200,1935, 
P02,S2,5,down,KeyB,1791379153478.100,1936,b
P02,S2,5,down,KeyE,1791379153546.000,1937,e
P02,S2,5,up,KeyB,1791379153578.600,1936,b
P02,S2,5,up,KeyE,1791379153642.400,1937,e
P02,S2,5,down,KeyC,1791379153750.100,1938,c
P02,S2,5,up,KeyC,1791379153838.500,1938,c
P02,S2,5,down,KeyA,1791379154218.500,1939,a
P02,S2,5,up,KeyA,1791379154315.200,1939,a
P02,S2,5,down,KeyU,1791379154395.400,1940,u
P02,S2,5,down,KeyS,1791379154465.000,1941,s
P02,S2,5,up,KeyU,1791379154503.100,1940,u
P02,S2,5,down,KeyE,1791379154591.500,1942,e
P02,S2,5,up,KeyS,1791379154634.000,1941,s
P02,S2,5,up,KeyE,1791379154748.900,1942,e
P02,S2,5,up,Space,1791379154838.700,1943, 
P02,S2,5,down,KeyS,1791379154866.000,1944,s
P02,S2,5,up,KeyS,1791379154971.200,1944,s
P02,S2,5,down,KeyO,1791379154998.500,1945,o
P02,S2,5,up,KeyO,1791379155097.500,1945,o
P02,S2,5,down,KeyM,1791379155195.700,1946,m
P02,S2,5,down,KeyE,1791379155267.600,1947,e
P02,S2,5,up,KeyM,1791379155335.000,1946,m
P02,S2,5,up,KeyE,1791379155404.100,1947,e
P02,S2,5,down,KeyT,1791379155431.600,1948,t
P02,S2,5,down,KeyH,1791379155494.600,1949,h
P02,S2,5,up,KeyH,1791379155560.200,1949,h
P02,S2,5,down,KeyI,1791379155634.400,1950,i
P02,S2,5,up,KeyI,1791379155754.700,1950,i
P02,S2,5,down,KeyN,1791379155796.000,1951,n
P02,S2,5,down,KeyG,1791379155887.600,1952,g
P02,S2,5,down,Space,1791379155926.000,1953, 
P02,S2,5,up,Space,1791379156056.100,1953, 
P02,S2,5,down,KeyI,1791379156116.600,1954,i
P02,S2,5,up,KeyI,1791379156219.900,1954,i
P02,S2,5,down,KeyS,1791379156246.500,1955,s
P02,S2,5,up,KeyS,1791379156347.500,1955,s
P02,S2,5,down,KeyN,1791379156415.300,1956,n
P02,S2,5,up,KeyN,1791379156505.400,1956,n
P02,S2,5,down,Quote,1791379157186.600,1957,'
P02,S2,5,up,Quote,1791379157260.100,1957,'
P02,S2,5,down,KeyT,1791379157330.300,1958,t
P02,S2,5,up,KeyT,1791379157405.900,1958,t
P02,S2,5,down,Space,1791379158317.600,1959, 
P02,S2,5,up,Space,1791379158409.900,1959, 
P02,S2,5,down,KeyP,1791379158549.200,1960,p
P02,S2,5,up,KeyP,1791379158674.700,1960,p
P02,S2,5,down,KeyE,1791379158993.300,1961,e
P02,S2,5,down,KeyR,1791379159099.200,1962,r
P02,S2,5,up,KeyE,1791379159130.400,1961,e
P02,S2,5,down,KeyM,1791379159235.200,1963,m
P02,S2,5,up,KeyM,1791379159338.100,1963,m
P02,S2,5,down,KeyA,1791379159365.900,1964,a
P02,S2,5,up,KeyA,1791379159492.300,1964,a
P02,S2,5,down,KeyE,1791379159808.000,1965,e
P02,S2,5,up,KeyE,1791379159880.400,1965,e
P02,S2,5,down,Backspace,1791379160210.600,1966,Backspace
P02,S2,5,up,Backspace,1791379160328.100,1966,Backspace
P02,S2,5,down,KeyN,1791379160623.800,1967,n
P02,S2,5,up,KeyN,1791379160705.100,1967,n
P02,S2,5,down,KeyN,1791379160813.700,1969,n
P02,S2,5,down,KeyT,1791379160911.400,1970,t
P02,S2,5,up,KeyT,1791379161017.300,1970,t
P02,S2,5,up,Space,1791379161118.200,1971, 
P02,S2,5,down,KeyD,1791379161237.800,1972,d
P02,S2,5,down,KeyO,1791379161337.000,1973,o
P02,S2,5,up,KeyD,1791379161366.000,1972,d
P02,S2,5,down,KeyE,1791379161464.700,1974,e
P02,S2,5,up,KeyE,1791379161566.600,1974,e
P02,S2,5,down,KeyS,1791379161632.600,1975,s
P02,S2,5,up,KeyS,1791379161741.200,1975,s
P02,S2,5,down,Space,1791379161769.400,1976, 
P02,S2,5,up,Space,1791379161873.600,1976, 
P02,S2,5,down,KeyN,1791379162128.100,1977,n
P02,S2,5,up,KeyN,1791379162200.000,1977,n
P02,S2,5,down,KeyO,1791379162298.700,1978,o
P02,S2,5,down,KeyT,1791379162395.500,1979,t
P02,S2,5,up,KeyO,1791379162423.700,1978,o
P02,S2,5,down,Space,1791379162527.700,1980, 
P02,S2,5,up,Space,1791379162630.500,1980, 
P02,S2,5,up,KeyU,1791379162660.200,1981,u
P02,S2,5,down,KeyN,1791379162837.800,1982,n
P02,S2,5,up,KeyN,1791379162941.100,1982,n
P02,S2,5,down,KeyV,1791379163023.800,1983,v
P02,S2,5,up,KeyV,1791379163110.100,1983,v
P02,S2,5,down,KeyA,1791379163201.200,1984,a
P02,S2,5,up,KeyA,1791379163325.400,1984,a
P02,S2,5,down,KeyL,1791379163361.300,1985,l
P02,S2,5,up,KeyL,1791379163460.000,1985,l
P02,S2,5,down,KeyI,1791379163539.200,1986,i
P02,S2,5,up,KeyI,1791379163630.900,1986,i
P02,S2,5,down,KeyD,1791379163670.300,1987,d
P02,S2,5,down,KeyA,1791379163760.100,1988,a
P02,S2,5,up,KeyD,1791379163830.300,1987,d
P02,S2,5,up,KeyA,1791379163898.900,1988,a
P02,S2,5,down,KeyT,1791379163986.800,1989,t
P02,S2,5,up,KeyT,1791379164112.500,1989,t
P02,S2,5,down,KeyE,1791379164224.200,1990,e
P02,S2,5,up,KeyE,1791379164333.700,1990,e
P02,S2,5,down,Space,1791379164430.900,1991, 
P02,S2,5,up,Space,1791379164557.200,1991, 
P02,S2,5,down,KeyI,1791379166727.600,1992,i
P02,S2,5,up,KeyI,1791379166823.300,1992,i
P02,S2,5,up,KeyT,1791379166939.200,1993,t
P02,S2,5,down,KeyS,1791379167032.300,1994,s
P02,S2,5,down,Space,1791379167164.100,1995, 
P02,S2,5,up,Space,1791379167273.600,1995, 
P02,S2,5,down,KeyE,1791379168079.400,1996,e
P02,S2,5,up,KeyE,1791379168159.700,1996,e
P02,S2,5,down,KeyX,1791379168412.000,1997,x
P02,S2,5,up,KeyX,1791379168513.600,1997,x
P02,S2,5,down,KeyI,1791379168613.100,1998,i
P02,S2,5,down,KeyS,1791379168702.900,1999,s
P02,S2,5,up,KeyI,1791379168734.200,1998,i
P02,S2,5,up,KeyS,1791379168837.900,1999,s
P02,S2,5,down,KeyT,1791379168906.000,2000,t
P02,S2,5,up,KeyT,1791379169005.800,2000,t
P02,S2,5,down,KeyA,1791379169086.300,2001,a
P02,S2,5,up,KeyA,1791379169177.700,2001,a
P02,S2,5,down,KeyN,1791379169248.500,2002,n
P02,S2,5,down,KeyC,1791379169337.300,2003,c
P02,S2,5,up,KeyN,1791379169366.700,2002,n
P02,S2,5,down,KeyE,1791379169465.300,2004,e
P02,S2,5,up,KeyC,1791379169503.900,2003,c
P02,S2,5,up,KeyE,1791379169604.800,2004,e
P02,S2,5,up,Space,1791379169705.300,2005, 
P02,S2,5,down,Space,1791379170280.600,2006, 
P02,S2,5,up,Space,1791379170410.800,2006, 
P02,S2,5,down,KeyO,1791379170479.600,2007,o
P02,S2,5,down,KeyR,1791379170560.500,2008,r
P02,S2,5,up,KeyO,1791379170590.300,2007,o
P02,S2,5,up,KeyR,1791379170662.200,2008,r
P02,S2,5,up,Space,1791379170758.800,2009, 
P02,S2,5,down,KeyE,1791379170807.100,2010,e
P02,S2,5,up,KeyE,1791379170913.700,2010,e
P02,S2,5,down,KeyX,1791379171195.500,2011,x
P02,S2,5,up,KeyX,1791379171312.700,2011,x
P02,S2,5,down,KeyP,1791379171412.000,2012,p
P02,S2,5,down,KeyE,1791379171554.800,2013,e
P02,S2,5,down,KeyR,1791379171623.800,2014,r
P02,S2,5,up,KeyE,1791379171682.300,2013,e
P02,S2,5,down,KeyI,1791379171743.600,2015,i
P02,S2,5,up,KeyI,1791379171839.100,2015,i
P02,S2,5,up,KeyE,1791379171908.800,2016,e
P02,S2,5,down,KeyN,1791379171998.000,2017,n
P02,S2,5,up,KeyN,1791379172070.400,2017,n
P02,S2,5,up,KeyC,1791379172175.200,2018,c
P02,S2,6,up,KeyE,1791379172307.200,2019,e
P02,S2,6,up,Enter,1791379172362.200,2020,Enter
P02,S2,6,down,KeyN,1791379215141.100,2021,n
P02,S2,6,up,KeyN,1791379215192.000,2021,n
P02,S2,6,down,KeyO,1791379215326.800,2022,o
P02,S2,6,down,Space,1791379215428.100,2023, 
P02,S2,6,up,Space,1791379215549.300,2023, 
P02,S2,6,down,KeyS,1791379215635.900,2024,s
P02,S2,6,up,KeyS,1791379215717.400,2024,s
P02,S2,6,down,KeyE,1791379215821.000,2025,e
P02,S2,6,up,KeyE,1791379215892.200,2025,e
P02,S2,6,down,KeyE,1791379215988.300,2026,e
P02,S2,6,up,KeyE,1791379216110.400,2026,e
P02,S2,6,up,Space,1791379216184.300,2027, 
P02,S2,6,down,KeyB,1791379216328.700,2028,b
P02,S2,6,up,KeyB,1791379216406.500,2028,b
P02,S2,6,down,KeyE,1791379216727.500,2029,e
P02,S2,6,up,KeyE,1791379216825.400,2029,e
P02,S2,6,down,KeyC,1791379216953.300,2030,c
P02,S2,6,up,KeyC,1791379217076.800,2030,c
P02,S2,6,down,KeyA,1791379217147.600,2031,a
P02,S2,6,up,KeyA,1791379217247.500,2031,a
P02,S2,6,down,KeyU,1791379217278.100,2032,u
P02,S2,6,down,KeyS,1791379217391.200,2033,s
P02,S2,6,down,KeyE,1791379217490.200,2034,e
P02,S2,6,up,KeyS,1791379217521.100,2033,s
P02,S2,6,up,KeyE,1791379217587.700,2034,e
P02,S2,6,up,Space,1791379217668.400,2035, 
P02,S2,6,down,KeyY,1791379217780.200,2036,y
P02,S2,6,up,KeyY,1791379217855.800,2036,y
P02,S2,6,down,KeyO,1791379217962.000,2037,o
P02,S2,6,up,KeyO,1791379218061.500,2037,o
P02,S2,6,down,KeyU,1791379218152.900,2038,u
P02,S2,6,down,Space,1791379218243.600,2039, 
P02,S2,6,up,KeyU,1791379218274.100,2038,u
P02,S2,6,up,Space,1791379218342.900,2039, 
P02,S2,6,up,KeyA,1791379218445.900,2040,a
P02,S2,6,down,KeyS,1791379218860.900,2041,s
P02,S2,6,up,KeyS,1791379218947.100,2041,s
P02,S2,6,down,KeyS,1791379219017.200,2042,s
P02,S2,6,up,KeyS,1791379219113.400,2042,s
P02,S2,6,down,KeyU,1791379219184.500,2043,u
P02,S2,6,up,KeyU,1791379219221.400,2043,u
P02,S2,6,down,KeyM,1791379219375.400,2044,m
P02,S2,6,down,KeyE,1791379219449.500,2045,e
P02,S2,6,down,Space,1791379219576.600,2046, 
P02,S2,6,up,KeyE,1791379219607.400,2045,e
P02,S2,6,up,Space,1791379219715.700,2046, 
P02,S2,6,down,KeyT,1791379219815.400,2047,t
P02,S2,6,down,KeyH,1791379219897.900,2048,h
P02,S2,6,up,KeyH,1791379219974.700,2048,h
P02,S2,6,down,KeyI,1791379220070.700,2049,i
P02,S2,6,down,KeyS,1791379220142.200,2050,s
P02,S2,6,up,KeyI,1791379220173.500,2049,i
P02,S2,6,up,KeyS,1791379220239.400,2050,s
P02,S2,6,up,Space,1791379220330.400,2051, 
P02,S2,6,down,KeyC,1791379220388.900,2052,c
P02,S2,6,down,KeyO,1791379220490.800,2053,o
P02,S2,6,up,KeyC,1791379220526.100,2052,c
P02,S2,6,up,KeyO,1791379220583.200,2053,o
P02,S2,6,down,KeyN,1791379220695.300,2054,n
P02,S2,6,up,KeyN,1791379220770.900,2054,n
P02,S2,6,up,KeyV,1791379220875.100,2055,v
P02,S2,6,down,KeyE,1791379220946.900,2056,e
P02,S2,6,down,KeyR,1791379221025.600,2057,r
P02,S2,6,up,KeyE,1791379221100.000,2056,e
P02,S2,6,up,KeyR,1791379221138.200,2057,r
P02,S2,6,down,KeyS,1791379221199.500,2058,s
P02,S2,6,up,KeyS,1791379221304.100,2058,s
P02,S2,6,down,KeyA,1791379221389.100,2059,a
P02,S2,6,up,KeyA,1791379221489.600,2059,a
P02,S2,6,down,KeyT,1791379221560.200,2060,t
P02,S2,6,down,KeyI,1791379221634.400,2061,i
P02,S2,6,down,KeyO,1791379221666.400,2062,o
P02,S2,6,up,KeyO,1791379221809.100,2062,o
P02,S2,6,down,KeyN,1791379221871.800,2063,n
P02,S2,6,down,Space,1791379221967.000,2064, 
P02,S2,6,up,Space,1791379222039.900,2064, 
P02,S2,6,down,KeyM,1791379222135.800,2065,m
P02,S2,6,up,KeyM,1791379222212.800,2065,m
P02,S2,6,down,KeyA,1791379222335.400,2067,a
P02,S2,6,down,KeyN,1791379222460.600,2068,n
P02,S2,6,up,KeyA,1791379222491.200,2067,a
P02,S2,6,down,KeyS,1791379222602.300,2069,s
P02,S2,6,up,KeyS,1791379222705.100,2069,s
P02,S2,6,down,Space,1791379222970.100,2070, 
P02,S2,6,up,Space,1791379223057.300,2070, 
P02,S2,6,down,KeyY,1791379223220.900,2071,y
P02,S2,6,up,KeyY,1791379223295.300,2071,y
P02,S2,6,down,KeyO,1791379223392.000,2072,o
P02,S2,6,up,KeyO,1791379223493.700,2072,o
P02,S2,6,down,KeyU,1791379223568.400,2073,u
P02,S2,6,up,KeyU,1791379223653.000,2073,u
P02,S2,6,up,Space,1791379223748.800,2074, 
P02,S2,6,down,KeyL,1791379223823.000,2075,l
P02,S2,6,down,KeyE,1791379223895.100,2076,e
P02,S2,6,up,KeyL,1791379223926.900,2075,l
P02,S2,6,down,KeyA,1791379224033.300,2077,a
P02,S2,6,up,KeyE,1791379224064.600,2076,e
P02,S2,6,up,KeyA,1791379224171.300,2077,a
P02,S2,6,down,KeyR,1791379224200.400,2078,r
P02,S2,6,up,KeyR,1791379224310.200,2078,r
P02,S2,6,down,KeyN,1791379224348.600,2079,n
P02,S2,6,down,KeyE,1791379224444.700,2080,e
P02,S2,6,up,KeyE,1791379224549.900,2080,e
P02,S2,6,down,KeyD,1791379224632.200,2081,d
P02,S2,6,up,KeyD,1791379224732.500,2081,d
P02,S2,6,down,Space,1791379224771.700,2082, 
P02,S2,6,down,KeyS,1791379224878.500,2083,s
P02,S2,6,up,KeyS,1791379224980.400,2083,s
P02,S2,6,up,KeyO,1791379225052.600,2084,o
P02,S2,6,down,KeyM,1791379225143.700,2085,m
P02,S2,6,down,KeyE,1791379225236.200,2086,e
P02,S2,6,up,KeyE,1791379225353.600,2086,e
P02,S2,6,down,KeyT,1791379225426.900,2087,t
P02,S2,6,down,KeyH,1791379225533.900,2088,h
P02,S2,6,down,KeyI,1791379225675.300,2089,i
P02,S2,6,up,KeyI,1791379225777.300,2089,i
P02,S2,6,down,KeyN,1791379225847.500,2090,n
P02,S2,6,down,KeyG,1791379225926.300,2091,g
P02,S2,6,up,KeyG,1791379226036.000,2091,g
P02,S2,6,down,Period,1791379226368.100,2092,.
P02,S2,6,up,Period,1791379226445.800,2092,.
P02,S2,6,down,Space,1791379226519.000,2093, 
P02,S2,6,up,Space,1791379226614.400,2093, 
P02,S2,6,down,ShiftLeft,1791379226892.000,2094,Shift
P02,S2,6,down,KeyW,1791379227047.400,2095,W
P02,S2,6,up,ShiftLeft,1791379227125.700,2094,Shift
P02,S2,6,down,KeyH,1791379227202.400,2096,h
P02,S2,6,down,KeyA,1791379227307.000,2097,a
P02,S2,6,up,KeyA,1791379227410.700,2097,a
P02,S2,6,down,KeyT,1791379227503.400,2098,t
P02,S2,6,up,KeyT,1791379227603.000,2098,t
P02,S2,6,down,Space,1791379227632.500,2099, 
P02,S2,6,up,Space,1791379227743.400,2099, 
P02,S2,6,down,KeyY,1791379228015.400,2100,y
P02,S2,6,up,KeyY,1791379228090.500,2100,y
P02,S2,6,down,KeyO,1791379228120.400,2101,o
P02,S2,6,up,KeyO,1791379228232.600,2101,o
P02,S2,6,down,KeyU,1791379228302.500,2102,u
P02,S2,6,down,Space,1791379228387.400,2103, 
P02,S2,6,up,KeyU,1791379228419.200,2102,u
P02,S2,6,up,Space,1791379228485.000,2103, 
P02,S2,6,down,KeyL,1791379228593.200,2104,l
P02,S2,6,down,KeyE,1791379228628.900,2105,e
P02,S2,6,up,KeyL,1791379228695.000,2104,l
P02,S2,6,down,KeyA,1791379228755.500,2106,a
P02,S2,6,up,KeyA,1791379228877.800,2106,a
P02,S2,6,down,KeyR,1791379228908.400,2107,r
P02,S2,6,up,KeyR,1791379229020.200,2107,r
P02,S2,6,down,KeyE,1791379229099.800,2109,e
P02,S2,6,up,KeyE,1791379229219.200,2109,e
P02,S2,6,down,KeyD,1791379229290.100,2110,d
P02,S2,6,up,KeyD,1791379229385.200,2110,d
P02,S2,6,down,Space,1791379229414.800,2111, 
P02,S2,6,up,Space,1791379229523.300,2111, 
P02,S2,6,down,KeyI,1791379229594.400,2112,i
P02,S2,6,up,KeyI,1791379229671.600,2112,i
P02,S2,6,down,KeyN,1791379229743.200,2113,n
P02,S2,6,down,Space,1791379229836.600,2114, 
P02,S2,6,up,KeyN,1791379229868.200,2113,n
P02,S2,6,up,Space,1791379229933.300,2114, 
P02,S2,6,down,KeyY,1791379230098.500,2115,y
P02,S2,6,down,KeyO,1791379230175.300,2116,o
P02,S2,6,up,KeyY,1791379230207.000,2115,y
P02,S2,6,up,KeyO,1791379230272.900,2116,o
P02,S2,6,down,KeyU,1791379230380.200,2117,u
P02,S2,6,up,KeyU,1791379230482.100,2117,u
P02,S2,6,down,Space,1791379230512.600,2118, 
P02,S2,6,up,Space,1791379230579.600,2118, 
P02,S2,6,down,Backspace,1791379230794.800,2119,Backspace
P02,S2,6,up,Backspace,1791379230874.300,2119,Backspace
P02,S2,6,down,KeyR,1791379230948.900,2120,r
P02,S2,6,up,KeyR,1791379231030.700,2120,r
P02,S2,6,down,Space,1791379231061.500,2121, 
P02,S2,6,up,Space,1791379231135.200,2121, 
P02,S2,6,down,KeyD,1791379231235.700,2122,d
P02,S2,6,up,KeyD,1791379231347.400,2122,d
P02,S2,6,down,KeyE,1791379231387.200,2123,e
P02,S2,6,up,KeyE,1791379231492.900,2123,e
P02,S2,6,down,KeyE,1791379231569.800,2124,e
P02,S2,6,down,KeyP,1791379231671.100,2125,p
P02,S2,6,up,KeyP,1791379231776.900,2125,p
P02,S2,6,down,Space,1791379231926.700,2126, 
P02,S2,6,up,Space,1791379232013.500,2126, 
P02,S2,6,down,KeyL,1791379232132.300,2127,l
P02,S2,6,down,KeyE,1791379232215.000,2128,e
P02,S2,6,down,KeyA,1791379232291.800,2129,a
P02,S2,6,up,KeyE,1791379232393.500,2128,e
P02,S2,6,down,KeyR,1791379232424.700,2130,r
P02,S2,6,down,KeyN,1791379232572.000,2131,n
P02,S2,6,up,KeyN,1791379232650.000,2131,n
P02,S2,6,down,KeyI,1791379232700.000,2132,i
P02,S2,6,up,KeyI,1791379232813.500,2132,i
P02,S2,6,down,KeyN,1791379232889.900,2133,n
P02,S2,6,up,KeyN,1791379232969.900,2133,n
P02,S2,6,down,Space,1791379233036.400,2135, 
P02,S2,6,down,KeyP,1791379233167.000,2136,p
P02,S2,6,up,KeyP,1791379233316.300,2136,p
P02,S2,6,down,KeyH,1791379233428.700,2137,h
P02,S2,6,down,KeyA,1791379233544.600,2138,a
P02,S2,6,up,KeyA,1791379233618.600,2138,a
P02,S2,6,down,KeyS,1791379233728.800,2139,s
P02,S2,6,down,KeyE,1791379233807.800,2140,e
P02,S2,6,up,KeyS,1791379233885.700,2139,s
P02,S2,6,down,Space,1791379233976.400,2141, 
P02,S2,6,up,Space,1791379234098.700,2141, 
P02,S2,6,down,KeyA,1791379234136.300,2142,a
P02,S2,6,up,KeyA,1791379234242.100,2142,a
P02,S2,6,down,KeyC,1791379234379.800,2143,c
P02,S2,6,up,KeyC,1791379234560.900,2143,c
P02,S2,6,down,KeyT,1791379235033.000,2144,t
P02,S2,6,up,KeyT,1791379235147.500,2144,t
P02,S2,6,down,KeyU,1791379235410.600,2145,u
P02,S2,6,up,KeyU,1791379235512.800,2145,u
P02,S2,6,down,KeyA,1791379235591.500,2146,a
P02,S2,6,up,KeyA,1791379235674.700,2146,a
P02,S2,6,down,KeyL,1791379235752.200,2147,l
P02,S2,6,up,KeyL,1791379235798.800,2147,l
P02,S2,6,down,KeyL,1791379235902.900,2148,l
P02,S2,6,down,KeyY,1791379235985.000,2149,y
P02,S2,6,up,KeyY,1791379236108.000,2149,y
P02,S2,6,up,Space,1791379236211.000,2150, 
P02,S2,6,down,KeyM,1791379236318.200,2151,m
P02,S2,6,down,KeyA,1791379236417.300,2152,a
P02,S2,6,up,KeyA,1791379236521.600,2152,a
P02,S2,6,down,KeyK,1791379236553.000,2153,k
P02,S2,6,down,KeyE,1791379236668.900,2154,e
P02,S2,6,up,KeyE,1791379236778.100,2154,e
P02,S2,6,down,KeyS,1791379236851.000,2155,s
P02,S2,6,up,KeyS,1791379236979.300,2155,s
P02,S2,6,down,Space,1791379237058.200,2156, 
P02,S2,6,up,Space,1791379237158.000,2156, 
P02,S2,6,down,KeyT,1791379237926.200,2157,t
P02,S2,6,up,KeyT,1791379238006.600,2157,t
P02,S2,6,down,KeyH,1791379238082.500,2158,h
P02,S2,6,up,KeyH,1791379238172.600,2158,h
P02,S2,6,down,KeyE,1791379239244.400,2159,e
P02,S2,6,up,KeyE,1791379239323.200,2159,e
P02,S2,6,down,Space,1791379239401.100,2160, 
P02,S2,6,up,Space,1791379239478.500,2160, 
P02,S2,6,down,KeyD,1791379239555.000,2161,d
P02,S2,6,up,KeyD,1791379239666.800,2161,d
P02,S2,6,down,KeyI,1791379239742.000,2162,i
P02,S2,6,up,KeyI,1791379239836.700,2162,i
P02,S2,6,down,KeyF,1791379239867.400,2163,f
P02,S2,6,up,KeyF,1791379239943.700,2163,f
P02,S2,6,down,KeyF,1791379240015.100,2164,f
P02,S2,6,up,KeyF,1791379240078.300,2164,f
P02,S2,6,down,KeyE,1791379240177.400,2165,e
P02,S2,6,up,KeyE,1791379240261.900,2165,e
P02,S2,6,down,KeyE,1791379240367.700,2167,e
P02,S2,6,up,KeyE,1791379240475.500,2167,e
P02,S2,6,down,KeyN,1791379240550.300,2168,n
P02,S2,6,up,KeyN,1791379240627.600,2168,n
P02,S2,6,down,KeyC,1791379240657.300,2169,c
P02,S2,6,up,KeyC,1791379240777.400,2169,c
P02,S2,6,up,KeyE,1791379240901.100,2170,e
P02,S2,6,down,Period,1791379241102.200,2171,.
P02,S2,6,up,Period,1791379241182.100,2171,.
P02,S2,6,down,Space,1791379241257.100,2172, 
P02,S2,6,up,Space,1791379241354.400,2172, 
P02,S2,6,down,ShiftLeft,1791379241434.500,2173,Shift
P02,S2,6,down,KeyY,1791379241515.600,2174,Y
P02,S2,6,up,ShiftLeft,1791379241598.800,2173,Shift
P02,S2,6,down,KeyO,1791379241697.900,2175,o
P02,S2,6,up,KeyO,1791379241777.600,2175,o
P02,S2,6,down,KeyU,1791379241867.900,2176,u
P02,S2,6,down,Space,1791379241957.500,2177, 
P02,S2,6,up,KeyU,1791379241995.000,2176,u
P02,S2,6,up,Space,1791379242072.300,2177, 
P02,S2,6,down,KeyW,1791379242126.200,2178,w
P02,S2,6,down,KeyO,1791379242196.300,2179,o
P02,S2,6,up,KeyO,1791379242268.400,2179,o
P02,S2,6,down,KeyU,1791379242382.800,2180,u
P02,S2,6,up,KeyU,1791379242424.000,2180,u
P02,S2,6,down,KeyL,1791379242555.600,2181,l
P02,S2,6,up,KeyL,1791379242641.200,2181,l
P02,S2,6,down,KeyD,1791379243058.700,2182,d
P02,S2,6,up,KeyD,1791379243151.600,2182,d
P02,S2,6,down,KeyN,1791379243189.200,2183,n
P02,S2,6,up,KeyN,1791379243299.800,2183,n
P02,S2,6,down,Quote,1791379243850.800,2184,'
P02,S2,6,up,Quote,1791379243934.000,2184,'
P02,S2,6,down,KeyT,1791379244011.400,2185,t
P02,S2,6,down,Space,1791379244092.600,2186, 
P02,S2,6,up,Space,1791379244173.200,2186, 
P02,S2,6,down,KeyB,1791379244283.600,2187,b
P02,S2,6,down,KeyE,1791379244365.100,2188,e
P02,S2,6,down,Space,1791379244472.300,2189, 
P02,S2,6,down,KeyA,1791379244584.300,2190,a
P02,S2,6,down,KeyB,1791379244662.500,2191,b
P02,S2,6,up,KeyB,1791379244719.100,2191,b
P02,S2,6,down,KeyL,1791379244837.000,2192,l
P02,S2,6,down,KeyE,1791379244923.000,2193,e
P02,S2,6,down,Space,1791379245029.100,2194, 
P02,S2,6,up,Space,1791379245141.300,2194, 
P02,S2,6,down,KeyO,1791379245255.800,2196,o
P02,S2,6,up,KeyO,1791379245328.300,2196,o
P02,S2,6,up,Space,1791379245416.400,2197, 
P02,S2,6,down,KeyD,1791379245622.700,2198,d
P02,S2,6,up,KeyD,1791379245728.800,2198,d
P02,S2,6,down,Space,1791379245812.600,2200, 
P02,S2,6,down,KeyT,1791379245898.800,2201,t
P02,S2,6,up,KeyT,1791379246010.100,2201,t
P02,S2,6,up,KeyH,1791379246094.300,2202,h
P02,S2,6,down,KeyI,1791379246179.800,2203,i
P02,S2,6,up,KeyI,1791379246278.500,2203,i
P02,S2,6,down,KeyS,1791379246309.500,2204,s
P02,S2,6,up,KeyS,1791379246382.000,2204,s
P02,S2,6,down,Space,1791379246443.200,2205, 
P02,S2,6,up,Space,1791379246526.200,2205, 
P02,S2,6,down,KeyI,1791379247269.400,2206,i
P02,S2,6,up,KeyI,1791379247351.000,2206,i
P02,S2,6,down,KeyF,1791379247560.200,2207,f
P02,S2,6,up,KeyF,1791379247666.800,2207,f
P02,S2,6,down,Space,1791379247698.700,2208, 
P02,S2,6,up,Space,1791379247779.000,2208, 
P02,S2,6,down,KeyY,1791379248269.500,2209,y
P02,S2,6,up,KeyY,1791379248350.800,2209,y
P02,S2,6,down,KeyO,1791379248435.400,2210,o
P02,S2,6,up,KeyO,1791379248527.900,2210,o
P02,S2,6,down,KeyU,1791379248659.100,2211,u
P02,S2,6,up,KeyU,1791379248746.300,2211,u
P02,S2,6,down,Space,1791379248777.700,2212, 
P02,S2,6,up,Space,1791379248859.200,2212, 
P02,S2,6,down,KeyD,1791379248920.500,2213,d
P02,S2,6,down,KeyI,1791379248991.200,2214,i
P02,S2,6,down,KeyD,1791379249102.400,2215,d
P02,S2,6,up,KeyD,1791379249179.000,2215,d
P02,S2,6,down,KeyN,1791379249262.700,2216,n
P02,S2,6,up,KeyN,1791379249369.900,2216,n
P02,S2,6,down,Quote,1791379249878.200,2217,'
P02,S2,6,up,Quote,1791379249961.900,2217,'
P02,S2,6,down,KeyT,1791379250040.600,2218,t
P02,S2,6,up,KeyT,1791379250120.000,2218,t
P02,S2,6,up,Space,1791379250200.500,2219, 
P02,S2,6,down,KeyL,1791379250314.400,2220,l
P02,S2,6,up,KeyL,1791379250400.400,2220,l
P02,S2,6,up,KeyE,1791379250508.200,2221,e
P02,S2,6,up,KeyA,1791379250611.300,2222,a
P02,S2,6,down,KeyR,1791379250688.200,2223,r
P02,S2,6,up,KeyR,1791379250782.900,2223,r
P02,S2,6,down,KeyN,1791379251371.600,2224,n
P02,S2,6,down,Space,1791379251492.100,2225, 
P02,S2,6,up,KeyN,1791379251525.900,2224,n
P02,S2,6,up,Space,1791379251643.000,2225, 
P02,S2,6,down,KeyH,1791379251875.000,2226,h
P02,S2,6,up,KeyH,1791379251955.600,2226,h
P02,S2,6,down,KeyO,1791379252066.300,2227,o
P02,S2,6,down,KeyW,1791379252147.600,2228,w
P02,S2,6,up,KeyW,1791379252273.600,2228,w
P02,S2,6,down,KeyT,1791379252361.900,2230,t
P02,S2,6,up,KeyT,1791379252452.300,2230,t
P02,S2,6,down,KeyD,1791379252614.500,2233,d
P02,S2,6,up,KeyD,1791379252773.400,2233,d
P02,S2,6,up,KeyO,1791379252826.200,2234,o
P02,S2,6,down,KeyI,1791379252945.100,2236,i
P02,S2,6,down,KeyT,1791379253032.500,2237,t
P02,S2,6,up,KeyT,1791379253124.700,2237,t
P02,S2,6,down,Period,1791379253568.200,2238,.
P02,S2,6,up,Period,1791379253651.300,2238,.
P02,S2,6,down,Space,1791379253730.500,2239, 
P02,S2,6,up,Space,1791379253810.300,2239, 
P02,S2,6,down,ShiftLeft,1791379253964.000,2240,Shift
P02,S2,6,down,KeyI,1791379254043.800,2241,I
P02,S2,6,up,ShiftLeft,1791379254083.500,2240,Shift
P02,S2,6,down,Space,1791379254152.300,2242, 
P02,S2,6,up,Space,1791379254261.200,2242, 
P02,S2,6,down,KeyD,1791379254349.800,2243,d
P02,S2,6,up,KeyD,1791379254448.900,2243,d
P02,S2,6,up,KeyO,1791379254558.600,2244,o
P02,S2,6,down,KeyN,1791379254635.600,2245,n
P02,S2,6,up,KeyN,1791379254723.600,2245,n
P02,S2,6,down,Quote,1791379255213.300,2246,'
P02,S2,6,up,Quote,1791379255296.000,2246,'
P02,S2,6,down,KeyT,1791379255376.900,2247,t
P02,S2,6,up,KeyT,1791379255464.400,2247,t
P02,S2,6,up,Space,1791379255538.100,2248, 
P02,S2,6,down,KeyN,1791379255666.100,2249,n
P02,S2,6,down,KeyE,1791379255746.200,2250,e
P02,S2,6,up,KeyE,1791379255828.000,2250,e
P02,S2,6,down,KeyE,1791379255927.100,2251,e
P02,S2,6,up,KeyE,1791379256005.000,2251,e
P02,S2,6,down,KeyD,1791379256136.500,2252,d
P02,S2,6,up,KeyD,1791379256258.100,2252,d
P02,S2,6,down,Space,1791379256290.600,2253, 
P02,S2,6,up,Space,1791379256412.800,2253, 
P02,S2,6,down,KeyA,1791379256977.600,2254,a
P02,S2,6,up,KeyA,1791379257114.200,2254,a
P02,S2,6,down,KeyN,1791379257529.800,2255,n
P02,S2,6,up,KeyN,1791379257690.700,2255,n
P02,S2,6,down,Space,1791379257866.600,2256, 
P02,S2,6,up,Space,1791379258063.300,2256, 
P02,S2,6,down,KeyE,1791379258152.900,2257,e
P02,S2,6,up,KeyE,1791379258238.000,2257,e
P02,S2,6,down,KeyX,1791379258491.600,2258,x
P02,S2,6,up,KeyX,1791379258627.600,2258,x
P02,S2,6,down,KeyI,1791379258727.100,2259,i
P02,S2,6,up,KeyI,1791379258822.200,2259,i
P02,S2,6,down,KeyT,1791379258904.100,2260,t
P02,S2,6,up,KeyT,1791379259027.000,2260,t
P02,S2,6,down,Space,1791379259108.900,2261, 
P02,S2,6,up,Space,1791379259191.200,2261, 
P02,S2,6,down,KeyO,1791379259368.500,2262,o
P02,S2,6,up,KeyO,1791379259485.200,2262,o
P02,S2,6,down,KeyR,1791379259691.300,2263,r
P02,S2,6,up,KeyR,1791379259824.600,2263,r
P02,S2,6,down,Space,1791379260037.400,2264, 
P02,S2,6,up,Space,1791379260180.600,2264, 
P02,S2,6,down,KeyR,1791379270972.800,2265,r
P02,S2,6,down,KeyE,1791379271062.600,2266,e
P02,S2,6,up,KeyR,1791379271101.500,2265,r
P02,S2,6,up,KeyE,1791379271215.600,2266,e
P02,S2,6,down,KeyV,1791379271344.900,2267,v
P02,S2,6,up,KeyV,1791379271427.900,2267,v
P02,S2,6,down,KeyE,1791379271536.900,2268,e
P02,S2,6,down,KeyR,1791379271615.100,2269,r
P02,S2,6,up,KeyE,1791379271692.600,2268,e
P02,S2,6,up,KeyR,1791379271730.100,2269,r
P02,S2,6,down,KeyS,1791379271838.100,2270,s
P02,S2,6,up,KeyS,1791379271916.500,2270,s
P02,S2,6,down,KeyA,1791379272031.600,2271,a
P02,S2,6,up,KeyA,1791379272110.200,2271,a
P02,S2,6,down,KeyL,1791379272201.500,2272,l
P02,S2,6,up,KeyL,1791379272247.700,2272,l
P02,S2,6,down,Period,1791379272943.500,2273,.
P02,S2,6,up,Period,1791379272981.600,2273,.
P02,S2,6,down,Space,1791379273158.300,2274, 
P02,S2,6,up,Space,1791379273261.000,2274, 
P02,S2,6,down,KeyI,1791379276022.700,2275,i
P02,S2,6,down,Space,1791379276106.000,2276, 
P02,S2,6,up,KeyI,1791379276145.700,2275,i
P02,S2,6,down,KeyD,1791379276255.600,2277,d
P02,S2,6,down,KeyO,1791379276364.500,2278,o
P02,S2,6,up,KeyO,1791379276446.700,2278,o
P02,S2,6,down,KeyN,1791379276548.500,2279,n
P02,S2,6,up,KeyN,1791379276627.300,2279,n
P02,S2,6,down,Quote,1791379277317.100,2280,'
P02,S2,6,up,Quote,1791379277368.400,2280,'
P02,S2,6,down,KeyT,1791379277482.300,2281,t
P02,S2,6,up,KeyT,1791379277594.300,2281,t
P02,S2,6,up,Space,1791379277711.500,2282, 
P02,S2,6,down,KeyT,1791379277744.100,2283,t
P02,S2,6,down,KeyH,1791379277854.700,2284,h
P02,S2,6,up,KeyH,1791379277942.800,2284,h
P02,S2,6,down,KeyI,1791379278064.700,2285,i
P02,S2,6,up,KeyI,1791379278164.600,2285,i
P02,S2,6,down,KeyN,1791379278272.200,2286,n
P02,S2,6,up,KeyN,1791379278377.900,2286,n
P02,S2,6,down,KeyK,1791379278509.300,2287,k
P02,S2,6,down,Space,1791379278601.700,2288, 
P02,S2,6,up,KeyK,1791379278634.300,2287,k
P02,S2,6,up,Space,1791379278752.400,2288, 
P02,S2,6,down,KeyY,1791379279090.900,2289,y
P02,S2,6,up,KeyY,1791379279172.500,2289,y
P02,S2,6,down,KeyO,1791379279254.500,2290,o
P02,S2,6,up,KeyO,1791379279358.800,2290,o
P02,S2,6,down,KeyU,1791379279441.700,2291,u
P02,S2,6,down,Space,1791379279531.300,2292, 
P02,S2,6,up,KeyU,1791379279574.700,2291,u
P02,S2,6,up,Space,1791379279638.100,2292, 
P02,S2,6,down,KeyU,1791379279770.000,2293,u
P02,S2,6,up,KeyU,1791379279858.700,2293,u
P02,S2,6,down,Backspace,1791379280430.800,2294,Backspace
P02,S2,6,up,Backspace,1791379280516.400,2294,Backspace
P02,S2,6,down,KeyF,1791379280601.400,2295,f
P02,S2,6,down,KeyU,1791379280726.200,2296,u
P02,S2,6,up,KeyU,1791379280835.500,2296,u
P02,S2,6,down,KeyL,1791379280991.700,2297,l
P02,S2,6,up,KeyL,1791379281076.100,2297,l
P02,S2,6,down,KeyL,1791379281157.500,2298,l
P02,S2,6,up,KeyL,1791379281236.500,2298,l
P02,S2,6,down,Backspace,1791379281652.800,2299,Backspace
P02,S2,6,up,Backspace,1791379282854.600,2299,Backspace
P02,S2,6,down,Backspace,1791379283091.700,2300,Backspace
P02,S2,6,up,Backspace,1791379283189.100,2300,Backspace
P02,S2,6,down,Backspace,1791379283274.400,2301,Backspace
P02,S2,6,up,Backspace,1791379283373.800,2301,Backspace
P02,S2,6,down,Space,1791379283601.200,2302, 
P02,S2,6,up,Space,1791379283712.100,2302, 
P02,S2,6,down,KeyT,1791379283791.100,2303,t
P02,S2,6,down,KeyH,1791379283870.200,2304,h
P02,S2,6,up,KeyH,1791379283928.400,2304,h
P02,S2,6,down,KeyI,1791379284015.700,2305,i
P02,S2,6,up,KeyI,1791379284089.000,2305,i
P02,S2,6,down,KeyN,1791379284200.300,2306,n
P02,S2,6,up,KeyN,1791379284278.900,2306,n
P02,S2,6,down,KeyK,1791379284357.600,2307,k
P02,S2,6,up,KeyK,1791379284439.700,2307,k
P02,S2,6,down,KeyA,1791379284522.000,2309,a
P02,S2,6,down,KeyB,1791379284631.400,2310,b
P02,S2,6,up,KeyB,1791379284693.400,2310,b
P02,S2,6,down,KeyO,1791379284764.200,2311,o
P02,S2,6,up,KeyO,1791379284885.100,2311,o
P02,S2,6,down,KeyU,1791379284929.700,2312,u
P02,S2,6,up,KeyU,1791379285030.600,2312,u
P02,S2,6,down,KeyT,1791379285065.300,2313,t
P02,S2,6,up,KeyT,1791379285148.200,2313,t
P02,S2,6,up,Space,1791379285263.600,2314, 
P02,S2,6,down,KeyW,1791379285317.100,2315,w
P02,S2,6,down,KeyH,1791379285397.300,2316,h
P02,S2,6,down,KeyA,1791379285514.900,2317,a
P02,S2,6,up,KeyA,1791379285645.100,2317,a
P02,S2,6,down,KeyT,1791379285744.200,2318,t
P02,S2,6,down,Space,1791379285828.300,2319, 
P02,S2,6,up,Space,1791379285913.500,2319, 
P02,S2,6,down,KeyY,1791379286083.200,2320,y
P02,S2,6,up,KeyY,1791379286128.200,2320,y
P02,S2,6,down,KeyO,1791379286240.000,2321,o
P02,S2,6,up,KeyO,1791379286329.700,2321,o
P02,S2,6,down,KeyU,1791379286434.200,2322,u
P02,S2,6,up,KeyU,1791379286531.500,2322,u
P02,S2,6,up,Space,1791379286648.600,2323, 
P02,S2,6,down,KeyD,1791379286730.500,2324,d
P02,S2,6,down,KeyO,1791379286833.200,2325,o
P02,S2,6,up,KeyO,1791379286993.800,2325,o
P02,S2,6,up,Space,1791379287062.800,2326, 
P02,S2,6,down,KeyF,1791379287170.900,2327,f
P02,S2,6,up,KeyF,1791379287372.500,2327,f
P02,S2,6,down,KeyO,1791379287491.400,2329,o
P02,S2,6,up,KeyO,1791379287574.300,2329,o
P02,S2,6,down,KeyM,1791379287674.600,2330,m
P02,S2,6,up,KeyM,1791379287810.600,2330,m
P02,S2,6,up,Space,1791379287921.300,2331, 
P02,S2,6,up,KeyA,1791379288024.900,2332,a
P02,S2,6,down,Space,1791379288071.400,2333, 
P02,S2,6,up,Space,1791379288202.500,2333, 
P02,S2,6,down,KeyM,1791379288425.400,2334,m
P02,S2,6,up,KeyM,1791379288522.300,2334,m
P02,S2,6,down,KeyA,1791379288555.300,2335,a
P02,S2,6,up,KeyA,1791379288636.800,2335,a
P02,S2,6,down,KeyH,1791379288878.100,2336,h
P02,S2,6,up,KeyH,1791379288961.700,2336,h
P02,S2,6,down,Backspace,1791379289380.300,2337,Backspace
P02,S2,6,up,Backspace,1791379289483.100,2337,Backspace
P02,S2,6,down,KeyC,1791379289563.800,2338,c
P02,S2,6,down,KeyH,1791379289663.900,2339,h
P02,S2,6,up,KeyH,1791379289737.300,2339,h
P02,S2,6,down,KeyI,1791379289845.000,2340,i
P02,S2,6,up,KeyI,1791379289926.100,2340,i
P02,S2,6,down,KeyN,1791379290004.000,2341,n
P02,S2,6,up,KeyN,1791379290090.400,2341,n
P02,S2,6,down,KeyE,1791379290121.900,2342,e
P02,S2,6,up,KeyE,1791379290239.500,2342,e
P02,S2,6,down,Space,1791379290343.400,2343, 
P02,S2,6,up,Space,1791379290459.000,2343, 
P02,S2,6,down,KeyL,1791379290563.400,2344,l
P02,S2,6,down,KeyE,1791379290606.200,2345,e
P02,S2,6,down,KeyA,1791379290728.200,2346,a
P02,S2,6,down,KeyR,1791379290845.000,2347,r
P02,S2,6,down,KeyN,1791379290985.100,2348,n
P02,S2,6,up,KeyN,1791379291064.000,2348,n
P02,S2,6,down,KeyI,1791379291146.400,2349,i
P02,S2,6,up,KeyI,1791379291218.400,2349,i
P02,S2,6,down,KeyN,1791379291338.100,2350,n
P02,S2,6,down,KeyG,1791379291432.600,2351,g
P02,S2,6,up,KeyG,1791379291545.800,2351,g
P02,S2,6,down,Space,1791379291640.200,2352, 
P02,S2,6,up,Space,1791379291763.900,2352, 
P02,S2,6,down,KeyP,1791379292015.600,2353,p
P02,S2,6,down,KeyE,1791379292128.700,2354,e
P02,S2,6,down,KeyR,1791379292215.600,2355,r
P02,S2,6,up,KeyR,1791379292331.100,2355,r
P02,S2,6,down,KeyS,1791379292401.500,2356,s
P02,S2,6,up,KeyS,1791379292528.500,2356,s
P02,S2,6,down,KeyP,1791379292560.100,2357,p
P02,S2,6,up,KeyP,1791379292685.500,2357,p
P02,S2,6,up,KeyE,1791379292764.300,2358,e
P02,S2,6,down,KeyC,1791379292871.100,2359,c
P02,S2,6,up,KeyC,1791379292987.700,2359,c
P02,S2,6,down,KeyT,1791379293187.200,2360,t
P02,S2,6,up,KeyT,1791379293259.500,2360,t
P02,S2,6,down,KeyA,1791379293400.000,2361,a
P02,S2,6,up,KeyA,1791379293505.700,2361,a
P02,S2,6,down,KeyV,1791379294150.000,2362,v
P02,S2,6,up,KeyV,1791379294246.500,2362,v
P02,S2,6,down,KeyE,1791379294334.800,2363,e
P02,S2,6,up,KeyE,1791379294463.700,2363,e
P02,S2,6,down,Period,1791379294853.600,2364,.
P02,S2,6,up,Period,1791379294939.200,2364,.
P02,S2,6,down,Space,1791379295019.100,2365, 
P02,S2,6,up,Space,1791379295101.400,2365, 
P02,S2,6,down,KeyY,1791379295242.700,2366,y
P02,S2,6,up,KeyY,1791379295325.700,2366,y
P02,S2,6,down,KeyO,1791379295468.500,2367,o
P02,S2,6,up,KeyO,1791379295567.000,2367,o
P02,S2,6,down,KeyU,1791379295669.500,2368,u
P02,S2,6,down,Space,1791379295795.100,2369, 
P02,S2,6,up,KeyU,1791379295829.100,2368,u
P02,S2,6,up,Space,1791379295955.900,2369, 
P02,S2,6,down,KeyA,1791379296050.800,2370,a
P02,S2,6,up,KeyA,1791379296158.500,2370,a
P02,S2,6,down,KeyR,1791379296202.900,2371,r
P02,S2,6,down,KeyE,1791379296322.800,2372,e
P02,S2,6,up,KeyR,1791379296362.000,2371,r
P02,S2,6,down,Space,1791379296479.900,2373, 
P02,S2,6,up,Space,1791379296617.800,2373, 
P02,S2,6,down,KeyA,1791379296852.000,2374,a
P02,S2,6,down,Space,1791379296984.000,2375, 
P02,S2,6,up,Space,1791379297115.100,2375, 
P02,S2,6,down,ShiftLeft,1791379297221.100,2376,Shift
P02,S2,6,down,KeyC,1791379297694.100,2377,C
P02,S2,6,up,KeyC,1791379297786.900,2377,C
P02,S2,6,down,KeyN,1791379297935.900,2378,N
P02,S2,6,up,KeyN,1791379297981.300,2378,N
P02,S2,6,down,KeyN,1791379298096.300,2379,N
P02,S2,6,up,KeyN,1791379298181.900,2379,N
P02,S2,6,up,ShiftLeft,1791379298215.300,2376,Shift
P02,S2,6,down,Space,1791379298284.600,2380, 
P02,S2,6,up,Space,1791379298405.800,2380, 
P02,S2,6,down,KeyA,1791379298640.700,2381,a
P02,S2,6,up,KeyA,1791379298783.000,2381,a
P02,S2,6,down,KeyN,1791379298866.000,2382,n
P02,S2,6,up,KeyN,1791379298949.400,2382,n
P02,S2,6,down,KeyD,1791379299030.900,2383,d
P02,S2,6,up,KeyD,1791379299117.900,2383,d
P02,S2,6,down,Space,1791379299202.200,2384, 
P02,S2,6,up,Space,1791379299283.300,2384, 
P02,S2,6,down,KeyT,1791379299776.300,2385,t
P02,S2,6,up,KeyT,1791379299873.200,2385,t
P02,S2,6,down,KeyH,1791379299922.300,2386,h
P02,S2,6,up,KeyH,1791379299987.800,2386,h
P02,S2,6,down,KeyI,1791379300110.100,2387,i
P02,S2,6,up,KeyI,1791379300191.100,2387,i
P02,S2,6,down,KeyS,1791379300224.600,2388,s
P02,S2,6,up,KeyS,1791379300344.400,2388,s
P02,S2,6,down,Space,1791379300387.100,2389, 
P02,S2,6,up,Space,1791379300500.000,2389, 
P02,S2,6,down,KeyI,1791379300606.200,2390,i
P02,S2,6,down,KeyS,1791379300691.700,2391,s
P02,S2,6,up,KeyI,1791379300726.100,2390,i
P02,S2,6,up,KeyS,1791379300799.500,2391,s
P02,S2,6,down,KeyW,1791379301001.000,2393,w
P02,S2,6,down,KeyH,1791379301114.300,2394,h
P02,S2,6,up,KeyH,1791379301195.800,2394,h
P02,S2,6,down,KeyT,1791379301343.500,2396,t
P02,S2,6,down,Space,1791379301467.500,2397, 
P02,S2,6,up,Space,1791379301585.400,2397, 
P02,S2,6,down,KeyY,1791379301705.000,2398,y
P02,S2,6,up,KeyY,1791379301788.700,2398,y
P02,S2,6,down,KeyO,1791379301851.100,2399,o
P02,S2,6,up,KeyO,1791379301955.400,2399,o
P02,S2,6,down,KeyU,1791379302074.500,2400,u
P02,S2,6,up,KeyU,1791379302161.700,2400,u
P02,S2,6,up,Space,1791379302283.200,2401, 
P02,S2,6,down,KeyR,1791379302355.300,2403,r
P02,S2,6,up,KeyR,1791379302511.800,2403,r
P02,S2,6,up,KeyE,1791379302583.400,2404,e
P02,S2,6,down,KeyM,1791379302672.800,2406,m
P02,S2,6,up,KeyM,1791379302775.500,2406,m
P02,S2,6,down,KeyD,1791379302878.800,2408,d
P02,S2,6,up,KeyD,1791379303014.700,2408,d
P02,S2,6,up,KeyE,1791379303061.400,2409,e
P02,S2,6,down,KeyT,1791379303186.800,2411,t
P02,S2,6,up,KeyT,1791379303306.800,2411,t
P02,S2,6,up,KeyO,1791379303379.700,2412,o
P02,S2,6,down,KeyD,1791379303464.000,2414,d
P02,S2,6,up,KeyD,1791379303610.400,2414,d
P02,S2,6,up,Space,1791379303695.600,2416, 
P02,S2,6,down,Backspace,1791379304163.500,2417,Backspace
P02,S2,6,up,Backspace,1791379304245.900,2417,Backspace
P02,S2,6,down,Period,1791379304444.500,2418,.
P02,S2,6,up,Period,1791379304542.700,2418,.
P02,S2,6,down,Space,1791379304640.500,2419, 
P02,S2,6,up,Space,1791379304767.600,2419, 
P02,S2,6,down,ShiftLeft,1791379305153.300,2420,Shift
P02,S2,6,down,KeyY,1791379305944.500,2421,Y
P02,S2,6,up,KeyY,1791379306033.800,2421,y
P02,S2,6,down,KeyO,1791379306165.300,2422,o
P02,S2,6,up,KeyO,1791379306245.600,2422,o
P02,S2,6,down,KeyU,1791379306346.100,2423,u
P02,S2,6,down,Space,1791379306438.300,2424, 
P02,S2,6,up,KeyU,1791379306472.500,2423,u
P02,S2,6,up,Space,1791379306551.900,2424, 
P02,S2,6,down,KeyR,1791379306707.600,2426,r
P02,S2,6,down,KeyE,1791379306783.200,2427,e
P02,S2,6,down,Space,1791379306851.100,2428, 
P02,S2,6,up,Space,1791379306974.000,2428, 
P02,S2,6,down,KeyN,1791379307058.900,2429,n
P02,S2,6,up,KeyN,1791379307119.400,2429,n
P02,S2,6,down,KeyO,1791379307203.400,2430,o
P02,S2,6,up,KeyO,1791379307320.100,2430,o
P02,S2,6,down,Space,1791379307444.300,2432, 
P02,S2,6,up,Space,1791379307563.700,2432, 
P02,S2,6,down,KeyA,1791379307646.400,2433,a
P02,S2,6,up,KeyA,1791379307764.300,2433,a
P02,S2,6,down,KeyC,1791379307852.900,2434,c
P02,S2,6,up,KeyC,1791379308006.900,2434,c
P02,S2,6,down,KeyT,1791379308177.100,2435,t
P02,S2,6,down,KeyU,1791379308291.700,2436,u
P02,S2,6,up,KeyT,1791379308325.100,2435,t
P02,S2,6,down,KeyA,1791379308399.600,2437,a
P02,S2,6,down,KeyL,1791379308573.200,2438,l
P02,S2,6,up,KeyL,1791379308625.100,2438,l
P02,S2,6,down,KeyY,1791379308770.100,2440,y
P02,S2,6,up,KeyY,1791379308852.200,2440,y
P02,S2,6,down,KeyL,1791379309012.300,2442,l
P02,S2,6,up,KeyL,1791379309129.500,2442,l
P02,S2,6,up,KeyE,1791379309238.500,2443,e
P02,S2,6,down,KeyR,1791379309309.200,2445,r
P02,S2,6,down,KeyN,1791379309462.700,2446,n
P02,S2,6,up,KeyN,1791379309541.800,2446,n
P02,S2,6,down,KeyI,1791379309610.200,2447,i
P02,S2,6,up,KeyI,1791379309683.400,2447,i
P02,S2,6,down,KeyN,1791379309800.700,2448,n
P02,S2,6,up,KeyN,1791379309884.000,2448,n
P02,S2,6,down,KeyG,1791379310570.900,2449,g
P02,S2,6,down,Space,1791379310666.400,2450, 
P02,S2,6,up,KeyG,1791379310703.900,2449,g
P02,S2,6,up,Space,1791379310779.800,2450, 
P02,S2,6,down,KeyM,1791379310855.100,2451,m
P02,S2,6,down,KeyE,1791379310928.900,2452,e
P02,S2,6,up,KeyE,1791379311014.200,2452,e
P02,S2,6,down,KeyE,1791379311127.400,2454,e
P02,S2,6,up,KeyE,1791379311286.200,2454,e
P02,S2,6,down,KeyL,1791379311319.500,2455,l
P02,S2,6,up,KeyL,1791379311395.900,2455,l
P02,S2,6,down,KeyY,1791379311525.400,2456,y
P02,S2,6,up,KeyY,1791379311631.000,2456,y
P02,S2,6,down,Space,1791379311918.500,2457, 
P02,S2,6,up,Space,1791379312039.900,2457, 
P02,S2,6,down,KeyD,1791379312283.900,2458,d
P02,S2,6,up,KeyD,1791379312386.600,2458,d
P02,S2,6,up,KeyO,1791379312469.300,2459,o
P02,S2,6,down,KeyI,1791379312582.500,2460,i
P02,S2,6,up,KeyI,1791379312622.200,2460,i
P02,S2,6,down,KeyN,1791379312740.100,2461,n
P02,S2,6,up,KeyN,1791379312828.400,2461,n
P02,S2,6,down,Space,1791379312954.800,2463, 
P02,S2,6,down,KeyA,1791379313087.300,2464,a
P02,S2,6,down,Space,1791379313210.200,2465, 
P02,S2,6,up,Space,1791379313326.000,2465, 
P02,S2,6,down,KeyP,1791379313409.400,2466,p
P02,S2,6,up,KeyP,1791379313498.000,2466,p
P02,S2,6,down,KeyU,1791379313627.200,2467,u
P02,S2,6,down,KeyR,1791379313732.800,2468,r
P02,S2,6,down,KeyP,1791379313869.000,2469,p
P02,S2,6,up,KeyP,1791379313964.700,2469,p
P02,S2,6,down,KeyO,1791379314029.700,2470,o
P02,S2,6,down,KeyS,1791379314150.700,2471,s
P02,S2,6,up,KeyS,1791379314236.000,2471,s
P02,S2,6,up,KeyE,1791379314345.700,2472,e
P02,S2,6,down,Period,1791379314586.100,2473,.
P02,S2,6,up,Period,1791379314672.500,2473,.
P02,S2,6,down,Space,1791379314787.300,2474, 
P02,S2,6,up,Space,1791379314869.900,2474, 
P02,S2,6,down,ShiftLeft,1791379314974.700,2475,Shift
P02,S2,6,down,KeyB,1791379315077.400,2476,B
P02,S2,6,up,KeyB,1791379315161.400,2476,B
P02,S2,6,down,KeyU,1791379315244.400,2477,u
P02,S2,6,up,KeyU,1791379315321.000,2477,u
P02,S2,6,down,KeyT,1791379315384.300,2478,t
P02,S2,6,up,KeyT,1791379315473.700,2478,t
P02,S2,6,down,KeyH,1791379315632.800,2480,h
P02,S2,6,up,KeyH,1791379315750.600,2480,h
P02,S2,6,up,KeyE,1791379315822.500,2481,e
P02,S2,6,down,KeyL,1791379315881.400,2482,l
P02,S2,6,up,KeyL,1791379315959.300,2482,l
P02,S2,6,down,KeyL,1791379316033.100,2483,l
P02,S2,6,down,Space,1791379316161.100,2484, 
P02,S2,6,down,KeyI,1791379316278.400,2485,i
P02,S2,6,up,KeyI,1791379316393.000,2485,i
P02,S2,6,up,KeyF,1791379316478.800,2486,f
P02,S2,6,down,Space,1791379316542.600,2487, 
P02,S2,6,up,Space,1791379316625.900,2487, 
P02,S2,6,down,KeyY,1791379316831.300,2488,y
P02,S2,6,down,KeyO,1791379316925.800,2489,o
P02,S2,6,up,KeyO,1791379317049.400,2489,o
P02,S2,6,down,KeyU,1791379317142.800,2490,u
P02,S2,6,down,Space,1791379317234.200,2491, 
P02,S2,6,up,Space,1791379317327.000,2491, 
P02,S2,6,up,KeyW,1791379317463.400,2492,w
P02,S2,6,up,KeyA,1791379317537.700,2493,a
P02,S2,6,down,KeyT,1791379317647.500,2494,t
P02,S2,6,up,KeyT,1791379317732.100,2494,t
P02,S2,6,down,Backspace,1791379318065.200,2495,Backspace
P02,S2,6,up,Backspace,1791379318165.700,2495,Backspace
P02,S2,6,down,KeyN,1791379318337.100,2496,n
P02,S2,6,up,KeyN,1791379318430.700,2496,n
P02,S2,6,down,KeyT,1791379318477.700,2497,t
P02,S2,6,down,Space,1791379318601.000,2498, 
P02,S2,6,up,Space,1791379318732.100,2498, 
P02,S2,6,down,KeyT,1791379318941.100,2499,t
P02,S2,6,up,KeyT,1791379319043.600,2499,t
P02,S2,6,down,KeyO,1791379319085.200,2500,o
P02,S2,6,up,KeyO,1791379319213.400,2500,o
P02,S2,6,up,Space,1791379319335.100,2501, 
P02,S2,6,down,KeyC,1791379319445.600,2502,c
P02,S2,6,up,KeyC,1791379319533.700,2502,c
P02,S2,6,down,KeyA,1791379319619.600,2503,a
P02,S2,6,up,KeyA,1791379319726.200,2503,a
P02,S2,6,down,KeyL,1791379319810.900,2504,l
P02,S2,6,up,KeyL,1791379319846.900,2504,l
P02,S2,6,down,KeyL,1791379319937.000,2505,l
P02,S2,6,down,Space,1791379320051.500,2506, 
P02,S2,6,up,Space,1791379320174.000,2506, 
P02,S2,6,down,KeyT,1791379320402.800,2507,t
P02,S2,6,down,KeyH,1791379320526.300,2508,h
P02,S2,6,up,KeyH,1791379320609.700,2508,h
P02,S2,6,down,KeyI,1791379320681.500,2509,i
P02,S2,6,down,KeyS,1791379320807.300,2510,s
P02,S2,6,down,Space,1791379320884.100,2511, 
P02,S2,6,down,KeyC,1791379321055.800,2512,c
P02,S2,6,up,KeyC,1791379321174.000,2512,c
P02,S2,6,up,KeyO,1791379321222.500,2513,o
P02,S2,6,down,KeyN,1791379321355.800,2514,n
P02,S2,6,down,KeyV,1791379321451.700,2515,v
P02,S2,6,up,KeyV,1791379321567.400,2515,v
P02,S2,6,down,KeyE,1791379321650.700,2516,e
P02,S2,6,down,KeyR,1791379321736.000,2517,r
P02,S2,6,up,KeyR,1791379321831.800,2517,r
P02,S2,6,down,KeyS,1791379321911.000,2518,s
P02,S2,6,up,KeyS,1791379322022.500,2518,s
P02,S2,6,down,KeyA,1791379322112.100,2519,a
P02,S2,6,up,KeyA,1791379322194.800,2519,a
P02,S2,6,down,KeyT,1791379322279.500,2520,t
P02,S2,6,down,KeyI,1791379322364.300,2521,i
P02,S2,6,down,KeyO,1791379322401.000,2522,o
P02,S2,6,up,KeyO,1791379322506.300,2522,o
P02,S2,6,down,KeyN,1791379322593.000,2523,n
P02,S2,6,up,KeyN,1791379322702.500,2523,n
P02,S2,6,up,Space,1791379322759.600,2524, 
P02,S2,6,down,KeyE,1791379322857.400,2526,e
P02,S2,6,down,KeyA,1791379322981.100,2527,a
P02,S2,6,down,KeyR,1791379323096.300,2528,r
P02,S2,6,up,KeyR,1791379323201.800,2528,r
P02,S2,6,down,KeyI,1791379323322.700,2530,i
P02,S2,6,up,KeyI,1791379323419.200,2530,i
P02,S2,6,down,KeyN,1791379323506.800,2531,n
P02,S2,6,up,KeyN,1791379323628.800,2531,n
P02,S2,6,down,Space,1791379323758.000,2533, 
P02,S2,6,up,Space,1791379323837.300,2533, 
P02,S2,6,down,KeyT,1791379323962.000,2534,t
P02,S2,6,down,KeyH,1791379324055.400,2535,h
P02,S2,6,up,KeyH,1791379324145.100,2535,h
P02,S2,6,down,KeyN,1791379324266.700,2537,n
P02,S2,6,down,Space,1791379324347.500,2538, 
P02,S2,6,down,KeyG,1791379324441.500,2539,g
P02,S2,6,down,KeyO,1791379324537.900,2540,o
P02,S2,6,up,KeyO,1791379324663.500,2540,o
P02,S2,6,down,KeyF,1791379324754.000,2542,f
P02,S2,6,up,KeyF,1791379324889.100,2542,f
P02,S2,6,down,KeyR,1791379324988.500,2545,r
P02,S2,6,up,KeyR,1791379325082.800,2545,r
P02,S2,6,down,Backspace,1791379325549.000,2546,Backspace
P02,S2,6,up,Backspace,1791379325639.200,2546,Backspace
P02,S2,6,down,Backspace,1791379325725.700,2547,Backspace
P02,S2,6,down,KeyR,1791379325827.600,2548,r
P02,S2,6,up,KeyR,1791379325950.700,2548,r
P02,S2,6,up,Space,1791379326040.300,2549, 
P02,S2,6,down,KeyI,1791379326106.300,2550,i
P02,S2,6,down,KeyT,1791379326233.900,2551,t
P02,S2,6,up,KeyT,1791379326324.300,2551,t
P02,S2,6,down,Period,1791379327500.100,2552,.
P02,S2,6,up,Period,1791379327592.300,2552,.
P02,S2,6,down,Space,1791379327641.700,2553, 
P02,S2,6,up,Space,1791379327752.400,2553, 
P02,S2,6,down,ShiftLeft,1791379327952.500,2554,Shift
P02,S2,6,down,KeyT,1791379329050.900,2555,T
P02,S2,6,up,KeyT,1791379329142.800,2555,T
P02,S2,6,up,ShiftLeft,1791379329178.100,2554,Shift
P02,S2,6,down,KeyH,1791379329327.200,2556,h
P02,S2,6,up,KeyH,1791379329413.900,2556,h
P02,S2,6,down,KeyE,1791379329529.000,2557,e
P02,S2,6,up,KeyE,1791379329645.400,2557,e
P02,S2,6,down,KeyN,1791379329680.500,2558,n
P02,S2,6,down,Space,1791379329846.700,2559, 
P02,S2,6,up,Space,1791379329967.300,2559, 
P02,S2,6,down,KeyY,1791379330586.600,2560,y
P02,S2,6,up,KeyY,1791379330677.900,2560,y
P02,S2,6,down,KeyO,1791379330762.100,2561,o
P02,S2,6,up,KeyO,1791379330848.800,2561,o
P02,S2,6,down,KeyU,1791379330954.700,2562,u
P02,S2,6,up,KeyU,1791379331103.300,2562,u
P02,S2,6,up,Space,1791379331222.900,2563, 
P02,S2,6,down,KeyI,1791379331326.400,2564,i
P02,S2,6,up,KeyI,1791379331440.100,2564,i
P02,S2,6,down,Backspace,1791379331958.400,2565,Backspace
P02,S2,6,up,Backspace,1791379332049.500,2565,Backspace
P02,S2,6,down,KeyC,1791379332173.700,2566,c
P02,S2,6,up,KeyC,1791379332275.700,2566,c
P02,S2,6,down,KeyH,1791379332312.600,2567,h
P02,S2,6,up,KeyH,1791379332391.400,2567,h
P02,S2,6,down,KeyO,1791379332521.400,2568,o
P02,S2,6,up,KeyO,1791379332607.900,2568,o
P02,S2,6,down,KeyO,1791379332691.800,2569,o
P02,S2,6,up,KeyO,1791379332783.200,2569,o
P02,S2,6,up,KeyS,1791379332868.800,2570,s
P02,S2,6,down,Space,1791379332952.500,2572, 
P02,S2,6,up,Space,1791379333040.400,2572, 
P02,S2,6,down,KeyF,1791379333131.200,2573,f
P02,S2,6,down,KeyO,1791379333258.100,2574,o
P02,S2,6,up,KeyO,1791379333354.900,2574,o
P02,S2,6,down,Space,1791379333445.900,2576, 
P02,S2,6,up,Space,1791379333537.000,2576, 
P02,S2,6,down,KeyY,1791379333675.000,2577,y
P02,S2,6,up,KeyY,1791379333762.800,2577,y
P02,S2,6,down,KeyO,1791379333849.300,2578,o
P02,S2,6,up,KeyO,1791379333938.700,2578,o
P02,S2,6,down,KeyU,1791379334025.300,2579,u
P02,S2,6,up,KeyU,1791379334113.600,2579,u
P02,S2,6,down,KeyR,1791379334216.800,2580,r
P02,S2,6,up,KeyR,1791379334304.000,2580,r
P02,S2,6,down,KeyS,1791379334557.000,2581,s
P02,S2,6,down,KeyE,1791379334604.400,2582,e
P02,S2,6,up,KeyS,1791379334678.800,2581,s
P02,S2,6,down,KeyL,1791379334813.900,2583,l
P02,S2,6,up,KeyL,1791379334892.000,2583,l
P02,S2,6,down,KeyF,1791379334958.900,2584,f
P02,S2,6,down,Space,1791379335089.600,2585, 
P02,S2,6,up,Space,1791379335223.800,2585, 
P02,S2,6,down,KeyW,1791379335337.400,2586,w
P02,S2,6,up,KeyW,1791379335437.900,2586,w
P02,S2,6,down,KeyH,1791379335523.100,2587,h
P02,S2,6,down,KeyE,1791379335613.500,2588,e
P02,S2,6,up,KeyE,1791379335746.500,2588,e
P02,S2,6,up,KeyR,1791379335821.500,2589,r
P02,S2,6,down,Backspace,1791379336085.500,2590,Backspace
P02,S2,6,up,Backspace,1791379336178.400,2590,Backspace
P02,S2,6,down,KeyT,1791379336269.300,2591,t
P02,S2,6,down,KeyH,1791379336363.800,2592,h
P02,S2,6,down,KeyE,1791379336491.900,2593,e
P02,S2,6,up,KeyE,1791379336621.500,2593,e
P02,S2,6,up,KeyR,1791379336700.300,2594,r
P02,S2,6,down,Space,1791379336913.000,2595, 
P02,S2,6,up,Space,1791379337002.400,2595, 
P02,S2,6,down,KeyY,1791379337154.400,2596,y
P02,S2,6,up,KeyY,1791379337209.100,2596,y
P02,S2,6,down,KeyO,1791379337320.900,2597,o
P02,S2,6,up,KeyO,1791379337408.500,2597,o
P02,S2,6,down,KeyU,1791379337494.600,2598,u
P02,S2,6,up,KeyU,1791379337607.600,2598,u
P02,S2,6,down,KeyE,1791379337725.800,2600,e
P02,S2,6,down,KeyN,1791379337807.700,2601,n
P02,S2,6,up,KeyN,1791379337926.000,2601,n
P02,S2,6,down,KeyJ,1791379338042.200,2602,j
P02,S2,6,up,KeyJ,1791379338132.500,2602,j
P02,S2,6,down,KeyO,1791379338167.800,2603,o
P02,S2,6,up,KeyO,1791379338297.900,2603,o
P02,S2,6,down,KeyY,1791379338428.100,2604,y
P02,S2,6,up,KeyY,1791379338519.100,2604,y
P02,S2,6,down,KeyE,1791379338555.000,2605,e
P02,S2,6,up,KeyE,1791379338635.200,2605,e
P02,S2,6,down,KeyD,1791379338717.700,2606,d
P02,S2,6,down,Space,1791379338860.200,2607, 
P02,S2,6,up,Space,1791379338942.600,2607, 
P02,S2,6,down,KeyI,1791379339552.100,2608,i
P02,S2,6,down,KeyT,1791379339649.900,2609,t
P02,S2,6,down,Space,1791379339780.700,2610, 
P02,S2,6,up,Space,1791379339867.700,2610, 
P02,S2,6,down,KeyP,1791379340032.800,2611,p
P02,S2,6,up,KeyP,1791379340078.600,2611,p
P02,S2,6,down,KeyR,1791379340269.500,2612,r
P02,S2,6,up,KeyR,1791379340389.200,2612,r
P02,S2,6,down,Backspace,1791379340594.100,2613,Backspace
P02,S2,6,up,Backspace,1791379340631.700,2613,Backspace
P02,S2,6,down,Backspace,1791379340708.900,2614,Backspace
P02,S2,6,up,Backspace,1791379340793.300,2614,Backspace
P02,S2,6,down,KeyO,1791379340931.400,2615,o
P02,S2,6,up,KeyO,1791379341008.000,2615,o
P02,S2,6,down,Space,1791379341088.800,2617, 
P02,S2,6,up,Space,1791379341196.800,2617, 
P02,S2,6,up,KeyN,1791379341365.400,2618,n
P02,S2,6,down,KeyO,1791379341447.900,2619,o
P02,S2,6,down,KeyT,1791379341565.900,2620,t
P02,S2,6,up,KeyT,1791379341690.800,2620,t
P02,S2,6,down,Period,1791379341966.500,2621,.
P02,S2,6,up,Period,1791379342057.200,2621,.
P02,S2,6,down,KeyA,1791379342147.700,2623,a
P02,S2,6,up,KeyA,1791379342244.800,2623,a
P02,S2,6,down,KeyL,1791379342384.600,2624,l
P02,S2,6,up,KeyL,1791379342425.400,2624,l
P02,S2,6,down,KeyL,1791379342509.700,2625,l
P02,S2,6,up,KeyL,1791379342582.100,2625,l
P02,S2,6,down,Space,1791379342653.700,2626, 
P02,S2,6,up,Space,1791379342786.000,2626, 
P02,S2,6,down,KeyU,1791379343084.300,2627,u
P02,S2,6,up,KeyU,1791379343177.100,2627,u
P02,S2,6,down,KeyP,1791379343271.800,2628,p
P02,S2,6,up,KeyP,1791379343392.100,2628,p
P02,S2,6,down,Space,1791379343428.100,2629, 
P02,S2,6,down,KeyT,1791379343566.500,2630,t
P02,S2,6,down,KeyO,1791379343662.600,2631,o
P02,S2,6,down,Space,1791379343729.200,2632, 
P02,S2,6,up,Space,1791379343839.300,2632, 
P02,S2,6,down,KeyU,1791379344121.600,2633,u
P02,S2,6,up,KeyU,1791379344212.500,2633,u
P02,S2,6,down,Enter,1791379344334.000,2634,Enter
P02,S2,7,up,Enter,1791379344408.100,2634,Enter
P02,S2,7,down,KeyF,1791379396863.900,2635,f
P02,S2,7,up,KeyF,1791379396976.400,2635,f
P02,S2,7,down,KeyA,1791379397064.000,2636,a
P02,S2,7,up,KeyA,1791379397172.500,2636,a
P02,S2,7,down,KeyN,1791379397261.800,2637,n
P02,S2,7,up,KeyN,1791379397362.600,2637,n
P02,S2,7,down,KeyT,1791379397409.000,2638,t
P02,S2,7,up,KeyT,1791379397531.700,2638,t
P02,S2,7,down,KeyA,1791379397634.800,2639,a
P02,S2,7,up,KeyA,1791379397763.100,2639,a
P02,S2,7,down,KeyS,1791379397892.500,2640,s
P02,S2,7,up,KeyS,1791379398001.900,2640,s
P02,S2,7,down,KeyT,1791379398109.100,2641,t
P02,S2,7,up,KeyT,1791379398218.600,2641,t
P02,S2,7,down,KeyI,1791379398254.900,2642,i
P02,S2,7,up,KeyI,1791379398335.400,2642,i
P02,S2,7,down,KeyC,1791379398413.800,2643,c
P02,S2,7,up,KeyC,1791379398552.900,2643,c
P02,S2,7,down,Space,1791379398642.900,2644, 
P02,S2,7,up,Space,1791379398771.100,2644, 
P02,S2,7,down,KeyA,1791379398937.700,2645,a
P02,S2,7,up,KeyA,1791379399036.300,2645,a
P02,S2,7,down,KeyN,1791379399200.300,2646,n
P02,S2,7,up,KeyN,1791379399289.800,2646,n
P02,S2,7,down,KeyD,1791379399332.600,2647,d
P02,S2,7,down,Space,1791379399465.700,2648, 
P02,S2,7,down,KeyC,1791379399603.200,2649,c
P02,S2,7,down,KeyO,1791379399724.100,2650,o
P02,S2,7,up,KeyC,1791379399765.300,2649,c
P02,S2,7,up,KeyO,1791379399836.200,2650,o
P02,S2,7,down,KeyN,1791379399965.300,2651,n
P02,S2,7,up,KeyN,1791379400056.000,2651,n
P02,S2,7,down,KeyG,1791379400162.400,2652,g
P02,S2,7,down,KeyR,1791379400253.100,2653,r
P02,S2,7,up,KeyR,1791379400391.700,2653,r
P02,S2,7,up,KeyA,1791379400467.900,2654,a
P02,S2,7,down,KeyT,1791379400536.500,2655,t
P02,S2,7,up,KeyT,1791379400674.200,2655,t
P02,S2,7,up,KeyU,1791379400722.500,2656,u
P02,S2,7,down,KeyL,1791379400829.600,2657,l
P02,S2,7,down,KeyA,1791379400966.200,2658,a
P02,S2,7,up,KeyA,1791379401005.100,2658,a
P02,S2,7,down,KeyI,1791379401163.600,2660,i
P02,S2,7,up,KeyI,1791379401254.700,2660,i
P02,S2,7,down,KeyN,1791379401388.500,2662,n
P02,S2,7,down,KeyS,1791379401515.000,2663,s
P02,S2,7,down,Space,1791379401646.700,2664, 
P02,S2,7,down,KeyO,1791379401770.400,2665,o
P02,S2,7,up,KeyO,1791379401893.800,2665,o
P02,S2,7,down,KeyN,1791379401995.500,2666,n
P02,S2,7,up,KeyN,1791379402099.800,2666,n
P02,S2,7,up,Space,1791379402181.700,2667, 
P02,S2,7,down,KeyO,1791379402287.500,2669,o
P02,S2,7,up,KeyO,1791379402385.200,2669,o
P02,S2,7,down,KeyM,1791379402480.900,2670,m
P02,S2,7,up,KeyM,1791379402564.400,2670,m
P02,S2,7,down,KeyI,1791379402677.900,2671,i
P02,S2,7,up,KeyI,1791379402767.900,2671,i
P02,S2,7,down,KeyN,1791379402858.200,2672,n
P02,S2,7,down,KeyG,1791379402954.400,2673,g
P02,S2,7,down,Space,1791379403041.400,2674, 
P02,S2,7,up,Space,1791379403162.400,2674, 
P02,S2,7,down,KeyT,1791379403285.500,2675,t
P02,S2,7,up,KeyT,1791379403383.200,2675,t
P02,S2,7,up,KeyO,1791379403504.400,2676,o
P02,S2,7,up,Space,1791379403586.700,2677, 
P02,S2,7,down,KeyY,1791379403653.500,2678,y
P02,S2,7,down,KeyP,1791379403739.600,2679,p
P02,S2,7,up,KeyP,1791379403851.700,2679,p
P02,S2,7,down,KeyU,1791379404007.500,2680,u
P02,S2,7,up,KeyU,1791379404100.600,2680,u
P02,S2,7,down,Backspace,1791379404312.800,2681,Backspace
P02,S2,7,up,Backspace,1791379404405.900,2681,Backspace
P02,S2,7,down,Backspace,1791379404495.900,2682,Backspace
P02,S2,7,up,Backspace,1791379404590.500,2682,Backspace
P02,S2,7,down,KeyO,1791379404870.900,2683,o
P02,S2,7,up,KeyO,1791379404916.200,2683,o
P02,S2,7,down,KeyU,1791379405121.700,2684,u
P02,S2,7,up,KeyU,1791379405215.000,2684,u
P02,S2,7,down,KeyR,1791379405308.700,2686,r
P02,S2,7,up,Space,1791379405394.800,2685, 
P02,S2,7,down,KeyO,1791379405463.100,2687,o
P02,S2,7,down,KeyW,1791379405616.900,2688,w
P02,S2,7,down,KeyN,1791379405740.400,2689,n
P02,S2,7,up,KeyN,1791379405872.200,2689,n
P02,S2,7,up,Space,1791379405962.900,2690, 
P02,S2,7,down,Backspace,1791379406432.500,2691,Backspace
P02,S2,7,up,Backspace,1791379406527.600,2691,Backspace
P02,S2,7,down,Backspace,1791379406628.000,2692,Backspace
P02,S2,7,up,Backspace,1791379406723.700,2692,Backspace
P02,S2,7,down,Backspace,1791379406813.800,2693,Backspace
P02,S2,7,up,Backspace,1791379406873.600,2693,Backspace
P02,S2,7,down,Backspace,1791379406952.600,2694,Backspace
P02,S2,7,up,Backspace,1791379407079.200,2694,Backspace
P02,S2,7,down,Backspace,1791379407122.200,2695,Backspace
P02,S2,7,up,Backspace,1791379407208.700,2695,Backspace
P02,S2,7,down,Backspace,1791379407328.800,2696,Backspace
P02,S2,7,up,Backspace,1791379407418.700,2696,Backspace
P02,S2,7,down,KeyR,1791379407508.800,2697,r
P02,S2,7,down,Space,1791379407602.700,2698, 
P02,S2,7,up,Space,1791379407699.000,2698, 
P02,S2,7,down,KeyW,1791379407918.000,2699,w
P02,S2,7,up,KeyW,1791379408011.500,2699,w
P02,S2,7,down,Backspace,1791379408220.500,2700,Backspace
P02,S2,7,up,Backspace,1791379408340.200,2700,Backspace
P02,S2,7,down,KeyP,1791379408475.700,2701,p
P02,S2,7,up,KeyP,1791379408569.900,2701,p
P02,S2,7,down,KeyW,1791379408659.900,2702,w
P02,S2,7,up,KeyW,1791379408715.500,2702,w
P02,S2,7,down,Backspace,1791379408999.600,2703,Backspace
P02,S2,7,up,Backspace,1791379409092.600,2703,Backspace
P02,S2,7,down,Backspace,1791379409145.600,2704,Backspace
P02,S2,7,up,Backspace,1791379409239.500,2704,Backspace
P02,S2,7,down,KeyO,1791379409367.100,2705,o
P02,S2,7,down,KeyW,1791379409472.300,2706,w
P02,S2,7,down,KeyN,1791379409602.900,2707,n
P02,S2,7,up,KeyN,1791379409735.100,2707,n
P02,S2,7,up,Space,1791379409814.100,2708, 
P02,S2,7,down,KeyC,1791379409935.400,2709,c
P02,S2,7,up,KeyC,1791379410026.100,2709,c
P02,S2,7,up,KeyO,1791379410087.300,2710,o
P02,S2,7,up,KeyN,1791379410262.500,2711,n
P02,S2,7,down,KeyC,1791379410733.200,2712,c
P02,S2,7,up,KeyC,1791379410829.100,2712,c
P02,S2,7,down,KeyU,1791379410921.400,2713,u
P02,S2,7,down,KeyL,1791379411088.500,2714,l
P02,S2,7,up,KeyL,1791379411215.900,2714,l
P02,S2,7,down,KeyS,1791379411304.700,2715,s
P02,S2,7,up,KeyS,1791379411396.000,2715,s
P02,S2,7,down,KeyO,1791379411492.500,2717,o
P02,S2,7,up,KeyI,1791379411578.300,2716,i
P02,S2,7,up,KeyO,1791379411655.900,2717,o
P02,S2,7,down,KeyN,1791379411739.200,2718,n
P02,S2,7,down,Space,1791379411889.800,2719, 
P02,S2,7,up,Space,1791379412020.400,2719, 
P02,S2,7,down,Backspace,1791379413614.100,2720,Backspace
P02,S2,7,up,Backspace,1791379413714.100,2720,Backspace
P02,S2,7,down,Period,1791379414311.600,2721,.
P02,S2,7,up,Period,1791379414410.300,2721,.
P02,S2,7,down,Space,1791379414452.400,2722, 
P02,S2,7,up,Space,1791379414591.500,2722, 
P02,S2,7,down,ShiftLeft,1791379414693.300,2723,Shift
P02,S2,7,down,KeyY,1791379415106.800,2724,Y
P02,S2,7,up,KeyY,1791379415210.900,2724,y
P02,S2,7,down,KeyO,1791379415292.200,2725,o
P02,S2,7,up,KeyO,1791379415370.400,2725,o
P02,S2,7,down,KeyU,1791379415499.300,2726,u
P02,S2,7,up,KeyU,1791379415603.300,2726,u
P02,S2,7,up,Space,1791379415726.700,2727, 
P02,S2,7,down,KeyH,1791379416088.800,2728,h
P02,S2,7,up,KeyH,1791379416186.800,2728,h
P02,S2,7,down,KeyA,1791379416223.900,2729,a
P02,S2,7,up,KeyA,1791379416306.700,2729,a
P02,S2,7,up,KeyV,1791379416395.400,2730,v
P02,S2,7,down,Space,1791379416510.500,2732, 
P02,S2,7,up,Space,1791379416614.100,2732, 
P02,S2,7,down,KeyM,1791379416704.000,2733,m
P02,S2,7,up,KeyM,1791379416791.200,2733,m
P02,S2,7,down,KeyA,1791379416866.500,2734,a
P02,S2,7,up,KeyA,1791379417003.900,2734,a
P02,S2,7,down,KeyD,1791379417096.800,2735,d
P02,S2,7,down,KeyE,1791379417191.500,2736,e
P02,S2,7,up,KeyD,1791379417230.000,2735,d
P02,S2,7,up,KeyE,1791379417316.000,2736,e
P02,S2,7,down,KeyA,1791379417429.400,2738,a
P02,S2,7,up,KeyA,1791379417560.300,2738,a
P02,S2,7,down,KeyN,1791379417681.000,2739,n
P02,S2,7,up,KeyN,1791379417830.100,2739,n
P02,S2,7,down,Space,1791379417870.300,2740, 
P02,S2,7,up,Space,1791379417964.300,2740, 
P02,S2,7,down,KeyI,1791379418091.900,2741,i
P02,S2,7,up,KeyI,1791379418140.600,2741,i
P02,S2,7,down,KeyN,1791379418773.700,2742,n
P02,S2,7,up,KeyN,1791379418873.700,2742,n
P02,S2,7,down,KeyE,1791379418972.000,2744,e
P02,S2,7,up,KeyE,1791379419103.000,2744,e
P02,S2,7,down,KeyP,1791379419223.700,2745,p
P02,S2,7,up,KeyP,1791379419316.900,2745,p
P02,S2,7,down,KeyE,1791379419355.800,2746,e
P02,S2,7,up,KeyE,1791379419500.700,2746,e
P02,S2,7,down,KeyN,1791379419549.900,2747,n
P02,S2,7,down,KeyT,1791379419683.600,2748,t
P02,S2,7,up,KeyT,1791379419776.700,2748,t
P02,S2,7,down,Backspace,1791379420119.200,2749,Backspace
P02,S2,7,up,Backspace,1791379420159.200,2749,Backspace
P02,S2,7,down,KeyD,1791379420429.600,2750,d
P02,S2,7,down,KeyE,1791379420526.100,2751,e
P02,S2,7,up,KeyD,1791379420566.700,2750,d
P02,S2,7,down,KeyN,1791379420667.600,2752,n
P02,S2,7,down,KeyT,1791379420797.100,2753,t
P02,S2,7,down,Space,1791379420973.200,2754, 
P02,S2,7,up,Space,1791379421124.000,2754, 
P02,S2,7,down,KeyD,1791379422096.100,2755,d
P02,S2,7,up,KeyD,1791379422203.200,2755,d
P02,S2,7,down,KeyE,1791379422240.300,2756,e
P02,S2,7,up,KeyE,1791379422378.200,2756,e
P02,S2,7,down,KeyC,1791379422468.400,2757,c
P02,S2,7,up,KeyC,1791379422585.800,2757,c
P02,S2,7,down,KeyI,1791379422681.000,2758,i
P02,S2,7,up,KeyI,1791379422736.100,2758,i
P02,S2,7,down,KeyO,1791379422917.900,2761,o
P02,S2,7,up,KeyO,1791379423071.900,2761,o
P02,S2,7,down,KeyN,1791379423122.700,2762,n
P02,S2,7,up,KeyN,1791379423284.200,2762,n
P02,S2,7,down,KeyU,1791379423407.100,2764,u
P02,S2,7,up,KeyU,1791379423494.500,2764,u
P02,S2,7,down,KeyI,1791379423617.200,2766,i
P02,S2,7,up,KeyI,1791379423708.300,2766,i
P02,S2,7,down,KeyN,1791379423806.300,2767,n
P02,S2,7,up,KeyN,1791379423909.000,2767,n
P02,S2,7,down,Space,1791379423984.500,2769, 
P02,S2,7,up,Space,1791379424098.500,2769, 
P02,S2,7,down,KeyT,1791379424197.100,2770,t
P02,S2,7,down,KeyH,1791379424322.500,2771,h
P02,S2,7,down,Space,1791379424464.600,2773, 
P02,S2,7,up,Space,1791379424597.500,2773, 
P02,S2,7,down,KeyD,1791379424739.600,2774,d
P02,S2,7,up,KeyA,1791379424835.300,2775,a
P02,S2,7,up,KeyD,1791379424885.800,2774,d
P02,S2,7,down,KeyT,1791379425290.400,2776,t
P02,S2,7,up,KeyT,1791379425396.900,2776,t
P02,S2,7,down,KeyA,1791379425545.000,2777,a
P02,S2,7,up,KeyA,1791379425638.300,2777,a
P02,S2,7,down,Space,1791379425677.400,2778, 
P02,S2,7,up,Space,1791379425815.000,2778, 
P02,S2,7,down,KeyP,1791379425910.400,2779,p
P02,S2,7,up,KeyP,1791379426010.500,2779,p
P02,S2,7,down,KeyO,1791379426156.700,2781,o
P02,S2,7,up,KeyO,1791379426242.200,2781,o
P02,S2,7,down,KeyV,1791379426416.300,2782,v
P02,S2,7,up,KeyV,1791379426468.500,2782,v
P02,S2,7,down,KeyI,1791379426579.300,2783,i
P02,S2,7,down,KeyD,1791379426724.800,2784,d
P02,S2,7,down,KeyE,1791379426857.500,2785,e
P02,S2,7,up,KeyD,1791379426896.200,2784,d
P02,S2,7,down,KeyD,1791379426992.000,2786,d
P02,S2,7,up,KeyD,1791379427163.600,2786,d
P02,S2,7,down,Period,1791379432446.100,2787,.
P02,S2,7,up,Period,1791379432582.600,2787,.
P02,S2,7,down,Space,1791379432674.900,2788, 
P02,S2,7,up,Space,1791379432779.000,2788, 
P02,S2,7,down,ShiftLeft,1791379434767.300,2789,Shift
P02,S2,7,down,KeyI,1791379435929.800,2790,I
P02,S2,7,up,ShiftLeft,1791379436025.000,2789,Shift
P02,S2,7,down,Space,1791379436063.800,2791, 
P02,S2,7,up,Space,1791379436219.700,2791, 
P02,S2,7,down,KeyA,1791379436256.600,2792,a
P02,S2,7,up,KeyA,1791379436395.200,2792,a
P02,S2,7,up,KeyM,1791379436517.900,2793,m
P02,S2,7,up,Space,1791379436601.900,2794, 
P02,S2,7,down,KeyG,1791379436733.800,2795,g
P02,S2,7,up,KeyG,1791379436831.300,2795,g
P02,S2,7,down,KeyL,1791379436868.400,2796,l
P02,S2,7,down,KeyA,1791379436966.400,2797,a
P02,S2,7,up,KeyA,1791379437093.000,2797,a
P02,S2,7,down,KeyD,1791379437257.400,2798,d
P02,S2,7,up,KeyD,1791379437376.100,2798,d
P02,S2,7,down,Backspace,1791379437818.500,2799,Backspace
P02,S2,7,up,Backspace,1791379438197.600,2799,Backspace
P02,S2,7,down,Backspace,1791379438467.200,2800,Backspace
P02,S2,7,up,Backspace,1791379438570.400,2800,Backspace
P02,S2,7,down,Backspace,1791379438666.000,2801,Backspace
P02,S2,7,up,Backspace,1791379438762.100,2801,Backspace
P02,S2,7,down,Backspace,1791379438839.300,2802,Backspace
P02,S2,7,up,Backspace,1791379438968.600,2802,Backspace
P02,S2,7,down,KeyH,1791379439338.200,2803,h
P02,S2,7,down,KeyA,1791379439446.000,2804,a
P02,S2,7,down,KeyP,1791379439579.000,2805,p
P02,S2,7,up,KeyP,1791379439643.700,2805,p
P02,S2,7,down,KeyP,1791379439742.400,2806,p
P02,S2,7,down,KeyY,1791379439831.300,2807,y
P02,S2,7,down,Space,1791379439978.700,2808, 
P02,S2,7,up,Space,1791379440074.600,2808, 
P02,S2,7,down,KeyF,1791379440309.300,2809,f
P02,S2,7,down,KeyO,1791379440420.900,2810,o
P02,S2,7,up,KeyO,1791379440552.700,2810,o
P02,S2,7,down,Space,1791379440592.700,2812, 
P02,S2,7,up,Space,1791379440704.500,2812, 
P02,S2,7,down,KeyY,1791379440913.600,2813,y
P02,S2,7,up,KeyY,1791379441022.400,2813,y
P02,S2,7,up,KeyO,1791379441115.800,2814,o
P02,S2,7,down,KeyU,1791379441239.900,2815,u
P02,S2,7,up,KeyU,1791379441352.400,2815,u
P02,S2,7,up,Space,1791379441478.800,2816, 
P02,S2,7,down,Backspace,1791379441827.300,2817,Backspace
P02,S2,7,up,Backspace,1791379441929.500,2817,Backspace
P02,S2,7,down,Period,1791379442364.100,2818,.
P02,S2,7,up,Period,1791379442461.300,2818,.
P02,S2,7,up,Space,1791379442556.200,2819, 
P02,S2,7,down,ShiftLeft,1791379443280.300,2820,Shift
P02,S2,7,down,KeyD,1791379443768.800,2821,D
P02,S2,7,up,ShiftLeft,1791379443815.100,2820,Shift
P02,S2,7,down,KeyO,1791379443909.200,2822,o
P02,S2,7,up,KeyO,1791379444088.400,2822,o
P02,S2,7,up,Space,1791379444140.100,2823, 
P02,S2,7,down,KeyY,1791379444297.500,2824,y
P02,S2,7,up,KeyY,1791379444342.100,2824,y
P02,S2,7,down,KeyO,1791379444476.900,2825,o
P02,S2,7,up,KeyO,1791379444570.700,2825,o
P02,S2,7,down,KeyU,1791379444662.700,2826,u
P02,S2,7,up,KeyU,1791379444761.600,2826,u
P02,S2,7,up,Space,1791379444861.900,2827, 
P02,S2,7,down,KeyH,1791379444934.100,2828,h
P02,S2,7,down,KeyA,1791379445079.300,2829,a
P02,S2,7,down,KeyV,1791379445165.400,2830,v
P02,S2,7,down,KeyE,1791379445302.800,2831,e
P02,S2,7,up,KeyE,1791379445409.800,2831,e
P02,S2,7,up,Space,1791379445506.500,2832, 
P02,S2,7,down,KeyN,1791379445607.600,2834,n
P02,S2,7,up,KeyN,1791379445727.200,2834,n
P02,S2,7,up,KeyY,1791379445871.400,2836,y
P02,S2,7,down,KeyT,1791379445961.600,2837,t
P02,S2,7,up,KeyH,1791379446129.400,2838,h
P02,S2,7,down,Backspace,1791379446401.600,2839,Backspace
P02,S2,7,up,Backspace,1791379446452.900,2839,Backspace
P02,S2,7,down,Backspace,1791379446558.800,2840,Backspace
P02,S2,7,up,Backspace,1791379446644.900,2840,Backspace
P02,S2,7,down,Backspace,1791379446733.600,2841,Backspace
P02,S2,7,up,Backspace,1791379446828.700,2841,Backspace
P02,S2,7,down,Equal,1791379447197.600,2842,=
P02,S2,7,up,Equal,1791379447301.100,2842,=
P02,S2,7,down,KeyU,1791379447509.400,2843,u
P02,S2,7,up,KeyU,1791379447553.000,2844,u
P02,S2,7,down,Backspace,1791379447969.300,2845,Backspace
P02,S2,7,up,Backspace,1791379448069.600,2845,Backspace
P02,S2,7,down,Backspace,1791379448119.000,2846,Backspace
P02,S2,7,up,Backspace,1791379448206.000,2846,Backspace
P02,S2,7,down,Backspace,1791379448337.800,2847,Backspace
P02,S2,7,up,Backspace,1791379448376.400,2847,Backspace
P02,S2,7,down,Backspace,1791379448463.300,2848,Backspace
P02,S2,7,up,Backspace,1791379448568.800,2848,Backspace
P02,S2,7,down,KeyY,1791379449398.700,2849,y
P02,S2,7,down,KeyT,1791379449504.200,2850,t
P02,S2,7,down,KeyH,1791379449635.100,2851,h
P02,S2,7,up,KeyH,1791379449734.000,2851,h
P02,S2,7,down,KeyI,1791379450229.900,2852,i
P02,S2,7,up,KeyI,1791379450326.600,2852,i
P02,S2,7,down,KeyN,1791379450424.300,2853,n
P02,S2,7,up,KeyN,1791379450523.100,2853,n
P02,S2,7,up,KeyG,1791379450624.300,2854,g
P02,S2,7,up,Space,1791379450714.900,2855, 
P02,S2,7,down,KeyY,1791379450914.500,2856,y
P02,S2,7,up,KeyY,1791379451012.400,2856,y
P02,S2,7,down,KeyO,1791379451108.500,2857,o
P02,S2,7,up,KeyO,1791379451206.000,2857,o
P02,S2,7,down,KeyU,1791379451260.800,2858,u
P02,S2,7,down,Space,1791379451390.000,2859, 
P02,S2,7,up,Space,1791379451486.200,2859, 
P02,S2,7,down,KeyW,1791379451556.700,2860,w
P02,S2,7,up,KeyW,1791379451716.400,2860,w
P02,S2,7,up,KeyA,1791379451871.000,2861,a
P02,S2,7,down,KeyN,1791379452152.600,2862,n
P02,S2,7,up,KeyN,1791379452205.200,2862,n
P02,S2,7,down,KeyT,1791379452278.200,2863,t
P02,S2,7,up,KeyT,1791379452433.400,2863,t
P02,S2,7,up,Space,1791379452487.800,2864, 
P02,S2,7,up,KeyT,1791379452593.800,2865,t
P02,S2,7,down,Space,1791379452687.800,2867, 
P02,S2,7,down,KeyS,1791379452812.600,2868,s
P02,S2,7,up,KeyS,1791379452921.200,2868,s
P02,S2,7,down,KeyA,1791379453023.300,2869,a
P02,S2,7,up,KeyA,1791379453132.400,2869,a
P02,S2,7,down,KeyY,1791379453198.700,2870,y
P02,S2,7,up,KeyY,1791379453300.300,2870,y
P02,S2,7,down,Space,1791379453370.100,2871, 
P02,S2,7,down,KeyB,1791379453517.900,2872,b
P02,S2,7,down,KeyE,1791379453605.200,2873,e
P02,S2,7,down,KeyF,1791379453777.500,2874,f
P02,S2,7,up,KeyF,1791379453903.700,2874,f
P02,S2,7,down,KeyO,1791379454071.000,2875,o
P02,S2,7,up,KeyO,1791379454197.400,2875,o
P02,S2,7,up,KeyR,1791379454340.100,2876,r
P02,S2,7,up,KeyE,1791379454475.400,2877,e
P02,S2,7,up,Space,1791379454560.000,2878, 
P02,S2,7,down,ShiftLeft,1791379454685.900,2879,Shift
P02,S2,7,down,KeyI,1791379454781.100,2880,I
P02,S2,7,down,Space,1791379454881.500,2881, 
P02,S2,7,up,Space,1791379454939.900,2881, 
P02,S2,7,down,KeyL,1791379455052.900,2882,l
P02,S2,7,up,KeyL,1791379455141.600,2882,l
P02,S2,7,down,KeyA,1791379455249.000,2884,a
P02,S2,7,up,KeyA,1791379455375.800,2884,a
P02,S2,7,down,KeyV,1791379455571.600,2885,v
P02,S2,7,down,KeyE,1791379455669.500,2886,e
P02,S2,7,up,KeyE,1791379455815.600,2886,e
P02,S2,7,up,Space,1791379455866.700,2887, 
P02,S2,7,down,KeyO,1791379456022.800,2888,o
P02,S2,7,down,KeyR,1791379456116.000,2889,r
P02,S2,7,up,Space,1791379456247.300,2890, 
P02,S2,7,down,KeyI,1791379456393.300,2892,i
P02,S2,7,up,KeyI,1791379456475.600,2892,i
P02,S2,7,down,KeyL,1791379456624.900,2893,l
P02,S2,7,up,KeyL,1791379456670.000,2893,l
P02,S2,7,up,KeyL,1791379456809.600,2894,l
P02,S2,7,up,Space,1791379456940.500,2895, 
P02,S2,7,down,KeyW,1791379457023.300,2896,w
P02,S2,7,up,KeyW,1791379457157.600,2896,w
P02,S2,7,up,KeyE,1791379457299.600,2897,e
P02,S2,7,up,Space,1791379457351.000,2898, 
P02,S2,7,down,KeyD,1791379457464.600,2899,d
P02,S2,7,up,KeyD,1791379457597.000,2899,d
P02,S2,7,down,Backspace,1791379457965.300,2900,Backspace
P02,S2,7,up,Backspace,1791379458066.900,2900,Backspace
P02,S2,7,down,KeyS,1791379458215.600,2901,s
P02,S2,7,up,KeyS,1791379458355.800,2901,s
P02,S2,7,down,KeyY,1791379458496.800,2903,y
P02,S2,7,down,Space,1791379458638.500,2904, 
P02,S2,7,up,Space,1791379458778.300,2904, 
P02,S2,7,down,KeyG,1791379458939.900,2905,g
P02,S2,7,down,KeyO,1791379459055.200,2906,o
P02,S2,7,up,KeyO,1791379459146.900,2906,o
P02,S2,7,down,KeyO,1791379459219.000,2907,o
P02,S2,7,up,KeyO,1791379459315.300,2907,o
P02,S2,7,down,KeyD,1791379459509.600,2908,d
P02,S2,7,up,KeyD,1791379459608.200,2908,d
P02,S2,7,down,KeyB,1791379459742.300,2909,b
P02,S2,7,up,KeyB,1791379459839.900,2909,b
P02,S2,7,down,KeyY,1791379459946.800,2910,y
P02,S2,7,up,KeyY,1791379460046.300,2910,y
P02,S2,7,down,KeyE,1791379460085.900,2911,e
P02,S2,7,up,KeyE,1791379460186.300,2911,e
P02,S2,7,down,Space,1791379464454.700,2912, 
P02,S2,7,up,Space,1791379464515.900,2912, 
P02,S2,7,down,KeyO,1791379464647.200,2913,o
P02,S2,7,down,KeyR,1791379464769.000,2914,r
P02,S2,7,down,Space,1791379464861.700,2915, 
P02,S2,7,down,KeyA,1791379465036.800,2916,a
P02,S2,7,up,KeyA,1791379465124.100,2916,a
P02,S2,7,down,KeyD,1791379465209.000,2917,d
P02,S2,7,up,KeyD,1791379465341.700,2917,d
P02,S2,7,down,KeyD,1791379465386.800,2918,d
P02,S2,7,up,KeyD,1791379465526.900,2918,d
P02,S2,7,down,Enter,1791379465565.000,2919,Enter
P02,S2,8,up,Enter,1791379465693.800,2919,Enter