participant_id,session_id,sample_id,event,key_code,timestamp_ms,press_id,key
Po2,S1,0,down,ShiftLeft,1791208154574.900,1,Shift
Po2,S1,0,down,KeyT,1791208154891.800,2,T
Po2,S1,0,up,ShiftLeft,1791208154980.900,1,Shift
Po2,S1,0,up,KeyT,1791208154990.600,2,t
Po2,S1,0,down,KeyE,1791208155125.400,3,e
Po2,S1,0,up,KeyE,1791208155232.500,3,e
Po2,S1,0,down,KeyL,1791208155347.100,4,l
Po2,S1,0,up,KeyL,1791208155388.700,4,l
Po2,S1,0,down,KeyL,1791208155517.700,5,l
Po2,S1,0,up,KeyL,1791208155575.400,5,l
Po2,S1,0,down,Backspace,1791208156305.800,6,Backspace
Po2,S1,0,up,Backspace,1791208156399.300,6,Backspace
Po2,S1,0,down,Backspace,1791208156470.300,7,Backspace
Po2,S1,0,up,Backspace,1791208156577.900,7,Backspace
Po2,S1,0,down,Backspace,1791208156626.300,8,Backspace
Po2,S1,0,up,Backspace,1791208156688.300,8,Backspace
Po2,S1,0,down,Backspace,1791208156768.100,9,Backspace
Po2,S1,0,up,Backspace,1791208156834.800,9,Backspace
Po2,S1,0,down,Backspace,1791208156911.300,10,Backspace
Po2,S1,0,up,Backspace,1791208156995.400,10,Backspace
Po2,S1,0,down,ShiftLeft,1791208157141.000,11,Shift
Po2,S1,0,down,KeyH,1791208157254.100,12,H
Po2,S1,0,up,KeyH,1791208157332.900,12,H
Po2,S1,0,up,ShiftLeft,1791208157342.600,11,Shift
Po2,S1,0,down,KeyA,1791208157455.200,13,a
Po2,S1,0,down,KeyV,1791208157539.900,14,v
Po2,S1,0,up,KeyA,1791208157566.700,13,a
Po2,S1,0,up,KeyV,1791208157619.900,14,v
Po2,S1,0,down,KeyE,1791208157666.000,15,e
Po2,S1,0,down,Space,1791208157740.400,16, 
Po2,S1,0,up,KeyE,1791208157761.300,15,e
Po2,S1,0,up,Space,1791208157841.900,16, 
Po2,S1,0,down,KeyA,1791208157977.500,17,a
Po2,S1,0,up,KeyA,1791208158084.100,17,a
Po2,S1,0,down,Space,1791208158429.000,18, 
Po2,S1,0,up,Space,1791208158525.200,18, 
Po2,S1,0,down,KeyN,1791208158640.600,19,n
Po2,S1,0,up,KeyN,1791208158711.500,19,n
Po2,S1,0,up,KeyM,1791208159121.400,22,m
Po2,S1,0,down,KeyA,1791208159134.000,23,a
Po2,S1,0,up,KeyA,1791208159244.400,23,a
Po2,S1,0,down,KeyL,1791208159253.600,24,l
Po2,S1,0,up,KeyL,1791208159384.800,24,l
Po2,S1,0,up,Space,1791208159486.000,25, 
Po2,S1,0,down,KeyC,1791208159775.000,26,c
Po2,S1,0,up,KeyC,1791208159866.100,26,c
Po2,S1,0,down,KeyO,1791208159878.200,27,o
Po2,S1,0,up,KeyO,1791208159928.800,27,o
Po2,S1,0,down,KeyN,1791208160045.600,28,n
Po2,S1,0,up,KeyN,1791208160123.100,28,n
Po2,S1,0,down,KeyV,1791208160262.000,29,v
Po2,S1,0,down,KeyR,1791208160451.200,31,r
Po2,S1,0,up,KeyE,1791208160458.800,30,e
Po2,S1,0,up,KeyR,1791208160531.400,31,r
Po2,S1,0,down,KeyS,1791208160604.600,32,s
Po2,S1,0,up,KeyS,1791208160702.600,32,s
Po2,S1,0,down,KeyA,1791208160812.100,33,a
Po2,S1,0,up,KeyA,1791208160895.800,33,a
Po2,S1,0,down,KeyT,1791208161002.100,34,t
Po2,S1,0,up,KeyT,1791208161098.900,34,t
Po2,S1,0,down,KeyI,1791208161108.600,35,i
Po2,S1,0,down,KeyO,1791208161206.300,36,o
Po2,S1,0,up,KeyI,1791208161227.200,35,i
Po2,S1,0,up,KeyO,1791208161290.800,36,o
Po2,S1,0,down,KeyN,1791208161388.400,37,n
Po2,S1,0,up,KeyN,1791208161492.500,37,n
Po2,S1,0,down,Space,1791208161503.200,38, 
Po2,S1,0,up,Space,1791208161573.200,38, 
Po2,S1,0,down,KeyW,1791208161582.900,39,w
Po2,S1,0,up,KeyW,1791208161686.000,39,w
Po2,S1,0,down,KeyI,1791208161699.000,40,i
Po2,S1,0,up,KeyI,1791208161816.700,40,i
Po2,S1,0,down,KeyT,1791208161828.900,41,t
Po2,S1,0,down,KeyH,1791208161920.200,42,h
Po2,S1,0,up,KeyT,1791208161930.400,41,t
Po2,S1,0,down,Space,1791208162003.400,43, 
Po2,S1,0,up,KeyH,1791208162013.100,42,h
Po2,S1,0,up,Space,1791208162083.900,43, 
Po2,S1,0,down,KeyM,1791208162157.200,44,m
Po2,S1,0,up,KeyM,1791208162246.700,44,m
Po2,S1,0,down,KeyE,1791208162260.300,45,e
Po2,S1,0,down,Space,1791208162375.500,46, 
Po2,S1,0,up,KeyE,1791208162385.400,45,e
Po2,S1,0,up,Space,1791208162462.200,46, 
Po2,S1,0,down,KeyA,1791208162515.600,47,a
Po2,S1,0,up,KeyA,1791208162605.100,47,a
Po2,S1,0,down,KeyN,1791208162621.100,48,n
Po2,S1,0,up,KeyN,1791208162691.700,48,n
Po2,S1,0,down,KeyD,1791208162758.800,49,d
Po2,S1,0,up,KeyD,1791208162852.800,49,d
Po2,S1,0,down,Space,1791208162857.100,50, 
Po2,S1,0,up,Space,1791208162951.300,50, 
Po2,S1,0,up,KeyE,1791208163685.200,52,e
Po2,S1,0,down,KeyT,1791208163708.500,53,t
Po2,S1,0,down,Space,1791208163786.000,54, 
Po2,S1,0,up,KeyT,1791208163801.200,53,t
Po2,S1,0,up,Space,1791208163863.800,54, 
Po2,S1,0,down,KeyM,1791208163941.800,55,m
Po2,S1,0,down,KeyE,1791208164034.200,56,e
Po2,S1,0,up,KeyM,1791208164044.100,55,m
Po2,S1,0,up,KeyE,1791208164129.500,56,e
Po2,S1,0,down,Space,1791208164212.000,57, 
Po2,S1,0,up,Space,1791208164280.300,57, 
Po2,S1,0,down,KeyK,1791208164377.200,58,k
Po2,S1,0,up,KeyK,1791208164483.300,58,k
Po2,S1,0,down,KeyN,1791208164564.500,59,n
Po2,S1,0,up,KeyN,1791208164638.200,59,n
Po2,S1,0,down,KeyO,1791208164774.900,60,o
Po2,S1,0,up,KeyO,1791208164841.600,60,o
Po2,S1,0,down,Backspace,1791208165156.900,61,Backspace
Po2,S1,0,up,Backspace,1791208165867.800,61,Backspace
Po2,S1,0,down,Backspace,1791208166149.800,62,Backspace
Po2,S1,0,up,Backspace,1791208166200.500,62,Backspace
Po2,S1,0,down,Backspace,1791208166295.900,63,Backspace
Po2,S1,0,up,Backspace,1791208166378.800,63,Backspace
Po2,S1,0,down,KeyA,1791208166543.900,64,a
Po2,S1,0,down,KeyS,1791208166723.200,65,s
Po2,S1,0,up,KeyS,1791208166834.100,65,s
Po2,S1,0,down,KeyK,1791208166839.900,66,k
Po2,S1,0,up,KeyK,1791208166982.000,66,k
Po2,S1,0,up,Space,1791208167022.300,67, 
Po2,S1,0,down,KeyS,1791208167270.400,68,s
Po2,S1,0,down,KeyO,1791208167374.800,69,o
Po2,S1,0,up,KeyS,1791208167395.600,68,s
Po2,S1,0,up,KeyO,1791208167451.300,69,o
Po2,S1,0,down,KeyM,1791208167553.700,70,m
Po2,S1,0,up,KeyM,1791208167679.100,70,m
Po2,S1,0,down,KeyE,1791208167689.800,71,e
Po2,S1,0,up,KeyE,1791208167780.900,71,e
Po2,S1,0,down,Space,1791208167836.100,72, 
Po2,S1,0,up,Space,1791208167915.000,72, 
Po2,S1,0,down,KeyQ,1791208168621.900,73,q
Po2,S1,0,up,KeyQ,1791208168722.900,73,q
Po2,S1,0,down,KeyU,1791208168806.700,74,u
Po2,S1,0,up,KeyU,1791208168878.900,74,u
Po2,S1,0,down,KeyE,1791208168888.700,75,e
Po2,S1,0,down,KeyS,1791208168978.400,76,s
Po2,S1,0,up,KeyE,1791208168990.800,75,e
Po2,S1,0,up,KeyS,1791208169083.900,76,s
Po2,S1,0,down,KeyT,1791208169236.000,77,t
Po2,S1,0,down,KeyI,1791208169340.500,78,i
Po2,S1,0,up,KeyT,1791208169355.400,77,t
Po2,S1,0,down,KeyO,1791208169385.800,79,o
Po2,S1,0,up,KeyI,1791208169437.900,78,i
Po2,S1,0,up,KeyO,1791208169489.400,79,o
Po2,S1,0,down,KeyN,1791208169568.700,80,n
Po2,S1,0,up,KeyN,1791208169664.200,80,n
Po2,S1,0,down,KeyS,1791208169673.800,81,s
Po2,S1,0,up,KeyS,1791208169814.800,81,s
Po2,S1,1,up,Enter,1791208170729.400,82,Enter
Po2,S1,1,down,KeyT,1791208178126.000,83,t
Po2,S1,1,up,KeyT,1791208178201.400,83,t
Po2,S1,1,down,KeyH,1791208178234.600,84,h
Po2,S1,1,up,KeyH,1791208178291.900,84,h
Po2,S1,1,down,KeyE,1791208178309.900,85,e
Po2,S1,1,down,Space,1791208178371.600,86, 
Po2,S1,1,up,KeyE,1791208178406.200,85,e
Po2,S1,1,up,Space,1791208178472.700,86, 
Po2,S1,1,down,KeyW,1791208178698.500,87,w
Po2,S1,1,up,KeyW,1791208178794.000,87,w
Po2,S1,1,down,KeyE,1791208178933.800,88,e
Po2,S1,1,up,KeyE,1791208178984.800,88,e
Po2,S1,1,down,KeyE,1791208179066.500,89,e
Po2,S1,1,up,KeyE,1791208179129.300,89,e
Po2,S1,1,down,KeyK,1791208179136.000,90,k
Po2,S1,1,down,Space,1791208179242.200,91, 
Po2,S1,1,up,KeyK,1791208179267.800,90,k
Po2,S1,1,down,KeyS,1791208179302.200,92,s
Po2,S1,1,up,Space,1791208179329.300,91, 
Po2,S1,1,up,KeyS,1791208179406.500,92,s
Po2,S1,1,down,KeyA,1791208179701.500,93,a
Po2,S1,1,up,KeyA,1791208179745.900,93,a
Po2,S1,1,down,Backspace,1791208180049.100,94,Backspace
Po2,S1,1,up,Backspace,1791208180157.600,94,Backspace
Po2,S1,1,down,KeyT,1791208180176.300,95,t
Po2,S1,1,up,KeyT,1791208180253.600,95,t
Po2,S1,1,down,KeyA,1791208180346.900,96,a
Po2,S1,1,up,KeyA,1791208180449.700,96,a
Po2,S1,1,down,Backspace,1791208180562.500,97,Backspace
Po2,S1,1,up,Backspace,1791208181542.300,97,Backspace
Po2,S1,1,down,ShiftLeft,1791208181604.200,98,Shift
Po2,S1,1,down,KeyT,1791208181844.800,99,T
Po2,S1,1,up,ShiftLeft,1791208181951.100,98,Shift
Po2,S1,1,up,KeyT,1791208181961.800,99,t
Po2,S1,1,down,KeyH,1791208182059.000,100,h
Po2,S1,1,up,KeyH,1791208182121.100,100,h
Po2,S1,1,down,KeyE,1791208182130.300,101,e
Po2,S1,1,up,KeyE,1791208182240.200,101,e
Po2,S1,1,down,Space,1791208182248.600,102, 
Po2,S1,1,up,Space,1791208182340.500,102, 
Po2,S1,1,down,KeyW,1791208182490.500,103,w
Po2,S1,1,up,KeyW,1791208182573.600,103,w
Po2,S1,1,down,KeyE,1791208182706.100,104,e
Po2,S1,1,up,KeyE,1791208182776.400,104,e
Po2,S1,1,down,KeyE,1791208182852.300,105,e
Po2,S1,1,down,KeyK,1791208182925.900,106,k
Po2,S1,1,up,KeyE,1791208182955.600,105,e
Po2,S1,1,down,Space,1791208183047.800,107, 
Po2,S1,1,up,KeyK,1791208183065.800,106,k
Po2,S1,1,up,Space,1791208183121.200,107, 
Po2,S1,1,down,KeyS,1791208183330.800,108,s
Po2,S1,1,up,KeyS,1791208183438.900,108,s
Po2,S1,1,down,KeyT,1791208183557.300,109,t
Po2,S1,1,up,KeyT,1791208183639.600,109,t
Po2,S1,1,down,KeyA,1791208183739.300,110,a
Po2,S1,1,up,KeyA,1791208183837.200,110,a
Po2,S1,1,down,KeyR,1791208183967.300,111,r
Po2,S1,1,down,KeyT,1791208184079.200,112,t
Po2,S1,1,up,KeyR,1791208184099.600,111,r
Po2,S1,1,up,KeyT,1791208184218.300,112,t
Po2,S1,1,down,KeyE,1791208184319.100,113,e
Po2,S1,1,up,KeyE,1791208184381.100,113,e
Po2,S1,1,down,KeyD,1791208185443.200,114,d
Po2,S1,1,up,KeyD,1791208185561.800,114,d
Po2,S1,1,down,Space,1791208185571.500,115, 
Po2,S1,1,up,Space,1791208185671.500,115, 
Po2,S1,1,down,KeyO,1791208187607.300,116,o
Po2,S1,1,up,KeyO,1791208187722.100,116,o
Po2,S1,1,down,KeyF,1791208187812.400,117,f
Po2,S1,1,up,KeyF,1791208187914.500,117,f
Po2,S1,1,down,Space,1791208187923.700,118, 
Po2,S1,1,up,Space,1791208188008.600,118, 
Po2,S1,1,down,KeyP,1791208188465.500,119,p
Po2,S1,1,down,KeyR,1791208188583.800,120,r
Po2,S1,1,up,KeyP,1791208188600.400,119,p
Po2,S1,1,down,KeyE,1791208188624.900,121,e
Po2,S1,1,up,KeyR,1791208188692.800,120,r
Po2,S1,1,up,KeyE,1791208188747.800,121,e
Po2,S1,1,down,KeyT,1791208188842.900,122,t
Po2,S1,1,up,KeyT,1791208188932.500,122,t
Po2,S1,1,down,KeyT,1791208188992.600,123,t
Po2,S1,1,up,KeyT,1791208189098.200,123,t
Po2,S1,1,up,Space,1791208189420.200,125, 
Po2,S1,1,down,KeyN,1791208189483.000,126,n
Po2,S1,1,up,KeyN,1791208189548.800,126,n
Po2,S1,1,down,KeyO,1791208189637.400,127,o
Po2,S1,1,down,KeyR,1791208189682.100,128,r
Po2,S1,1,up,KeyO,1791208189724.700,127,o
Po2,S1,1,up,KeyR,1791208189786.100,128,r
Po2,S1,1,down,KeyM,1791208189859.400,129,m
Po2,S1,1,up,KeyM,1791208189947.400,129,m
Po2,S1,1,down,KeyA,1791208189964.900,130,a
Po2,S1,1,down,KeyL,1791208190073.300,131,l
Po2,S1,1,up,KeyA,1791208190083.700,130,a
Po2,S1,1,up,KeyL,1791208190201.900,131,l
Po2,S1,1,down,Period,1791208190536.000,132,.
Po2,S1,1,up,Period,1791208190617.600,132,.
Po2,S1,1,down,Space,1791208190712.400,133, 
Po2,S1,1,up,Space,1791208190784.100,133, 
Po2,S1,1,down,ShiftLeft,1791208190836.600,134,Shift
Po2,S1,1,down,KeyI,1791208190913.500,135,I
Po2,S1,1,up,ShiftLeft,1791208190935.200,134,Shift
Po2,S1,1,up,KeyI,1791208191009.200,135,i
Po2,S1,1,down,Space,1791208191017.900,136, 
Po2,S1,1,up,Space,1791208191091.400,136, 
Po2,S1,1,down,KeyW,1791208191100.400,137,w
Po2,S1,1,up,KeyW,1791208191197.800,137,w
Po2,S1,1,down,KeyO,1791208191224.900,138,o
Po2,S1,1,up,KeyO,1791208191297.500,138,o
Po2,S1,1,down,KeyE,1791208191462.400,139,e
Po2,S1,1,down,Space,1791208191564.700,140, 
Po2,S1,1,up,KeyE,1791208191585.700,139,e
Po2,S1,1,up,Space,1791208191647.900,140, 
Po2,S1,1,down,KeyU,1791208191720.300,141,u
Po2,S1,1,up,KeyU,1791208191787.500,141,u
Po2,S1,1,down,KeyP,1791208191870.900,142,p
Po2,S1,1,down,Space,1791208191983.500,143, 
Po2,S1,1,up,KeyP,1791208191997.300,142,p
Po2,S1,1,up,Space,1791208192074.000,143, 
Po2,S1,1,down,KeyL,1791208192134.300,144,l
Po2,S1,1,up,KeyL,1791208192291.900,144,l
Po2,S1,1,down,KeyT,1791208192442.800,146,t
Po2,S1,1,up,KeyT,1791208192494.500,146,t
Po2,S1,1,down,KeyE,1791208192593.300,147,e
Po2,S1,1,down,Space,1791208192709.400,148, 
Po2,S1,1,up,KeyE,1791208192720.300,147,e
Po2,S1,1,up,Space,1791208192819.000,148, 
Po2,S1,1,down,KeyB,1791208193162.600,149,b
Po2,S1,1,down,KeyE,1791208193211.800,150,e
Po2,S1,1,up,KeyB,1791208193232.000,149,b
Po2,S1,1,up,KeyE,1791208193310.000,150,e
Po2,S1,1,down,KeyC,1791208193420.200,151,c
Po2,S1,1,up,KeyC,1791208193534.800,151,c
Po2,S1,1,down,KeyA,1791208193619.300,152,a
Po2,S1,1,up,KeyA,1791208193698.000,152,a
Po2,S1,1,down,KeyU,1791208193752.300,153,u
Po2,S1,1,up,KeyU,1791208193858.100,153,u
Po2,S1,1,down,KeyS,1791208193867.700,154,s
Po2,S1,1,down,KeyE,1791208193977.400,155,e
Po2,S1,1,up,KeyS,1791208194015.600,154,s
Po2,S1,1,up,KeyE,1791208194135.000,155,e
Po2,S1,1,down,Space,1791208194169.900,156, 
Po2,S1,1,up,Space,1791208194262.800,156, 
Po2,S1,1,down,ShiftLeft,1791208194453.300,157,Shift
Po2,S1,1,down,KeyI,1791208194538.000,158,I
Po2,S1,1,up,ShiftLeft,1791208194615.800,157,Shift
Po2,S1,1,up,KeyI,1791208194664.100,158,i
Po2,S1,1,down,Space,1791208194698.100,159, 
Po2,S1,1,up,Space,1791208194775.500,159, 
Po2,S1,1,down,KeyH,1791208195222.600,160,h
Po2,S1,1,up,KeyH,1791208195329.100,160,h
Po2,S1,1,down,KeyA,1791208195344.600,161,a
Po2,S1,1,up,KeyA,1791208195420.800,161,a
Po2,S1,1,down,KeyD,1791208195544.800,162,d
Po2,S1,1,down,Space,1791208195668.900,163, 
Po2,S1,1,up,KeyD,1791208195679.100,162,d
Po2,S1,1,up,Space,1791208195764.900,163, 
Po2,S1,1,down,KeyA,1791208195787.700,164,a
Po2,S1,1,up,KeyA,1791208195875.800,164,a
Po2,S1,1,down,Space,1791208195884.000,165, 
Po2,S1,1,up,Space,1791208195954.700,165, 
Po2,S1,1,down,KeyL,1791208196072.900,166,l
Po2,S1,1,up,KeyL,1791208196136.000,166,l
Po2,S1,1,down,KeyO,1791208196236.000,167,o
Po2,S1,1,up,KeyO,1791208196297.300,167,o
Po2,S1,1,down,KeyN,1791208196406.800,168,n
Po2,S1,1,up,KeyN,1791208196490.000,168,n
Po2,S1,1,down,KeyG,1791208196499.100,169,g
Po2,S1,1,down,Space,1791208196548.500,170, 
Po2,S1,1,up,KeyG,1791208196579.000,169,g
Po2,S1,1,up,Space,1791208196634.600,170, 
Po2,S1,1,down,KeyI,1791208196985.000,172,i
Po2,S1,1,up,KeyI,1791208197013.000,172,i
Po2,S1,1,down,KeyG,1791208197053.100,173,g
Po2,S1,1,up,KeyG,1791208197146.200,173,g
Po2,S1,1,down,KeyH,1791208197153.000,174,h
Po2,S1,1,up,KeyH,1791208197232.200,174,h
Po2,S1,1,down,KeyT,1791208197250.700,175,t
Po2,S1,1,up,KeyT,1791208197386.900,175,t
Po2,S1,1,down,Space,1791208197501.200,176, 
Po2,S1,1,up,Space,1791208197610.100,176, 
Po2,S1,1,down,KeyB,1791208197814.700,177,b
Po2,S1,1,up,KeyB,1791208197890.500,177,b
Po2,S1,1,down,KeyU,1791208197992.700,178,u
Po2,S1,1,up,KeyU,1791208198091.300,178,u
Po2,S1,1,down,KeyT,1791208198096.100,179,t
Po2,S1,1,down,Space,1791208198176.800,180, 
Po2,S1,1,up,KeyT,1791208198204.500,179,t
Po2,S1,1,up,KeyO,1791208198507.600,181,o
Po2,S1,1,down,KeyN,1791208198531.000,182,n
Po2,S1,1,up,KeyN,1791208198621.800,182,n
Po2,S1,1,down,KeyC,1791208198738.800,183,c
Po2,S1,1,up,KeyC,1791208198807.400,183,c
Po2,S1,1,down,KeyE,1791208198851.600,184,e
Po2,S1,1,down,Space,1791208198958.300,185, 
Po2,S1,1,up,KeyE,1791208198974.100,184,e
Po2,S1,1,up,Space,1791208199039.900,185, 
Po2,S1,1,down,CapsLock,1791208199169.800,186,CapsLock
Po2,S1,1,down,KeyI,1791208199185.900,187,I
Po2,S1,1,up,CapsLock,1791208199221.700,186,CapsLock
Po2,S1,1,down,Space,1791208199285.500,188, 
Po2,S1,1,up,KeyI,1791208199303.600,187,I
Po2,S1,1,up,Space,1791208199323.500,188, 
Po2,S1,1,down,Backspace,1791208199619.400,189,Backspace
Po2,S1,1,up,Backspace,1791208199679.600,189,Backspace
Po2,S1,1,down,CapsLock,1791208200068.900,190,CapsLock
Po2,S1,1,up,CapsLock,1791208200158.300,190,CapsLock
Po2,S1,1,down,Space,1791208200628.800,191, 
Po2,S1,1,up,Space,1791208200721.500,191, 
Po2,S1,1,down,KeyW,1791208200919.300,192,w
Po2,S1,1,up,KeyW,1791208201002.300,192,w
Po2,S1,1,down,KeyA,1791208201088.100,193,a
Po2,S1,1,down,KeyS,1791208201164.900,194,s
Po2,S1,1,up,KeyA,1791208201225.500,193,a
Po2,S1,1,up,KeyS,1791208201295.500,194,s
Po2,S1,1,down,Space,1791208201313.800,195, 
Po2,S1,1,up,Space,1791208201386.900,195, 
Po2,S1,1,down,KeyU,1791208201609.700,196,u
Po2,S1,1,up,KeyU,1791208201668.900,196,u
Po2,S1,1,down,KeyP,1791208201781.500,197,p
Po2,S1,1,up,KeyP,1791208201894.800,197,p
Po2,S1,1,down,Space,1791208201923.200,198, 
Po2,S1,1,up,Space,1791208202045.200,198, 
Po2,S1,1,down,KeyI,1791208202300.300,199,i
Po2,S1,1,up,KeyI,1791208202377.300,199,i
Po2,S1,1,down,KeyT,1791208202426.500,200,t
Po2,S1,1,up,KeyT,1791208202497.600,200,t
Po2,S1,1,down,Space,1791208202508.300,201, 
Po2,S1,1,up,Space,1791208202580.200,201, 
Po2,S1,1,down,KeyW,1791208202668.200,202,w
Po2,S1,1,up,KeyW,1791208202776.700,202,w
Po2,S1,1,down,KeyA,1791208202857.900,203,a
Po2,S1,1,up,KeyA,1791208203047.600,203,a
Po2,S1,1,up,KeyS,1791208203067.200,204,s
Po2,S1,1,down,Space,1791208203103.500,205, 
Po2,S1,1,up,Space,1791208203160.000,205, 
Po2,S1,1,down,KeyC,1791208203183.900,206,c
Po2,S1,1,up,KeyC,1791208203312.300,206,c
Po2,S1,1,down,KeyL,1791208203348.700,207,l
Po2,S1,1,down,KeyE,1791208203404.000,208,e
Po2,S1,1,up,KeyL,1791208203415.700,207,l
Po2,S1,1,up,KeyE,1791208203513.100,208,e
Po2,S1,1,down,KeyA,1791208203534.900,209,a
Po2,S1,1,up,KeyA,1791208203673.100,209,a
Po2,S1,1,down,KeyR,1791208203693.500,210,r
Po2,S1,1,up,KeyR,1791208203810.400,210,r
Po2,S1,1,down,Space,1791208203858.000,211, 
Po2,S1,1,up,Space,1791208203930.500,211, 
Po2,S1,1,down,KeyI,1791208204036.600,212,i
Po2,S1,1,down,KeyT,1791208204111.300,213,t
Po2,S1,1,up,KeyI,1791208204140.300,212,i
Po2,S1,1,down,Space,1791208204188.300,214, 
Po2,S1,1,up,KeyT,1791208204197.200,213,t
Po2,S1,1,up,Space,1791208204294.500,214, 
Po2,S1,1,down,KeyW,1791208204341.000,215,w
Po2,S1,1,up,KeyW,1791208204428.500,215,w
Po2,S1,1,down,KeyA,1791208204573.700,216,a
Po2,S1,1,up,KeyA,1791208204644.200,216,a
Po2,S1,1,down,KeyS,1791208204742.400,217,s
Po2,S1,1,up,KeyS,1791208204849.500,217,s
Po2,S1,1,down,Space,1791208204894.500,218, 
Po2,S1,1,up,Space,1791208204974.800,218, 
Po2,S1,1,down,KeyG,1791208204985.200,219,g
Po2,S1,1,up,KeyG,1791208205063.100,219,g
Po2,S1,1,down,KeyO,1791208205072.400,220,o
Po2,S1,1,up,KeyO,1791208205151.300,220,o
Po2,S1,1,down,KeyI,1791208205264.800,221,i
Po2,S1,1,up,KeyI,1791208205290.500,221,i
Po2,S1,1,down,KeyN,1791208205492.900,222,n
Po2,S1,1,up,KeyN,1791208205603.700,222,n
Po2,S1,1,down,KeyG,1791208205633.200,223,g
Po2,S1,1,up,KeyG,1791208205720.900,223,g
Po2,S1,1,down,Space,1791208205740.800,224, 
Po2,S1,1,up,Space,1791208205824.900,224, 
Po2,S1,1,down,KeyT,1791208205859.200,225,t
Po2,S1,1,down,KeyO,1791208205934.300,226,o
Po2,S1,1,up,KeyT,1791208205967.700,225,t
Po2,S1,1,down,Space,1791208206045.400,227, 
Po2,S1,1,up,KeyO,1791208206056.700,226,o
Po2,S1,1,up,Space,1791208206132.200,227, 
Po2,S1,1,down,KeyB,1791208206268.200,228,b
Po2,S1,1,up,KeyB,1791208206343.900,228,b
Po2,S1,1,down,KeyE,1791208206374.200,229,e
Po2,S1,1,up,KeyE,1791208206485.100,229,e
Po2,S1,1,down,Space,1791208206496.100,230, 
Po2,S1,1,up,Space,1791208206598.000,230, 
Po2,S1,1,down,KeyA,1791208206671.700,231,a
Po2,S1,1,up,KeyA,1791208206799.700,231,a
Po2,S1,1,down,Space,1791208206811.600,232, 
Po2,S1,1,up,Space,1791208206910.700,232, 
Po2,S1,1,down,KeyN,1791208206998.500,233,n
Po2,S1,1,up,KeyN,1791208207075.200,233,n
Po2,S1,1,down,KeyO,1791208207180.600,234,o
Po2,S1,1,up,KeyO,1791208207236.000,234,o
Po2,S1,1,up,KeyR,1791208207611.100,235,r
Po2,S1,1,down,Backspace,1791208208092.600,236,Backspace
Po2,S1,1,up,Backspace,1791208208160.800,236,Backspace
Po2,S1,1,down,Backspace,1791208208248.600,237,Backspace
Po2,S1,1,up,Backspace,1791208208322.100,237,Backspace
Po2,S1,1,down,KeyI,1791208208685.000,238,i
Po2,S1,1,up,KeyI,1791208208768.900,238,i
Po2,S1,1,down,KeyC,1791208208854.900,239,c
Po2,S1,1,up,KeyC,1791208208985.700,239,c
Po2,S1,1,up,KeyE,1791208209140.100,240,e
Po2,S1,1,up,Space,1791208209172.600,241, 
Po2,S1,1,down,KeyW,1791208209241.600,242,w
Po2,S1,1,up,KeyW,1791208209338.200,242,w
Po2,S1,1,down,KeyE,1791208209464.600,243,e
Po2,S1,1,up,KeyE,1791208209519.500,243,e
Po2,S1,1,down,KeyE,1791208209604.300,244,e
Po2,S1,1,down,KeyK,1791208209703.100,245,k
Po2,S1,1,up,KeyE,1791208209715.000,244,e
Po2,S1,1,up,KeyK,1791208209768.500,245,k
Po2,S1,1,down,Period,1791208209964.400,246,.
Po2,S1,1,up,Period,1791208210075.500,246,.
Po2,S1,1,down,Space,1791208210187.100,247, 
Po2,S1,1,up,Space,1791208210272.000,247, 
Po2,S1,1,down,ShiftLeft,1791208210552.100,248,Shift
Po2,S1,1,down,KeyC,1791208211270.000,249,C
Po2,S1,1,up,KeyC,1791208211387.300,249,C
Po2,S1,1,up,ShiftLeft,1791208211398.900,248,Shift
Po2,S1,1,down,KeyU,1791208211465.000,250,u
Po2,S1,1,up,KeyU,1791208211561.600,250,u
Po2,S1,1,down,KeyR,1791208211606.100,251,r
Po2,S1,1,up,KeyR,1791208211674.100,251,r
Po2,S1,1,down,KeyR,1791208211742.400,252,r
Po2,S1,1,up,KeyR,1791208211819.200,252,r
Po2,S1,1,down,KeyE,1791208211863.900,253,e
Po2,S1,1,down,KeyN,1791208211979.000,254,n
Po2,S1,1,up,KeyE,1791208211989.700,253,e
Po2,S1,1,down,KeyT,1791208212112.100,255,t
Po2,S1,1,down,KeyL,1791208212187.400,256,l
Po2,S1,1,up,KeyT,1791208212208.600,255,t
Po2,S1,1,up,KeyL,1791208212297.100,256,l
Po2,S1,1,down,KeyY,1791208212307.300,257,y
Po2,S1,1,up,KeyY,1791208212388.400,257,y
Po2,S1,1,down,Space,1791208212434.600,258, 
Po2,S1,1,up,Space,1791208212501.500,258, 
Po2,S1,1,down,KeyI,1791208212588.700,259,i
Po2,S1,1,up,KeyI,1791208212670.000,259,i
Po2,S1,1,down,KeyN,1791208212773.200,260,n
Po2,S1,1,up,KeyN,1791208212882.600,260,n
Po2,S1,1,down,Space,1791208212891.300,261, 
Po2,S1,1,up,Space,1791208212948.100,261, 
Po2,S1,1,down,KeyA,1791208213038.000,262,a
Po2,S1,1,up,KeyA,1791208213129.500,262,a
Po2,S1,1,down,Space,1791208213169.800,263, 
Po2,S1,1,up,Space,1791208213317.900,263, 
Po2,S1,1,up,KeyE,1791208213730.100,265,e
Po2,S1,1,down,KeyC,1791208213849.400,266,c
Po2,S1,1,up,KeyC,1791208214011.600,266,c
Po2,S1,1,down,KeyT,1791208214237.100,267,t
Po2,S1,1,up,KeyT,1791208214346.600,267,t
Po2,S1,1,down,KeyU,1791208214391.100,268,u
Po2,S1,1,up,KeyU,1791208214490.600,268,u
Po2,S1,1,down,KeyR,1791208214500.800,269,r
Po2,S1,1,down,KeyE,1791208214539.900,270,e
Po2,S1,1,up,KeyR,1791208214627.700,269,r
Po2,S1,1,down,Space,1791208214674.100,271, 
Po2,S1,1,up,KeyE,1791208214685.600,270,e
Po2,S1,1,up,Space,1791208214793.000,271, 
Po2,S1,1,down,KeyS,1791208214874.300,272,s
Po2,S1,1,down,KeyO,1791208214978.400,273,o
Po2,S1,1,up,KeyS,1791208215011.500,272,s
Po2,S1,1,up,Space,1791208215220.400,274, 
Po2,S1,1,down,ShiftLeft,1791208215321.300,275,Shift
Po2,S1,1,down,KeyI,1791208215429.500,276,I
Po2,S1,1,up,ShiftLeft,1791208215453.900,275,Shift
Po2,S1,1,up,KeyI,1791208215564.400,276,i
Po2,S1,1,down,Backspace,1791208216196.300,277,Backspace
Po2,S1,1,up,Backspace,1791208216332.400,277,Backspace
Po2,S1,1,down,KeyT,1791208216627.200,278,t
Po2,S1,1,up,KeyT,1791208216714.100,278,t
Po2,S1,1,down,KeyH,1791208216748.700,279,h
Po2,S1,1,up,KeyH,1791208216844.300,279,h
Po2,S1,1,down,KeyA,1791208216874.700,280,a
Po2,S1,1,up,KeyA,1791208216985.700,280,a
Po2,S1,1,down,KeyT,1791208217172.600,281,t
Po2,S1,1,up,KeyT,1791208217268.700,281,t
Po2,S1,1,down,KeyS,1791208217398.400,282,s
Po2,S1,1,up,KeyS,1791208217527.800,282,s
Po2,S1,1,down,Space,1791208217605.200,283, 
Po2,S1,1,up,Space,1791208217711.900,283, 
Po2,S1,1,up,KeyO,1791208218278.100,285,o
Po2,S1,1,down,KeyM,1791208218327.300,286,m
Po2,S1,1,down,KeyE,1791208218371.400,287,e
Po2,S1,1,up,KeyM,1791208218417.300,286,m
Po2,S1,1,up,KeyE,1791208218479.000,287,e
Po2,S1,1,down,KeyT,1791208218549.800,288,t
Po2,S1,1,down,KeyH,1791208218639.400,289,h
Po2,S1,1,up,KeyT,1791208218651.500,288,t
Po2,S1,1,up,KeyH,1791208218676.500,289,h
Po2,S1,1,down,KeyI,1791208218780.900,290,i
Po2,S1,1,up,KeyI,1791208218872.900,290,i
Po2,S1,1,down,KeyN,1791208218976.400,291,n
Po2,S1,1,up,KeyN,1791208219064.800,291,n
Po2,S1,1,down,KeyG,1791208219095.200,292,g
Po2,S1,1,up,KeyG,1791208219222.500,292,g
Po2,S1,1,down,Period,1791208219783.100,293,.
Po2,S1,1,up,Period,1791208219849.300,293,.
Po2,S1,2,up,Enter,1791208219995.700,294,Enter
Po2,S1,2,down,ShiftLeft,1791208226487.800,295,Shift
Po2,S1,2,down,KeyI,1791208226603.900,296,I
Po2,S1,2,up,ShiftLeft,1791208226654.700,295,Shift
Po2,S1,2,up,KeyI,1791208226716.200,296,i
Po2,S1,2,down,Space,1791208226764.600,297, 
Po2,S1,2,down,KeyW,1791208226876.000,298,w
Po2,S1,2,up,Space,1791208226891.900,297, 
Po2,S1,2,up,KeyW,1791208226962.600,298,w
Po2,S1,2,down,KeyS,1791208227110.600,300,s
Po2,S1,2,up,KeyA,1791208227181.000,299,a
Po2,S1,2,up,KeyS,1791208227244.900,300,s
Po2,S1,2,down,Space,1791208227300.200,301, 
Po2,S1,2,up,Space,1791208227385.500,301, 
Po2,S1,2,down,KeyM,1791208227479.000,302,m
Po2,S1,2,up,KeyM,1791208227564.300,302,m
Po2,S1,2,down,KeyE,1791208227573.900,303,e
Po2,S1,2,up,KeyE,1791208227675.400,303,e
Po2,S1,2,down,KeyS,1791208228078.100,304,s
Po2,S1,2,up,KeyS,1791208228184.600,304,s
Po2,S1,2,down,KeyS,1791208228204.000,305,s
Po2,S1,2,up,KeyS,1791208228294.600,305,s
Po2,S1,2,down,KeyI,1791208228611.500,306,i
Po2,S1,2,up,KeyI,1791208228676.100,306,i
Po2,S1,2,down,KeyN,1791208228790.900,307,n
Po2,S1,2,down,KeyG,1791208228893.000,308,g
Po2,S1,2,up,KeyN,1791208228906.200,307,n
Po2,S1,2,up,KeyG,1791208228995.900,308,g
Po2,S1,2,down,Space,1791208229018.100,309, 
Po2,S1,2,up,Space,1791208229111.000,309, 
Po2,S1,2,down,KeyA,1791208229184.500,310,a
Po2,S1,2,up,KeyA,1791208229305.000,310,a
Po2,S1,2,down,KeyR,1791208229366.000,311,r
Po2,S1,2,up,KeyR,1791208229454.700,311,r
Po2,S1,2,down,KeyO,1791208229464.700,312,o
Po2,S1,2,up,KeyO,1791208229563.900,312,o
Po2,S1,2,down,KeyU,1791208229653.800,313,u
Po2,S1,2,up,KeyU,1791208229730.200,313,u
Po2,S1,2,down,KeyN,1791208229835.300,314,n
Po2,S1,2,up,KeyN,1791208229936.900,314,n
Po2,S1,2,down,KeyD,1791208229947.700,315,d
Po2,S1,2,up,KeyD,1791208230008.000,315,d
Po2,S1,2,down,Space,1791208230020.000,316, 
Po2,S1,2,up,Space,1791208230101.900,316, 
Po2,S1,2,down,KeyW,1791208230107.800,317,w
Po2,S1,2,up,KeyW,1791208230218.700,317,w
Po2,S1,2,down,KeyI,1791208230230.500,318,i
Po2,S1,2,up,KeyI,1791208230321.600,318,i
Po2,S1,2,down,KeyT,1791208230332.100,319,t
Po2,S1,2,down,KeyH,1791208230415.400,320,h
Po2,S1,2,up,KeyT,1791208230426.100,319,t
Po2,S1,2,up,KeyH,1791208230518.000,320,h
Po2,S1,2,down,Space,1791208230528.600,321, 
Po2,S1,2,up,Space,1791208230616.700,321, 
Po2,S1,2,down,KeyM,1791208230729.000,322,m
Po2,S1,2,up,KeyM,1791208230811.100,322,m
Po2,S1,2,down,KeyY,1791208230970.100,323,y
Po2,S1,2,up,KeyY,1791208231062.000,323,y
Po2,S1,2,down,Space,1791208231113.200,324, 
Po2,S1,2,up,Space,1791208231214.300,324, 
Po2,S1,2,down,KeyF,1791208231243.800,325,f
Po2,S1,2,up,KeyF,1791208231328.300,325,f
Po2,S1,2,down,KeyR,1791208231413.400,326,r
Po2,S1,2,up,KeyR,1791208231514.700,326,r
Po2,S1,2,down,KeyI,1791208231554.200,327,i
Po2,S1,2,up,KeyI,1791208231632.200,327,i
Po2,S1,2,up,KeyE,1791208231807.800,328,e
Po2,S1,2,down,KeyN,1791208231831.700,329,n
Po2,S1,2,up,KeyN,1791208231939.400,329,n
Po2,S1,2,down,KeyD,1791208231965.700,330,d
Po2,S1,2,up,KeyD,1791208232084.000,330,d
Po2,S1,2,down,KeyS,1791208232140.000,331,s
Po2,S1,2,up,KeyS,1791208232287.200,331,s
Po2,S1,2,down,Space,1791208232338.800,332, 
Po2,S1,2,up,Space,1791208232453.500,332, 
Po2,S1,2,down,KeyW,1791208232654.600,333,w
Po2,S1,2,up,KeyW,1791208232782.200,333,w
Po2,S1,2,down,KeyI,1791208232793.100,334,i
Po2,S1,2,up,KeyI,1791208232901.100,334,i
Po2,S1,2,down,KeyT,1791208232987.800,335,t
Po2,S1,2,up,KeyT,1791208233094.900,335,t
Po2,S1,2,down,KeyH,1791208233101.200,336,h
Po2,S1,2,down,Space,1791208233227.100,337, 
Po2,S1,2,up,KeyH,1791208233235.300,336,h
Po2,S1,2,up,Space,1791208233340.100,337, 
Po2,S1,2,down,KeyS,1791208234342.300,338,s
Po2,S1,2,down,KeyO,1791208234408.600,339,o
Po2,S1,2,up,KeyS,1791208234466.300,338,s
Po2,S1,2,up,KeyO,1791208234485.400,339,o
Po2,S1,2,down,KeyM,1791208234588.300,340,m
Po2,S1,2,down,KeyE,1791208234649.600,341,e
Po2,S1,2,up,KeyM,1791208234730.800,340,m
Po2,S1,2,up,KeyE,1791208234766.200,341,e
Po2,S1,2,down,KeyM,1791208234964.100,342,m
Po2,S1,2,up,KeyM,1791208235094.700,342,m
Po2,S1,2,down,Backspace,1791208235336.700,343,Backspace
Po2,S1,2,up,Backspace,1791208235443.500,343,Backspace
Po2,S1,2,down,Space,1791208235545.600,344, 
Po2,S1,2,up,Space,1791208235618.100,344, 
Po2,S1,2,down,KeyM,1791208235708.800,345,m
Po2,S1,2,up,KeyM,1791208235800.600,345,m
Po2,S1,2,down,KeyO,1791208235889.600,346,o
Po2,S1,2,up,KeyO,1791208235972.100,346,o
Po2,S1,2,down,KeyD,1791208235985.000,347,d
Po2,S1,2,down,KeyS,1791208236061.000,348,s
Po2,S1,2,up,KeyD,1791208236129.100,347,d
Po2,S1,2,up,KeyS,1791208236192.400,348,s
Po2,S1,2,down,Space,1791208237039.000,349, 
Po2,S1,2,up,Space,1791208237121.200,349, 
Po2,S1,2,down,KeyA,1791208237231.300,350,a
Po2,S1,2,up,KeyA,1791208237368.400,350,a
Po2,S1,2,down,KeyN,1791208237429.400,351,n
Po2,S1,2,up,KeyN,1791208237533.200,351,n
Po2,S1,2,down,KeyD,1791208237589.700,352,d
Po2,S1,2,down,Space,1791208237654.800,353, 
Po2,S1,2,up,KeyD,1791208237696.600,352,d
Po2,S1,2,up,Space,1791208237721.300,353, 
Po2,S1,2,up,KeyL,1791208238054.800,355,l
Po2,S1,2,down,KeyS,1791208238087.200,356,s
Po2,S1,2,up,KeyS,1791208238224.500,356,s
Po2,S1,2,down,KeyO,1791208238235.600,357,o
Po2,S1,2,down,Space,1791208238350.500,358, 
Po2,S1,2,up,KeyO,1791208238364.700,357,o
Po2,S1,2,up,Space,1791208238431.000,358, 
Po2,S1,2,down,KeyT,1791208243785.100,359,t
Po2,S1,2,up,KeyT,1791208243897.300,359,t
Po2,S1,2,down,KeyH,1791208243909.100,360,h
Po2,S1,2,up,KeyH,1791208243968.400,360,h
Po2,S1,2,down,KeyI,1791208244069.100,361,i
Po2,S1,2,down,KeyS,1791208244141.500,362,s
Po2,S1,2,up,KeyI,1791208244159.500,361,i
Po2,S1,2,down,Space,1791208244187.000,363, 
Po2,S1,2,up,KeyS,1791208244239.300,362,s
Po2,S1,2,up,Space,1791208244288.700,363, 
Po2,S1,2,down,KeyL,1791208244359.100,364,l
Po2,S1,2,down,KeyE,1791208244405.700,365,e
Po2,S1,2,up,KeyL,1791208244475.300,364,l
Po2,S1,2,up,KeyE,1791208244490.800,365,e
Po2,S1,2,down,KeyC,1791208244618.300,366,c
Po2,S1,2,up,KeyC,1791208244758.900,366,c
Po2,S1,2,down,KeyT,1791208244933.900,367,t
Po2,S1,2,up,KeyT,1791208245037.000,367,t
Po2,S1,2,down,KeyU,1791208245071.600,368,u
Po2,S1,2,up,KeyU,1791208245146.000,368,u
Po2,S1,2,down,KeyR,1791208245186.400,369,r
Po2,S1,2,down,KeyE,1791208245241.400,370,e
Po2,S1,2,up,KeyR,1791208245308.800,369,r
Po2,S1,2,down,KeyS,1791208245636.100,373,s
Po2,S1,2,down,Space,1791208245699.400,374, 
Po2,S1,2,up,KeyS,1791208245717.000,373,s
Po2,S1,2,up,Space,1791208245793.500,374, 
Po2,S1,2,down,KeyO,1791208245892.300,375,o
Po2,S1,2,up,KeyO,1791208245982.900,375,o
Po2,S1,2,down,KeyN,1791208246088.500,376,n
Po2,S1,2,up,KeyN,1791208246196.400,376,n
Po2,S1,2,down,Space,1791208246226.200,377, 
Po2,S1,2,up,Space,1791208246317.400,377, 
Po2,S1,2,down,KeyS,1791208246886.800,378,s
Po2,S1,2,down,KeyO,1791208246956.000,379,o
Po2,S1,2,up,KeyS,1791208246977.800,378,s
Po2,S1,2,up,KeyO,1791208247041.100,379,o
Po2,S1,2,down,KeyM,1791208247138.100,380,m
Po2,S1,2,down,KeyE,1791208247202.500,381,e
Po2,S1,2,up,KeyM,1791208247241.200,380,m
Po2,S1,2,up,KeyE,1791208247304.200,381,e
Po2,S1,2,down,KeyT,1791208247393.400,382,t
Po2,S1,2,down,KeyH,1791208247472.200,383,h
Po2,S1,2,up,KeyT,1791208247481.700,382,t
Po2,S1,2,up,KeyH,1791208247522.200,383,h
Po2,S1,2,down,KeyI,1791208247615.000,384,i
Po2,S1,2,up,KeyI,1791208247693.700,384,i
Po2,S1,2,down,KeyN,1791208247817.900,385,n
Po2,S1,2,up,KeyN,1791208247913.600,385,n
Po2,S1,2,down,KeyG,1791208247963.300,386,g
Po2,S1,2,down,Space,1791208248011.000,387, 
Po2,S1,2,up,KeyG,1791208248066.300,386,g
Po2,S1,2,up,Space,1791208248100.700,387, 
Po2,S1,2,down,KeyT,1791208264503.000,388,t
Po2,S1,2,up,KeyT,1791208264634.100,388,t
Po2,S1,2,down,KeyO,1791208264653.900,389,o
Po2,S1,2,down,Space,1791208264755.600,390, 
Po2,S1,2,up,KeyO,1791208264776.800,389,o
Po2,S1,2,up,Space,1791208264871.600,390, 
Po2,S1,2,down,KeyD,1791208264900.900,391,d
Po2,S1,2,down,KeyO,1791208264992.000,392,o
Po2,S1,2,up,KeyD,1791208265013.000,391,d
Po2,S1,2,down,Space,1791208265056.600,393, 
Po2,S1,2,up,KeyO,1791208265120.500,392,o
Po2,S1,2,down,KeyW,1791208265152.900,394,w
Po2,S1,2,up,Space,1791208265181.600,393, 
Po2,S1,2,up,KeyW,1791208265365.600,394,w
Po2,S1,2,up,KeyI,1791208265400.600,395,i
Po2,S1,2,down,KeyT,1791208265446.900,396,t
Po2,S1,2,down,KeyH,1791208265512.600,397,h
Po2,S1,2,up,KeyT,1791208265544.100,396,t
Po2,S1,2,down,Space,1791208265612.600,398, 
Po2,S1,2,up,KeyH,1791208265623.100,397,h
Po2,S1,2,up,Space,1791208265728.600,398, 
Po2,S1,2,down,KeyW,1791208265758.000,399,w
Po2,S1,2,down,KeyH,1791208265879.300,400,h
Po2,S1,2,up,KeyW,1791208265896.700,399,w
Po2,S1,2,up,KeyH,1791208266013.100,400,h
Po2,S1,2,down,KeyY,1791208266101.000,401,y
Po2,S1,2,up,KeyY,1791208266219.500,401,y
Po2,S1,2,down,Space,1791208266262.000,402, 
Po2,S1,2,up,Space,1791208266370.500,402, 
Po2,S1,2,down,ShiftLeft,1791208266464.700,403,Shift
Po2,S1,2,down,KeyI,1791208266564.400,404,I
Po2,S1,2,up,ShiftLeft,1791208266647.700,403,Shift
Po2,S1,2,up,KeyI,1791208266661.500,404,i
Po2,S1,2,down,Space,1791208266667.000,405, 
Po2,S1,2,up,Space,1791208266761.800,405, 
Po2,S1,2,down,KeyA,1791208266801.200,406,a
Po2,S1,2,down,KeyM,1791208266899.700,407,m
Po2,S1,2,up,KeyA,1791208266940.100,406,a
Po2,S1,2,down,Space,1791208267033.000,408, 
Po2,S1,2,up,KeyM,1791208267049.000,407,m
Po2,S1,2,up,Space,1791208267140.800,408, 
Po2,S1,2,down,KeyT,1791208267165.200,409,t
Po2,S1,2,up,KeyT,1791208267257.900,409,t
Po2,S1,2,down,KeyA,1791208267376.700,410,a
Po2,S1,2,up,KeyA,1791208267493.000,410,a
Po2,S1,2,down,KeyL,1791208267506.900,411,l
Po2,S1,2,up,KeyL,1791208267595.700,411,l
Po2,S1,2,down,KeyK,1791208267663.800,412,k
Po2,S1,2,up,KeyK,1791208267746.900,412,k
Po2,S1,2,down,KeyI,1791208267824.700,413,i
Po2,S1,2,up,KeyI,1791208267912.400,413,i
Po2,S1,2,down,KeyN,1791208268011.400,414,n
Po2,S1,2,down,KeyG,1791208268063.100,415,g
Po2,S1,2,up,KeyN,1791208268124.700,414,n
Po2,S1,2,down,Space,1791208268141.700,416, 
Po2,S1,2,up,KeyG,1791208268156.700,415,g
Po2,S1,2,up,Space,1791208268238.800,416, 
Po2,S1,2,down,KeyA,1791208268274.800,417,a
Po2,S1,2,down,KeyB,1791208268368.700,418,b
Po2,S1,2,up,KeyA,1791208268401.800,417,a
Po2,S1,2,up,KeyB,1791208268440.500,418,b
Po2,S1,2,down,KeyO,1791208268541.000,419,o
Po2,S1,2,up,KeyO,1791208268672.600,419,o
Po2,S1,2,down,KeyU,1791208268749.200,420,u
Po2,S1,2,up,KeyU,1791208268828.500,420,u
Po2,S1,2,down,KeyT,1791208268847.800,421,t
Po2,S1,2,down,Space,1791208268944.700,422, 
Po2,S1,2,up,KeyT,1791208268960.900,421,t
Po2,S1,2,up,Space,1791208269072.700,422, 
Po2,S1,2,down,Backspace,1791208273061.700,423,Backspace
Po2,S1,2,up,Backspace,1791208273697.500,423,Backspace
Po2,S1,2,down,KeyT,1791208274222.500,424,t
Po2,S1,2,up,KeyT,1791208274334.800,424,t
Po2,S1,2,down,KeyO,1791208274367.200,425,o
Po2,S1,2,down,Space,1791208274499.500,426, 
Po2,S1,2,up,KeyO,1791208274547.000,425,o
Po2,S1,2,up,Space,1791208274579.800,426, 
Po2,S1,2,down,KeyY,1791208274973.000,427,y
Po2,S1,2,down,KeyO,1791208275067.900,428,o
Po2,S1,2,up,KeyY,1791208275083.200,427,y
Po2,S1,2,up,KeyO,1791208275172.000,428,o
Po2,S1,2,down,KeyU,1791208275186.600,429,u
Po2,S1,2,up,KeyU,1791208275281.000,429,u
Po2,S1,2,down,Period,1791208275615.900,430,.
Po2,S1,2,up,Period,1791208275706.600,430,.
Po2,S1,2,down,Space,1791208275771.700,431, 
Po2,S1,2,up,Space,1791208275905.600,431, 
Po2,S1,2,down,ShiftLeft,1791208276287.900,432,Shift
Po2,S1,2,up,KeyA,1791208280546.300,433,A
Po2,S1,2,up,ShiftLeft,1791208280570.700,432,Shift
Po2,S1,2,down,KeyS,1791208280654.600,434,s
Po2,S1,2,up,KeyS,1791208280767.700,434,s
Po2,S1,2,down,KeyK,1791208280820.100,435,k
Po2,S1,2,down,Space,1791208280917.000,436, 
Po2,S1,2,up,KeyK,1791208280967.100,435,k
Po2,S1,2,up,Space,1791208281024.300,436, 
Po2,S1,2,down,KeyM,1791208281205.600,437,m
Po2,S1,2,up,KeyM,1791208281306.100,437,m
Po2,S1,2,down,KeyE,1791208281320.500,438,e
Po2,S1,2,down,Space,1791208281419.400,439, 
Po2,S1,2,up,KeyE,1791208281427.500,438,e
Po2,S1,2,up,Space,1791208281506.400,439, 
Po2,S1,2,down,KeyS,1791208281536.100,440,s
Po2,S1,2,down,KeyO,1791208281632.400,441,o
Po2,S1,2,up,KeyS,1791208281672.600,440,s
Po2,S1,2,up,KeyO,1791208281730.200,441,o
Po2,S1,2,down,KeyM,1791208281820.100,442,m
Po2,S1,2,down,KeyE,1791208281939.000,443,e
Po2,S1,2,up,KeyM,1791208281958.200,442,m
Po2,S1,2,down,Space,1791208282005.400,444, 
Po2,S1,2,up,KeyE,1791208282054.100,443,e
Po2,S1,2,up,Space,1791208282103.300,444, 
Po2,S1,2,down,KeyW,1791208282385.000,445,w
Po2,S1,2,up,KeyW,1791208282530.900,445,w
Po2,S1,2,down,KeyE,1791208282539.000,446,e
Po2,S1,2,up,KeyE,1791208282668.300,446,e
Po2,S1,2,down,KeyI,1791208282685.200,447,i
Po2,S1,2,down,KeyR,1791208282761.300,448,r
Po2,S1,2,up,KeyI,1791208282783.300,447,i
Po2,S1,2,up,KeyR,1791208282854.700,448,r
Po2,S1,2,down,KeyD,1791208282968.100,449,d
Po2,S1,2,down,Space,1791208283059.900,450, 
Po2,S1,2,up,KeyD,1791208283070.200,449,d
Po2,S1,2,up,Space,1791208283135.700,450, 
Po2,S1,2,down,KeyM,1791208283245.000,451,m
Po2,S1,2,up,KeyM,1791208283336.600,451,m
Po2,S1,2,down,KeyO,1791208283436.300,452,o
Po2,S1,2,up,KeyO,1791208283540.000,452,o
Po2,S1,2,down,KeyR,1791208283555.400,453,r
Po2,S1,2,down,KeyE,1791208283634.900,454,e
Po2,S1,2,up,KeyR,1791208283671.800,453,r
Po2,S1,2,up,KeyE,1791208283775.200,454,e
Po2,S1,2,down,Space,1791208283856.300,455, 
Po2,S1,2,up,Space,1791208283972.000,455, 
Po2,S1,2,down,KeyP,1791208284082.800,456,p
Po2,S1,2,up,KeyP,1791208284236.000,456,p
Po2,S1,2,up,Backspace,1791208284954.600,457,Backspace
Po2,S1,2,down,KeyT,1791208285185.800,458,t
Po2,S1,2,up,KeyT,1791208285302.100,458,t
Po2,S1,2,down,KeyH,1791208285317.400,459,h
Po2,S1,2,up,KeyH,1791208285358.000,459,h
Po2,S1,2,down,KeyO,1791208285459.700,460,o
Po2,S1,2,up,KeyO,1791208285574.600,460,o
Po2,S1,2,down,KeyU,1791208285656.600,461,u
Po2,S1,2,up,KeyU,1791208285761.100,461,u
Po2,S1,2,down,KeyG,1791208285768.200,462,g
Po2,S1,2,up,KeyG,1791208285849.000,462,g
Po2,S1,2,down,KeyH,1791208285856.400,463,h
Po2,S1,2,up,KeyH,1791208285960.300,463,h
Po2,S1,2,down,KeyT,1791208286000.000,464,t
Po2,S1,2,up,KeyT,1791208286111.500,464,t
Po2,S1,2,down,KeyF,1791208286360.500,465,f
Po2,S1,2,up,KeyF,1791208286492.000,465,f
Po2,S1,2,down,KeyU,1791208286512.600,466,u
Po2,S1,2,up,KeyU,1791208286605.200,466,u
Po2,S1,2,down,KeyL,1791208286724.600,467,l
Po2,S1,2,up,KeyL,1791208286837.300,467,l
Po2,S1,2,down,Space,1791208286846.900,468, 
Po2,S1,2,up,Space,1791208286942.800,468, 
Po2,S1,2,down,KeyQ,1791208287042.900,469,q
Po2,S1,2,up,KeyQ,1791208287153.000,469,q
Po2,S1,2,down,KeyU,1791208287267.400,470,u
Po2,S1,2,down,KeyE,1791208287334.200,471,e
Po2,S1,2,up,KeyU,1791208287377.200,470,u
Po2,S1,2,up,KeyE,1791208287442.400,471,e
Po2,S1,2,down,KeyS,1791208287504.900,472,s
Po2,S1,2,up,KeyS,1791208287628.900,472,s
Po2,S1,2,down,KeyT,1791208287721.900,473,t
Po2,S1,2,up,KeyT,1791208287823.800,473,t
Po2,S1,2,down,KeyI,1791208287833.300,474,i
Po2,S1,2,down,KeyO,1791208287879.100,475,o
Po2,S1,2,up,KeyI,1791208287945.200,474,i
Po2,S1,2,up,KeyO,1791208287972.600,475,o
Po2,S1,2,down,KeyN,1791208288089.600,476,n
Po2,S1,2,up,KeyN,1791208288173.100,476,n
Po2,S1,2,down,KeyS,1791208288212.600,477,s
Po2,S1,2,up,KeyS,1791208288348.300,477,s
Po2,S1,2,down,Period,1791208288668.800,478,.
Po2,S1,2,up,Period,1791208288756.200,478,.
Po2,S1,2,down,Space,1791208288877.400,479, 
Po2,S1,2,up,Space,1791208288984.900,479, 
Po2,S1,2,down,KeyL,1791208289205.000,480,l
Po2,S1,2,up,KeyL,1791208289276.300,480,l
Po2,S1,2,down,KeyI,1791208289400.500,481,i
Po2,S1,2,up,KeyI,1791208289456.300,481,i
Po2,S1,2,down,KeyK,1791208289586.300,482,k
Po2,S1,2,down,KeyE,1791208289617.100,483,e
Po2,S1,2,up,KeyK,1791208289685.100,482,k
Po2,S1,2,down,Space,1791208289724.700,484, 
Po2,S1,2,up,KeyE,1791208289743.900,483,e
Po2,S1,2,up,Space,1791208289845.800,484, 
Po2,S1,2,down,KeyW,1791208289854.700,485,w
Po2,S1,2,down,KeyH,1791208289980.700,486,h
Po2,S1,2,up,KeyW,1791208289991.000,485,w
Po2,S1,2,up,KeyH,1791208290047.300,486,h
Po2,S1,2,down,KeyY,1791208290156.600,487,y
Po2,S1,2,up,KeyY,1791208290234.500,487,y
Po2,S1,2,down,Backspace,1791208290651.700,488,Backspace
Po2,S1,2,up,Backspace,1791208290724.700,488,Backspace
Po2,S1,2,down,Backspace,1791208290807.000,489,Backspace
Po2,S1,2,up,Backspace,1791208290879.700,489,Backspace
Po2,S1,2,down,Backspace,1791208290968.100,490,Backspace
Po2,S1,2,up,Backspace,1791208291074.700,490,Backspace
Po2,S1,2,down,KeyI,1791208291472.500,491,i
Po2,S1,2,up,KeyI,1791208291553.400,491,i
Po2,S1,2,down,KeyF,1791208291577.700,492,f
Po2,S1,2,down,Space,1791208291679.100,493, 
Po2,S1,2,up,KeyF,1791208291698.400,492,f
Po2,S1,2,up,Space,1791208291770.200,493, 
Po2,S1,2,down,KeyA,1791208292201.100,494,a
Po2,S1,2,up,KeyA,1791208292326.100,494,a
Po2,S1,2,down,Space,1791208292335.100,495, 
Po2,S1,2,up,Space,1791208292461.100,495, 
Po2,S1,2,down,KeyT,1791208292994.300,496,t
Po2,S1,2,up,KeyT,1791208293093.600,496,t
Po2,S1,2,down,KeyR,1791208293226.500,497,r
Po2,S1,2,up,KeyR,1791208293318.100,497,r
Po2,S1,2,down,KeyE,1791208293393.100,498,e
Po2,S1,2,up,KeyE,1791208293469.400,498,e
Po2,S1,2,down,KeyE,1791208293544.600,499,e
Po2,S1,2,up,KeyE,1791208293643.000,499,e
Po2,S1,2,down,Space,1791208293670.000,500, 
Po2,S1,2,up,Space,1791208293758.900,500, 
Po2,S1,2,down,KeyF,1791208293768.500,501,f
Po2,S1,2,up,KeyF,1791208293857.200,501,f
Po2,S1,2,down,KeyA,1791208293970.700,502,a
Po2,S1,2,up,KeyA,1791208294074.100,502,a
Po2,S1,2,down,KeyL,1791208294096.000,503,l
Po2,S1,2,up,KeyL,1791208294152.400,503,l
Po2,S1,2,down,KeyL,1791208294230.400,504,l
Po2,S1,2,down,KeyS,1791208294316.700,505,s
Po2,S1,2,up,KeyL,1791208294335.700,504,l
Po2,S1,2,up,KeyS,1791208294428.300,505,s
Po2,S1,2,down,Space,1791208294447.100,506, 
Po2,S1,2,up,Space,1791208294524.500,506, 
Po2,S1,2,down,KeyI,1791208294597.400,507,i
Po2,S1,2,up,KeyI,1791208294696.600,507,i
Po2,S1,2,down,KeyN,1791208294791.100,508,n
Po2,S1,2,down,Space,1791208294920.800,509, 
Po2,S1,2,up,KeyN,1791208294932.100,508,n
Po2,S1,2,up,Space,1791208295048.900,509, 
Po2,S1,2,down,KeyA,1791208295097.200,510,a
Po2,S1,2,up,KeyA,1791208295195.600,510,a
Po2,S1,2,down,Space,1791208295203.900,511, 
Po2,S1,2,up,Space,1791208295301.100,511, 
Po2,S1,2,down,KeyW,1791208295369.300,512,w
Po2,S1,2,up,KeyW,1791208295472.600,512,w
Po2,S1,2,down,KeyO,1791208295492.500,513,o
Po2,S1,2,up,KeyO,1791208295548.300,513,o
Po2,S1,2,up,KeyO,1791208295748.600,514,o
Po2,S1,2,down,KeyD,1791208295996.500,515,d
Po2,S1,2,up,KeyD,1791208296072.700,515,d
Po2,S1,2,down,Space,1791208296205.600,516, 
Po2,S1,2,up,Space,1791208296292.100,516, 
Po2,S1,2,down,KeyA,1791208296328.000,517,a
Po2,S1,2,down,KeyN,1791208296448.000,518,n
Po2,S1,2,up,KeyA,1791208296458.700,517,a
Po2,S1,2,up,KeyN,1791208296556.700,518,n
Po2,S1,2,down,KeyD,1791208296872.900,519,d
Po2,S1,2,up,KeyD,1791208296985.100,519,d
Po2,S1,2,down,Space,1791208297008.000,520, 
Po2,S1,2,up,Space,1791208297099.800,520, 
Po2,S1,2,down,KeyN,1791208297205.600,521,n
Po2,S1,2,up,KeyN,1791208297291.200,521,n
Po2,S1,2,down,KeyO,1791208297421.600,522,o
Po2,S1,2,up,KeyO,1791208297519.500,522,o
Po2,S1,2,down,Space,1791208297541.700,523, 
Po2,S1,2,up,Space,1791208297638.300,523, 
Po2,S1,2,down,KeyO,1791208297678.800,524,o
Po2,S1,2,up,KeyO,1791208297769.300,524,o
Po2,S1,2,down,KeyN,1791208297864.800,525,n
Po2,S1,2,down,KeyE,1791208297956.900,526,e
Po2,S1,2,up,KeyN,1791208297967.700,525,n
Po2,S1,2,down,Space,1791208298055.900,527, 
Po2,S1,2,up,KeyE,1791208298067.000,526,e
Po2,S1,2,up,Space,1791208298111.800,527, 
Po2,S1,2,down,KeyH,1791208298177.200,528,h
Po2,S1,2,up,KeyH,1791208298300.000,528,h
Po2,S1,2,down,KeyE,1791208298356.700,529,e
Po2,S1,2,up,KeyE,1791208298459.100,529,e
Po2,S1,2,down,KeyA,1791208298499.200,530,a
Po2,S1,2,up,KeyA,1791208298671.500,530,a
Po2,S1,2,down,KeyR,1791208298718.100,531,r
Po2,S1,2,up,KeyR,1791208298823.000,531,r
Po2,S1,2,down,KeyS,1791208298960.200,532,s
Po2,S1,2,down,Space,1791208299066.100,533, 
Po2,S1,2,up,KeyS,1791208299086.700,532,s
Po2,S1,2,up,Space,1791208299140.800,533, 
Po2,S1,2,down,KeyI,1791208299255.500,534,i
Po2,S1,2,up,KeyI,1791208299357.500,534,i
Po2,S1,2,down,KeyT,1791208299368.500,535,t
Po2,S1,2,up,KeyT,1791208299439.700,535,t
Po2,S1,2,down,Space,1791208299508.000,536, 
Po2,S1,2,up,Space,1791208299585.400,536, 
Po2,S1,2,down,KeyD,1791208299727.200,537,d
Po2,S1,2,down,KeyI,1791208299795.000,538,i
Po2,S1,2,up,KeyD,1791208299820.200,537,d
Po2,S1,2,up,KeyI,1791208299879.000,538,i
Po2,S1,2,down,KeyD,1791208299898.000,539,d
Po2,S1,2,up,KeyD,1791208299977.100,539,d
Po2,S1,2,down,Space,1791208300006.500,540, 
Po2,S1,2,up,Space,1791208300125.400,540, 
Po2,S1,2,down,KeyI,1791208300203.100,541,i
Po2,S1,2,down,KeyT,1791208300293.800,542,t
Po2,S1,2,up,KeyI,1791208300305.200,541,i
Po2,S1,2,up,KeyT,1791208300366.300,542,t
Po2,S1,2,down,Space,1791208300403.200,543, 
Po2,S1,2,up,Space,1791208300482.500,543, 
Po2,S1,2,down,KeyF,1791208300625.600,544,f
Po2,S1,2,up,KeyF,1791208300703.800,544,f
Po2,S1,2,down,KeyA,1791208300808.200,545,a
Po2,S1,2,up,KeyA,1791208300901.900,545,a
Po2,S1,2,down,KeyL,1791208300959.300,546,l
Po2,S1,2,up,KeyL,1791208301017.500,546,l
Po2,S1,2,down,KeyL,1791208301090.700,547,l
Po2,S1,2,up,KeyL,1791208301173.400,547,l
Po2,S1,2,down,ShiftLeft,1791208301707.700,548,Shift
Po2,S1,2,down,Slash,1791208301847.900,549,?
Po2,S1,2,up,ShiftLeft,1791208301874.800,548,Shift
Po2,S1,2,up,Slash,1791208301896.200,549,/
Po2,S1,2,down,Enter,1791208302047.200,550,Enter
Po2,S1,3,up,Enter,1791208302101.200,550,Enter
Po2,S1,3,down,ShiftLeft,1791208315791.000,551,Shift
Po2,S1,3,down,KeyT,1791208316146.500,552,T
Po2,S1,3,up,KeyT,1791208316235.600,552,T
Po2,S1,3,up,ShiftLeft,1791208316245.600,551,Shift
Po2,S1,3,down,KeyH,1791208316296.200,553,h
Po2,S1,3,up,KeyH,1791208316383.400,553,h
Po2,S1,3,down,KeyE,1791208316417.100,554,e
Po2,S1,3,up,KeyE,1791208316559.600,554,e
Po2,S1,3,down,Space,1791208316588.900,555, 
Po2,S1,3,up,Space,1791208316696.600,555, 
Po2,S1,3,down,KeyT,1791208316769.900,556,t
Po2,S1,3,up,KeyR,1791208317014.800,557,r
Po2,S1,3,down,KeyU,1791208317067.500,558,u
Po2,S1,3,up,KeyU,1791208317205.800,558,u
Po2,S1,3,down,KeyT,1791208317477.000,559,t
Po2,S1,3,up,KeyT,1791208317582.300,559,t
Po2,S1,3,down,KeyH,1791208317591.300,560,h
Po2,S1,3,down,Space,1791208317687.900,561, 
Po2,S1,3,up,KeyH,1791208317698.600,560,h
Po2,S1,3,up,Space,1791208317790.700,561, 
Po2,S1,3,down,KeyI,1791208317875.200,562,i
Po2,S1,3,up,KeyI,1791208317959.400,562,i
Po2,S1,3,down,KeyS,1791208317979.000,563,s
Po2,S1,3,up,KeyS,1791208318097.700,563,s
Po2,S1,3,down,Space,1791208318119.500,564, 
Po2,S1,3,up,Space,1791208318242.900,564, 
Po2,S1,3,down,KeyY,1791208318341.800,565,y
Po2,S1,3,up,KeyY,1791208318516.800,565,y
Po2,S1,3,up,KeyO,1791208318529.200,566,o
Po2,S1,3,down,KeyU,1791208318644.500,567,u
Po2,S1,3,down,Space,1791208318710.500,568, 
Po2,S1,3,up,KeyU,1791208318723.000,567,u
Po2,S1,3,down,KeyW,1791208318817.700,569,w
Po2,S1,3,up,Space,1791208318829.100,568, 
Po2,S1,3,up,KeyW,1791208318930.000,569,w
Po2,S1,3,down,KeyO,1791208319160.900,570,o
Po2,S1,3,up,KeyO,1791208319277.700,570,o
Po2,S1,3,down,KeyU,1791208319386.900,571,u
Po2,S1,3,up,KeyU,1791208319459.500,571,u
Po2,S1,3,down,KeyL,1791208319579.300,572,l
Po2,S1,3,up,KeyL,1791208319673.900,572,l
Po2,S1,3,down,KeyD,1791208319733.700,573,d
Po2,S1,3,up,KeyD,1791208319836.800,573,d
Po2,S1,3,down,KeyN,1791208320607.400,574,n
Po2,S1,3,up,KeyN,1791208320658.300,574,n
Po2,S1,3,down,Quote,1791208321281.600,575,'
Po2,S1,3,up,Quote,1791208321362.500,575,'
Po2,S1,3,down,KeyT,1791208321467.300,576,t
Po2,S1,3,down,Space,1791208321546.100,577, 
Po2,S1,3,up,KeyT,1791208321556.100,576,t
Po2,S1,3,up,Space,1791208321611.700,577, 
Po2,S1,3,down,KeyH,1791208321756.200,578,h
Po2,S1,3,down,KeyA,1791208321818.100,579,a
Po2,S1,3,up,KeyH,1791208321831.100,578,h
Po2,S1,3,up,KeyA,1791208321933.200,579,a
Po2,S1,3,down,KeyV,1791208321956.100,580,v
Po2,S1,3,up,KeyV,1791208322044.200,580,v
Po2,S1,3,down,KeyE,1791208322065.600,581,e
Po2,S1,3,down,Space,1791208322127.900,582, 
Po2,S1,3,up,KeyE,1791208322149.800,581,e
Po2,S1,3,up,Space,1791208322215.700,582, 
Po2,S1,3,down,KeyE,1791208322265.700,583,e
Po2,S1,3,down,KeyN,1791208322360.200,584,n
Po2,S1,3,up,KeyE,1791208322382.000,583,e
Po2,S1,3,up,KeyN,1791208322443.400,584,n
Po2,S1,3,down,KeyJ,1791208322845.900,585,j
Po2,S1,3,up,KeyJ,1791208322910.700,585,j
Po2,S1,3,down,KeyO,1791208322996.300,586,o
Po2,S1,3,up,KeyO,1791208323092.500,586,o
Po2,S1,3,down,KeyY,1791208323242.200,587,y
Po2,S1,3,up,KeyY,1791208323310.800,587,y
Po2,S1,3,down,KeyE,1791208323335.800,588,e
Po2,S1,3,up,KeyE,1791208323400.900,588,e
Po2,S1,3,down,KeyD,1791208323487.400,589,d
Po2,S1,3,up,KeyD,1791208323595.700,589,d
Po2,S1,3,down,Space,1791208323631.200,590, 
Po2,S1,3,up,Space,1791208323728.700,590, 
Po2,S1,3,down,KeyT,1791208323771.600,591,t
Po2,S1,3,up,KeyT,1791208323879.300,591,t
Po2,S1,3,down,KeyH,1791208323902.400,592,h
Po2,S1,3,up,KeyH,1791208323969.100,592,h
Po2,S1,3,down,KeyE,1791208324003.600,593,e
Po2,S1,3,up,KeyE,1791208324140.500,593,e
Po2,S1,3,down,Space,1791208324196.100,594, 
Po2,S1,3,up,Space,1791208324288.500,594, 
Po2,S1,3,down,KeyC,1791208325835.900,595,c
Po2,S1,3,down,KeyO,1791208325935.700,596,o
Po2,S1,3,up,KeyC,1791208325948.600,595,c
Po2,S1,3,up,KeyO,1791208326007.300,596,o
Po2,S1,3,down,KeyN,1791208326127.500,597,n
Po2,S1,3,up,KeyN,1791208326197.200,597,n
Po2,S1,3,down,KeyV,1791208326374.300,598,v
Po2,S1,3,up,KeyV,1791208326431.500,598,v
Po2,S1,3,down,KeyE,1791208326452.100,599,e
Po2,S1,3,down,KeyR,1791208326518.600,600,r
Po2,S1,3,up,KeyE,1791208326569.600,599,e
Po2,S1,3,up,KeyR,1791208326617.700,600,r
Po2,S1,3,down,KeyS,1791208326712.200,601,s
Po2,S1,3,up,KeyS,1791208326812.400,601,s
Po2,S1,3,down,KeyA,1791208326902.200,602,a
Po2,S1,3,up,KeyA,1791208327010.900,602,a
Po2,S1,3,down,KeyT,1791208327104.400,603,t
Po2,S1,3,down,KeyI,1791208327187.100,604,i
Po2,S1,3,up,KeyT,1791208327197.200,603,t
Po2,S1,3,down,KeyO,1791208327255.600,605,o
Po2,S1,3,up,KeyI,1791208327280.900,604,i
Po2,S1,3,up,KeyO,1791208327326.800,605,o
Po2,S1,3,down,KeyN,1791208327436.200,606,n
Po2,S1,3,up,KeyN,1791208327559.900,606,n
Po2,S1,3,down,Space,1791208327568.800,607, 
Po2,S1,3,up,Space,1791208327661.000,607, 
Po2,S1,3,down,KeyF,1791208327698.000,608,f
Po2,S1,3,up,KeyF,1791208327805.400,608,f
Po2,S1,3,down,KeyR,1791208327869.800,609,r
Po2,S1,3,up,KeyR,1791208327976.600,609,r
Po2,S1,3,down,KeyO,1791208328063.200,610,o
Po2,S1,3,up,KeyO,1791208328137.500,610,o
Po2,S1,3,down,KeyM,1791208328280.400,611,m
Po2,S1,3,up,KeyM,1791208328380.200,611,m
Po2,S1,3,down,Space,1791208328389.100,612, 
Po2,S1,3,up,Space,1791208328481.100,612, 
Po2,S1,3,down,KeyA,1791208328578.000,613,a
Po2,S1,3,up,KeyA,1791208328697.600,613,a
Po2,S1,3,down,Space,1791208328787.800,614, 
Po2,S1,3,up,Space,1791208328909.300,614, 
Po2,S1,3,down,Backspace,1791208330901.600,615,Backspace
Po2,S1,3,up,Backspace,1791208331011.500,615,Backspace
Po2,S1,3,down,KeyN,1791208331267.700,616,n
Po2,S1,3,up,KeyN,1791208331359.100,616,n
Po2,S1,3,down,Backspace,1791208331591.300,617,Backspace
Po2,S1,3,up,Backspace,1791208331683.700,617,Backspace
Po2,S1,3,down,Space,1791208331746.700,618, 
Po2,S1,3,up,Space,1791208331843.800,618, 
Po2,S1,3,down,KeyP,1791208331940.000,619,p
Po2,S1,3,down,KeyP,1791208331964.100,620,p
Po2,S1,3,up,KeyP,1791208332010.600,620,p
Po2,S1,3,down,KeyU,1791208332164.600,621,u
Po2,S1,3,up,KeyU,1791208332237.800,621,u
Po2,S1,3,down,KeyR,1791208332247.300,622,r
Po2,S1,3,down,KeyE,1791208332335.900,623,e
Po2,S1,3,down,Space,1791208332366.500,624, 
Po2,S1,3,up,KeyR,1791208332377.200,622,r
Po2,S1,3,up,KeyE,1791208332406.500,623,e
Po2,S1,3,up,Space,1791208332466.000,624, 
Po2,S1,3,down,KeyE,1791208332499.100,625,e
Po2,S1,3,down,KeyM,1791208332578.900,626,m
Po2,S1,3,up,KeyE,1791208332602.500,625,e
Po2,S1,3,up,KeyM,1791208332669.700,626,m
Po2,S1,3,down,KeyO,1791208332730.600,627,o
Po2,S1,3,down,KeyT,1791208332838.200,628,t
Po2,S1,3,up,KeyO,1791208332848.800,627,o
Po2,S1,3,up,KeyT,1791208332940.900,628,t
Po2,S1,3,down,KeyI,1791208333018.200,629,i
Po2,S1,3,down,KeyO,1791208333152.900,630,o
Po2,S1,3,up,KeyO,1791208333259.700,630,o
Po2,S1,3,down,KeyN,1791208333336.100,631,n
Po2,S1,3,up,KeyN,1791208333426.000,631,n
Po2,S1,3,down,KeyA,1791208333546.100,632,a
Po2,S1,3,up,KeyA,1791208333659.600,632,a
Po2,S1,3,down,KeyL,1791208333686.900,633,l
Po2,S1,3,up,KeyL,1791208333839.500,633,l
Po2,S1,3,down,Space,1791208333862.000,634, 
Po2,S1,3,up,Space,1791208333952.100,634, 
Po2,S1,3,down,KeyP,1791208334579.300,635,p
Po2,S1,3,up,KeyP,1791208334684.200,635,p
Po2,S1,3,down,KeyO,1791208334760.900,636,o
Po2,S1,3,up,KeyO,1791208334838.200,636,o
Po2,S1,3,down,KeyI,1791208334937.200,637,i
Po2,S1,3,up,KeyN,1791208335202.200,638,n
Po2,S1,3,down,Space,1791208335252.600,640, 
Po2,S1,3,up,KeyT,1791208335272.700,639,t
Po2,S1,3,up,Space,1791208335346.500,640, 
Po2,S1,3,down,KeyO,1791208335423.900,641,o
Po2,S1,3,up,KeyO,1791208335545.100,641,o
Po2,S1,3,down,KeyF,1791208335554.800,642,f
Po2,S1,3,up,KeyF,1791208335589.400,642,f
Po2,S1,3,down,Space,1791208335598.000,643, 
Po2,S1,3,up,Space,1791208335682.000,643, 
Po2,S1,3,down,KeyV,1791208335731.100,644,v
Po2,S1,3,down,KeyI,1791208335825.200,645,i
Po2,S1,3,up,KeyV,1791208335836.000,644,v
Po2,S1,3,up,KeyI,1791208335901.700,645,i
Po2,S1,3,down,KeyE,1791208336001.400,646,e
Po2,S1,3,down,KeyW,1791208336137.500,647,w
Po2,S1,3,up,KeyE,1791208336172.800,646,e
Po2,S1,3,up,KeyW,1791208336224.300,647,w
Po2,S1,3,down,Period,1791208336425.200,648,.
Po2,S1,3,up,Period,1791208336504.200,648,.
Po2,S1,3,down,Space,1791208336631.700,649, 
Po2,S1,3,up,Space,1791208336709.200,649, 
Po2,S1,3,down,ShiftLeft,1791208336828.500,650,Shift
Po2,S1,3,down,KeyB,1791208337157.600,651,B
Po2,S1,3,up,ShiftLeft,1791208337192.300,650,Shift
Po2,S1,3,up,KeyB,1791208337216.700,651,b
Po2,S1,3,down,KeyU,1791208337314.000,652,u
Po2,S1,3,up,KeyU,1791208337398.000,652,u
Po2,S1,3,down,Space,1791208337514.400,653, 
Po2,S1,3,up,Space,1791208337621.200,653, 
Po2,S1,3,down,Backspace,1791208338047.600,654,Backspace
Po2,S1,3,up,Backspace,1791208338134.900,654,Backspace
Po2,S1,3,down,KeyT,1791208338164.300,655,t
Po2,S1,3,up,KeyT,1791208338270.200,655,t
Po2,S1,3,down,KeyI,1791208338434.000,656,i
Po2,S1,3,up,KeyI,1791208338507.000,656,i
Po2,S1,3,down,Backspace,1791208338743.200,657,Backspace
Po2,S1,3,up,Backspace,1791208338860.300,657,Backspace
Po2,S1,3,down,Space,1791208338951.300,658, 
Po2,S1,3,up,Space,1791208339041.200,658, 
Po2,S1,3,down,KeyI,1791208339096.400,659,i
Po2,S1,3,up,KeyI,1791208339223.300,659,i
Po2,S1,3,down,KeyT,1791208339299.200,660,t
Po2,S1,3,up,KeyT,1791208339416.300,660,t
Po2,S1,3,down,Backspace,1791208339651.600,661,Backspace
Po2,S1,3,up,Backspace,1791208339749.200,661,Backspace
Po2,S1,3,down,KeyF,1791208339781.500,662,f
Po2,S1,3,down,Space,1791208339858.000,663, 
Po2,S1,3,up,KeyF,1791208339889.100,662,f
Po2,S1,3,up,Space,1791208339966.200,663, 
Po2,S1,3,down,KeyW,1791208340114.500,664,w
Po2,S1,3,down,KeyE,1791208340241.900,665,e
Po2,S1,3,up,KeyW,1791208340268.300,664,w
Po2,S1,3,down,Space,1791208340348.800,666, 
Po2,S1,3,up,KeyE,1791208340377.600,665,e
Po2,S1,3,up,Space,1791208340437.700,666, 
Po2,S1,3,down,KeyL,1791208340531.800,667,l
Po2,S1,3,up,KeyL,1791208340611.500,667,l
Po2,S1,3,down,KeyO,1791208340725.700,668,o
Po2,S1,3,up,KeyO,1791208340798.200,668,o
Po2,S1,3,down,KeyO,1791208340881.100,669,o
Po2,S1,3,up,KeyO,1791208340957.000,669,o
Po2,S1,3,down,Space,1791208341149.200,671, 
Po2,S1,3,up,KeyK,1791208341176.000,670,k
Po2,S1,3,up,Space,1791208341260.500,671, 
Po2,S1,3,down,KeyA,1791208341293.900,672,a
Po2,S1,3,up,KeyA,1791208341395.900,672,a
Po2,S1,3,down,KeyT,1791208341523.100,673,t
Po2,S1,3,up,KeyT,1791208341573.800,673,t
Po2,S1,3,down,Space,1791208341608.600,674, 
Po2,S1,3,up,Space,1791208341714.000,674, 
Po2,S1,3,down,KeyI,1791208341828.100,675,i
Po2,S1,3,up,KeyI,1791208341934.900,675,i
Po2,S1,3,down,KeyT,1791208341959.900,676,t
Po2,S1,3,up,KeyT,1791208342076.500,676,t
Po2,S1,3,down,Space,1791208342090.900,677, 
Po2,S1,3,up,Space,1791208342222.600,677, 
Po2,S1,3,down,KeyL,1791208342417.900,678,l
Po2,S1,3,up,KeyL,1791208342484.300,678,l
Po2,S1,3,down,KeyO,1791208342619.400,679,o
Po2,S1,3,up,KeyO,1791208342671.800,679,o
Po2,S1,3,down,Backspace,1791208343139.900,680,Backspace
Po2,S1,3,up,Backspace,1791208343254.100,680,Backspace
Po2,S1,3,down,Backspace,1791208343432.700,681,Backspace
Po2,S1,3,up,Backspace,1791208343545.500,681,Backspace
Po2,S1,3,down,KeyA,1791208343683.900,682,a
Po2,S1,3,up,KeyA,1791208343800.400,682,a
Po2,S1,3,down,KeyS,1791208343855.800,683,s
Po2,S1,3,down,Space,1791208344005.800,684, 
Po2,S1,3,up,KeyS,1791208344018.200,683,s
Po2,S1,3,up,Space,1791208344109.700,684, 
Po2,S1,3,down,KeyI,1791208344241.300,685,i
Po2,S1,3,up,KeyI,1791208344343.700,685,i
Po2,S1,3,down,KeyF,1791208344463.100,686,f
Po2,S1,3,up,KeyF,1791208344596.500,686,f
Po2,S1,3,up,Space,1791208344676.900,687, 
Po2,S1,3,down,KeyI,1791208344727.100,688,i
Po2,S1,3,up,KeyI,1791208344820.300,688,i
Po2,S1,3,down,KeyT,1791208344830.100,689,t
Po2,S1,3,up,KeyT,1791208344930.700,689,t
Po2,S1,3,down,Space,1791208344957.500,690, 
Po2,S1,3,up,Space,1791208345060.600,690, 
Po2,S1,3,down,KeyB,1791208345399.100,691,b
Po2,S1,3,up,KeyB,1791208345475.400,691,b
Po2,S1,3,down,KeyE,1791208345509.300,692,e
Po2,S1,3,up,KeyE,1791208345616.800,692,e
Po2,S1,3,down,KeyN,1791208345627.200,693,n
Po2,S1,3,up,KeyN,1791208345711.500,693,n
Po2,S1,3,down,KeyI,1791208345806.700,694,i
Po2,S1,3,down,KeyF,1791208345894.000,695,f
Po2,S1,3,up,KeyI,1791208345919.900,694,i
Po2,S1,3,up,KeyF,1791208345999.800,695,f
Po2,S1,3,down,KeyI,1791208346619.500,696,i
Po2,S1,3,up,KeyI,1791208346718.900,696,i
Po2,S1,3,down,KeyT,1791208346729.200,697,t
Po2,S1,3,up,KeyT,1791208346841.800,697,t
Po2,S1,3,down,KeyE,1791208346944.500,698,e
Po2,S1,3,up,KeyE,1791208347022.300,698,e
Po2,S1,3,down,KeyD,1791208347126.500,699,d
Po2,S1,3,up,Space,1791208347357.900,700, 
Po2,S1,3,down,KeyY,1791208347833.200,701,y
Po2,S1,3,up,KeyY,1791208347935.400,701,y
Po2,S1,3,down,KeyO,1791208347945.600,702,o
Po2,S1,3,up,KeyO,1791208348049.400,702,o
Po2,S1,3,down,KeyU,1791208348165.400,703,u
Po2,S1,3,up,KeyU,1791208348271.800,703,u
Po2,S1,3,down,Space,1791208348298.300,704, 
Po2,S1,3,up,Space,1791208348409.100,704, 
Po2,S1,3,up,KeyR,1791208348870.900,706,r
Po2,S1,3,down,KeyO,1791208349569.000,707,o
Po2,S1,3,up,KeyO,1791208349660.000,707,o
Po2,S1,3,down,KeyB,1791208349878.400,708,b
Po2,S1,3,up,KeyB,1791208349940.400,708,b
Po2,S1,3,down,KeyA,1791208350010.700,709,a
Po2,S1,3,down,KeyL,1791208350361.300,711,l
Po2,S1,3,down,KeyY,1791208350422.100,712,y
Po2,S1,3,up,KeyY,1791208350476.700,712,y
Po2,S1,3,down,Space,1791208350518.900,713, 
Po2,S1,3,up,Space,1791208350621.700,713, 
Po2,S1,3,down,KeyY,1791208350949.000,714,y
Po2,S1,3,up,KeyY,1791208351020.100,714,y
Po2,S1,3,down,KeyE,1791208351049.200,715,e
Po2,S1,3,up,KeyE,1791208351150.900,715,e
Po2,S1,3,down,KeyS,1791208351256.900,716,s
Po2,S1,3,up,KeyS,1791208351356.900,716,s
Po2,S1,3,down,Period,1791208351526.800,717,.
Po2,S1,3,up,Period,1791208351599.100,717,.
Po2,S1,3,down,Space,1791208351648.700,718, 
Po2,S1,3,up,Space,1791208351760.700,718, 
Po2,S1,3,down,ShiftLeft,1791208351870.000,719,Shift
Po2,S1,3,down,KeyL,1791208351967.100,720,L
Po2,S1,3,up,ShiftLeft,1791208352004.000,719,Shift
Po2,S1,3,up,KeyL,1791208352049.300,720,l
Po2,S1,3,down,KeyE,1791208352086.700,721,e
Po2,S1,3,down,KeyA,1791208352187.300,722,a
Po2,S1,3,up,KeyE,1791208352202.800,721,e
Po2,S1,3,up,KeyA,1791208352331.500,722,a
Po2,S1,3,down,KeyR,1791208352374.600,723,r
Po2,S1,3,up,KeyR,1791208352481.000,723,r
Po2,S1,3,down,KeyI,1791208352601.100,724,i
Po2,S1,3,up,KeyI,1791208352694.600,724,i
Po2,S1,3,down,Backspace,1791208352923.900,725,Backspace
Po2,S1,3,up,Backspace,1791208353010.100,725,Backspace
Po2,S1,3,down,KeyN,1791208353435.300,726,n
Po2,S1,3,down,KeyN,1791208353455.400,728,n
Po2,S1,3,up,KeyN,1791208353536.800,728,n
Po2,S1,3,down,KeyG,1791208353548.100,729,g
Po2,S1,3,down,Space,1791208353575.600,730, 
Po2,S1,3,up,KeyG,1791208353638.200,729,g
Po2,S1,3,up,Space,1791208353677.000,730, 
Po2,S1,3,down,KeyM,1791208353847.000,731,m
Po2,S1,3,up,KeyM,1791208353929.000,731,m
Po2,S1,3,down,KeyY,1791208354371.300,732,y
Po2,S1,3,up,KeyY,1791208354453.700,732,y
Po2,S1,3,down,Space,1791208354466.600,733, 
Po2,S1,3,up,Space,1791208354557.700,733, 
Po2,S1,3,down,KeyO,1791208354819.700,735,o
Po2,S1,3,up,KeyO,1791208354901.600,735,o
Po2,S1,3,down,KeyI,1791208354989.700,736,i
Po2,S1,3,up,KeyI,1791208355061.600,736,i
Po2,S1,3,down,KeyN,1791208355157.300,737,n
Po2,S1,3,down,KeyT,1791208355238.100,738,t
Po2,S1,3,up,KeyN,1791208355250.400,737,n
Po2,S1,3,down,Space,1791208355273.500,739, 
Po2,S1,3,up,KeyT,1791208355309.400,738,t
Po2,S1,3,up,Space,1791208355373.800,739, 
Po2,S1,3,down,KeyO,1791208355529.800,740,o
Po2,S1,3,down,KeyF,1791208355615.400,741,f
Po2,S1,3,up,KeyO,1791208355626.500,740,o
Po2,S1,3,up,KeyF,1791208355717.000,741,f
Po2,S1,3,down,Space,1791208355743.300,742, 
Po2,S1,3,up,Space,1791208355829.900,742, 
Po2,S1,3,down,KeyV,1791208356015.600,743,v
Po2,S1,3,up,KeyV,1791208356056.900,743,v
Po2,S1,3,down,Backspace,1791208356497.200,744,Backspace
Po2,S1,3,up,Backspace,1791208356601.000,744,Backspace
Po2,S1,3,down,KeyV,1791208356976.800,745,v
Po2,S1,3,up,KeyV,1791208357095.300,745,v
Po2,S1,3,down,KeyI,1791208357203.200,746,i
Po2,S1,3,up,KeyI,1791208357316.600,746,i
Po2,S1,3,down,KeyE,1791208357345.300,747,e
Po2,S1,3,down,KeyW,1791208357436.800,748,w
Po2,S1,3,up,KeyE,1791208357551.900,747,e
Po2,S1,3,up,KeyW,1791208357561.900,748,w
Po2,S1,3,down,Space,1791208357848.300,749, 
Po2,S1,3,up,Space,1791208357956.100,749, 
Po2,S1,3,down,KeyI,1791208358095.900,750,i
Po2,S1,3,up,KeyI,1791208358196.700,750,i
Po2,S1,3,down,KeyS,1791208358692.400,751,s
Po2,S1,3,up,KeyS,1791208358804.200,751,s
Po2,S1,3,down,Space,1791208358814.200,752, 
Po2,S1,3,up,Space,1791208358907.700,752, 
Po2,S1,3,down,KeyS,1791208358933.600,753,s
Po2,S1,3,up,KeyS,1791208359031.300,753,s
Po2,S1,3,down,KeyO,1791208359056.700,754,o
Po2,S1,3,up,KeyO,1791208359109.200,754,o
Po2,S1,3,down,KeyM,1791208359215.100,755,m
Po2,S1,3,down,KeyE,1791208359310.000,756,e
Po2,S1,3,up,KeyM,1791208359322.300,755,m
Po2,S1,3,up,KeyE,1791208359406.500,756,e
Po2,S1,3,down,KeyW,1791208359604.500,757,w
Po2,S1,3,up,KeyW,1791208359751.800,757,w
Po2,S1,3,down,KeyH,1791208359814.300,758,h
Po2,S1,3,up,KeyH,1791208359893.000,758,h
Po2,S1,3,down,KeyA,1791208359919.400,759,a
Po2,S1,3,up,KeyA,1791208360037.200,759,a
Po2,S1,3,down,KeyT,1791208360160.600,760,t
Po2,S1,3,up,KeyT,1791208360244.400,760,t
Po2,S1,3,down,Space,1791208360254.500,761, 
Po2,S1,3,up,Space,1791208360369.400,761, 
Po2,S1,3,down,KeyB,1791208360476.400,762,b
Po2,S1,3,up,KeyB,1791208360548.000,762,b
Po2,S1,3,down,KeyE,1791208360558.200,763,e
Po2,S1,3,up,KeyE,1791208360666.400,763,e
Po2,S1,3,down,KeyN,1791208360777.700,764,n
Po2,S1,3,up,KeyN,1791208360899.200,764,n
Po2,S1,3,down,KeyE,1791208360990.700,765,e
Po2,S1,3,up,KeyE,1791208361161.800,765,e
Po2,S1,3,down,KeyF,1791208363318.800,766,f
Po2,S1,3,up,KeyF,1791208363421.700,766,f
Po2,S1,3,down,KeyI,1791208363448.700,767,i
Po2,S1,3,up,KeyI,1791208363531.200,767,i
Po2,S1,3,down,KeyC,1791208363596.900,768,c
Po2,S1,3,down,KeyI,1791208363675.800,769,i
Po2,S1,3,up,KeyC,1791208363702.700,768,c
Po2,S1,3,up,KeyI,1791208363748.800,769,i
Po2,S1,3,down,KeyA,1791208363784.300,770,a
Po2,S1,3,up,KeyA,1791208363938.800,770,a
Po2,S1,3,down,Space,1791208364028.700,772, 
Po2,S1,3,up,KeyL,1791208364084.500,771,l
Po2,S1,3,up,Space,1791208364135.900,772, 
Po2,S1,3,down,KeyF,1791208367356.400,773,f
Po2,S1,3,down,KeyO,1791208367438.500,774,o
Po2,S1,3,up,KeyF,1791208367450.900,773,f
Po2,S1,3,up,KeyO,1791208367521.900,774,o
Po2,S1,3,down,KeyR,1791208367532.400,775,r
Po2,S1,3,up,KeyR,1791208367638.600,775,r
Po2,S1,3,down,Space,1791208367649.300,776, 
Po2,S1,3,up,Space,1791208367741.900,776, 
Po2,S1,3,down,KeyY,1791208367996.900,777,y
Po2,S1,3,up,KeyY,1791208368067.000,777,y
Po2,S1,3,down,KeyO,1791208368175.600,778,o
Po2,S1,3,up,KeyO,1791208368271.000,778,o
Po2,S1,3,down,KeyU,1791208368357.800,779,u
Po2,S1,3,down,Space,1791208368387.000,780, 
Po2,S1,3,up,KeyU,1791208368436.200,779,u
Po2,S1,3,up,Space,1791208368513.100,780, 
Po2,S1,3,up,KeyE,1791208368655.100,781,e
Po2,S1,3,down,KeyS,1791208368722.400,782,s
Po2,S1,3,up,KeyS,1791208368805.100,782,s
Po2,S1,3,down,KeyP,1791208368831.400,783,p
Po2,S1,3,down,KeyE,1791208368933.700,784,e
Po2,S1,3,up,KeyP,1791208368946.200,783,p
Po2,S1,3,up,KeyE,1791208369037.900,784,e
Po2,S1,3,down,KeyC,1791208369200.800,785,c
Po2,S1,3,down,KeyI,1791208369322.100,786,i
Po2,S1,3,up,KeyC,1791208369350.100,785,c
Po2,S1,3,up,KeyI,1791208369377.600,786,i
Po2,S1,3,down,KeyA,1791208369444.000,787,a
Po2,S1,3,up,KeyA,1791208369535.800,787,a
Po2,S1,3,down,KeyL,1791208369549.300,788,l
Po2,S1,3,up,KeyL,1791208369611.600,788,l
Po2,S1,3,down,KeyL,1791208369689.300,789,l
Po2,S1,3,up,KeyL,1791208369781.900,789,l
Po2,S1,3,down,KeyY,1791208369840.600,790,y
Po2,S1,3,down,Space,1791208369940.900,791, 
Po2,S1,3,up,KeyY,1791208369953.100,790,y
Po2,S1,3,up,Space,1791208370023.600,791, 
Po2,S1,3,down,KeyO,1791208370104.900,792,o
Po2,S1,3,up,KeyO,1791208370186.300,792,o
Po2,S1,3,down,KeyN,1791208370337.100,793,n
Po2,S1,3,up,KeyN,1791208370438.400,793,n
Po2,S1,3,down,Space,1791208370451.600,794, 
Po2,S1,3,up,Space,1791208370553.600,794, 
Po2,S1,3,down,KeyL,1791208370634.300,795,l
Po2,S1,3,down,KeyA,1791208370728.200,796,a
Po2,S1,3,up,KeyL,1791208370759.000,795,l
Po2,S1,3,up,KeyA,1791208370819.300,796,a
Po2,S1,3,down,KeyR,1791208370874.100,797,r
Po2,S1,3,up,KeyR,1791208370961.000,797,r
Po2,S1,3,down,KeyG,1791208371149.800,798,g
Po2,S1,3,up,KeyG,1791208371217.600,798,g
Po2,S1,3,down,KeyE,1791208371247.400,799,e
Po2,S1,3,down,Space,1791208371332.600,800, 
Po2,S1,3,up,KeyE,1791208371362.800,799,e
Po2,S1,3,up,KeyS,1791208371684.000,801,s
Po2,S1,3,down,KeyC,1791208371806.500,802,c
Po2,S1,3,up,KeyC,1791208371908.100,802,c
Po2,S1,3,down,KeyA,1791208372010.900,803,a
Po2,S1,3,up,KeyA,1791208372130.200,803,a
Po2,S1,3,down,KeyL,1791208372327.100,804,l
Po2,S1,3,up,KeyL,1791208372411.300,804,l
Po2,S1,3,down,KeyE,1791208372443.800,805,e
Po2,S1,3,up,KeyE,1791208372540.800,805,e
Po2,S1,3,down,KeyS,1791208372649.500,806,s
Po2,S1,3,up,KeyS,1791208372799.500,806,s
Po2,S1,3,down,Period,1791208373142.900,807,.
Po2,S1,3,up,Period,1791208373226.100,807,.
Po2,S1,3,down,Space,1791208373324.000,808, 
Po2,S1,3,up,Space,1791208373412.900,808, 
Po2,S1,3,down,ShiftLeft,1791208373423.700,809,Shift
Po2,S1,3,down,KeyS,1791208373613.500,810,S
Po2,S1,3,up,KeyS,1791208373723.700,810,S
Po2,S1,3,up,ShiftLeft,1791208373734.400,809,Shift
Po2,S1,3,down,KeyO,1791208373782.800,811,o
Po2,S1,3,down,Space,1791208373864.600,812, 
Po2,S1,3,up,KeyO,1791208373915.600,811,o
Po2,S1,3,up,Space,1791208373975.400,812, 
Po2,S1,3,down,KeyI,1791208375125.900,813,i
Po2,S1,3,up,KeyI,1791208375184.600,813,i
Po2,S1,3,down,KeyF,1791208375233.100,814,f
Po2,S1,3,up,KeyF,1791208375323.500,814,f
Po2,S1,3,down,Space,1791208375336.200,815, 
Po2,S1,3,up,Space,1791208375414.500,815, 
Po2,S1,3,down,KeyI,1791208375518.200,816,i
Po2,S1,3,down,KeyT,1791208375552.400,817,t
Po2,S1,3,up,KeyI,1791208375622.000,816,i
Po2,S1,3,down,Space,1791208375650.700,818, 
Po2,S1,3,up,Space,1791208375762.300,818, 
Po2,S1,3,down,KeyW,1791208375826.900,819,w
Po2,S1,3,up,KeyW,1791208375912.800,819,w
Po2,S1,3,up,KeyS,1791208376235.500,821,s
Po2,S1,3,up,Space,1791208376272.800,822, 
Po2,S1,3,down,KeyB,1791208376409.400,823,b
Po2,S1,3,down,KeyE,1791208376467.400,824,e
Po2,S1,3,up,KeyB,1791208376481.700,823,b
Po2,S1,3,up,KeyE,1791208376561.300,824,e
Po2,S1,3,down,KeyN,1791208376631.200,825,n
Po2,S1,3,up,KeyN,1791208376719.600,825,n
Po2,S1,3,down,KeyE,1791208376777.400,826,e
Po2,S1,3,up,KeyE,1791208376904.500,826,e
Po2,S1,3,down,KeyF,1791208377085.300,827,f
Po2,S1,3,up,KeyF,1791208377177.900,827,f
Po2,S1,3,down,KeyI,1791208377197.700,828,i
Po2,S1,3,up,KeyI,1791208377274.900,828,i
Po2,S1,3,down,KeyC,1791208377358.500,829,c
Po2,S1,3,up,KeyA,1791208377756.700,831,a
Po2,S1,3,down,Space,1791208377842.400,833, 
Po2,S1,3,up,Space,1791208377927.600,833, 
Po2,S1,3,down,KeyF,1791208377938.400,834,f
Po2,S1,3,up,KeyF,1791208378050.600,834,f
Po2,S1,3,down,KeyO,1791208378061.600,835,o
Po2,S1,3,down,KeyR,1791208378133.600,836,r
Po2,S1,3,up,KeyO,1791208378146.900,835,o
Po2,S1,3,down,Space,1791208378194.700,837, 
Po2,S1,3,up,KeyR,1791208378247.700,836,r
Po2,S1,3,up,Space,1791208378320.400,837, 
Po2,S1,3,down,KeyY,1791208378567.400,838,y
Po2,S1,3,down,KeyO,1791208378642.400,839,o
Po2,S1,3,up,KeyY,1791208378655.000,838,y
Po2,S1,3,up,KeyO,1791208378746.700,839,o
Po2,S1,3,down,KeyU,1791208378876.700,840,u
Po2,S1,3,down,Space,1791208378889.100,841, 
Po2,S1,3,up,KeyU,1791208378940.900,840,u
Po2,S1,3,up,Space,1791208379018.800,841, 
Po2,S1,3,down,KeyI,1791208379086.300,842,i
Po2,S1,3,up,KeyI,1791208379158.700,842,i
Po2,S1,3,down,KeyN,1791208379253.700,843,n
Po2,S1,3,down,Space,1791208379343.200,844, 
Po2,S1,3,up,KeyN,1791208379362.000,843,n
Po2,S1,3,down,KeyT,1791208379401.100,845,t
Po2,S1,3,up,Space,1791208379447.900,844, 
Po2,S1,3,up,KeyT,1791208379500.200,845,t
Po2,S1,3,down,KeyH,1791208379535.600,846,h
Po2,S1,3,up,KeyH,1791208379619.700,846,h
Po2,S1,3,down,KeyA,1791208379631.200,847,a
Po2,S1,3,up,KeyA,1791208379722.200,847,a
Po2,S1,3,down,KeyT,1791208379768.500,848,t
Po2,S1,3,down,Space,1791208379878.800,849, 
Po2,S1,3,up,KeyT,1791208379891.200,848,t
Po2,S1,3,up,Space,1791208379991.900,849, 
Po2,S1,3,down,KeyR,1791208380023.800,850,r
Po2,S1,3,down,KeyE,1791208380074.300,851,e
Po2,S1,3,up,KeyR,1791208380140.500,850,r
Po2,S1,3,up,KeyE,1791208380212.400,851,e
Po2,S1,3,down,KeyF,1791208380325.900,852,f
Po2,S1,3,up,KeyF,1791208380384.700,852,f
Po2,S1,3,down,Backspace,1791208380714.300,853,Backspace
Po2,S1,3,up,Backspace,1791208380853.400,853,Backspace
Po2,S1,3,down,KeyG,1791208380868.000,854,g
Po2,S1,3,up,KeyG,1791208380954.100,854,g
Po2,S1,3,down,KeyA,1791208381084.100,855,a
Po2,S1,3,up,KeyA,1791208381204.000,855,a
Po2,S1,3,down,KeyR,1791208381238.900,856,r
Po2,S1,3,up,KeyR,1791208381342.100,856,r
Po2,S1,3,down,KeyD,1791208381501.500,857,d
Po2,S1,3,up,KeyD,1791208381602.700,857,d
Po2,S1,3,down,Space,1791208381614.200,858, 
Po2,S1,3,up,Space,1791208381725.700,858, 
Po2,S1,3,down,KeyI,1791208381809.500,859,i
Po2,S1,3,up,KeyI,1791208381920.300,859,i
Po2,S1,3,down,Backspace,1791208382137.900,860,Backspace
Po2,S1,3,up,Backspace,1791208382229.600,860,Backspace
Po2,S1,3,down,ShiftLeft,1791208382283.800,861,Shift
Po2,S1,3,down,KeyI,1791208382423.300,862,I
Po2,S1,3,up,ShiftLeft,1791208382450.500,861,Shift
Po2,S1,3,up,KeyI,1791208382550.200,862,i
Po2,S1,3,up,Space,1791208382606.700,863, 
Po2,S1,3,down,KeyW,1791208382781.200,864,w
Po2,S1,3,up,KeyW,1791208382875.200,864,w
Po2,S1,3,down,KeyO,1791208382932.300,865,o
Po2,S1,3,up,KeyO,1791208383036.300,865,o
Po2,S1,3,down,KeyU,1791208383119.400,866,u
Po2,S1,3,up,KeyU,1791208383202.800,866,u
Po2,S1,3,down,KeyL,1791208383335.800,867,l
Po2,S1,3,up,KeyL,1791208383424.700,867,l
Po2,S1,3,down,Space,1791208383488.200,868, 
Po2,S1,3,up,Space,1791208383562.500,868, 
Po2,S1,3,down,Backspace,1791208384017.100,869,Backspace
Po2,S1,3,up,Backspace,1791208384093.700,869,Backspace
Po2,S1,3,down,KeyD,1791208384123.700,870,d
Po2,S1,3,up,KeyD,1791208384219.100,870,d
Po2,S1,3,down,Space,1791208384263.900,871, 
Po2,S1,3,up,Space,1791208384358.200,871, 
Po2,S1,3,down,KeyI,1791208384441.100,872,i
Po2,S1,3,up,KeyI,1791208384528.800,872,i
Po2,S1,3,down,KeyN,1791208384647.800,873,n
Po2,S1,3,down,Space,1791208384737.600,874, 
Po2,S1,3,up,KeyN,1791208384754.300,873,n
Po2,S1,3,up,Space,1791208384830.100,874, 
Po2,S1,3,down,KeyF,1791208384924.800,875,f
Po2,S1,3,up,KeyF,1791208385026.300,875,f
Po2,S1,3,up,KeyA,1791208385381.500,876,a
Po2,S1,3,up,KeyC,1791208385406.400,877,c
Po2,S1,3,down,KeyT,1791208385560.900,878,t
Po2,S1,3,up,KeyT,1791208385647.700,878,t
Po2,S1,3,down,Space,1791208385659.300,879, 
Po2,S1,3,up,Space,1791208385746.800,879, 
Po2,S1,3,down,KeyB,1791208385822.100,880,b
Po2,S1,3,up,KeyB,1791208385904.500,880,b
Po2,S1,3,down,KeyE,1791208385962.600,881,e
Po2,S1,3,up,KeyE,1791208386041.000,881,e
Po2,S1,3,down,KeyL,1791208386052.300,882,l
Po2,S1,3,up,KeyL,1791208386098.100,882,l
Po2,S1,3,down,KeyE,1791208386290.400,883,e
Po2,S1,3,up,KeyE,1791208386375.900,883,e
Po2,S1,3,up,Backspace,1791208386767.400,884,Backspace
Po2,S1,3,down,KeyI,1791208386879.600,885,i
Po2,S1,3,up,KeyI,1791208386980.700,885,i
Po2,S1,3,down,KeyE,1791208386992.300,886,e
Po2,S1,3,up,KeyE,1791208387068.600,886,e
Po2,S1,3,down,KeyV,1791208387167.000,887,v
Po2,S1,3,up,KeyV,1791208387291.500,887,v
Po2,S1,3,down,KeyE,1791208387339.400,888,e
Po2,S1,3,up,KeyE,1791208387485.100,888,e
Po2,S1,3,down,Space,1791208387546.000,889, 
Po2,S1,3,up,Space,1791208387652.100,889, 
Po2,S1,3,down,KeyY,1791208388024.400,890,y
Po2,S1,3,up,KeyY,1791208388102.200,890,y
Po2,S1,3,down,KeyU,1791208388450.300,892,u
Po2,S1,3,down,Space,1791208388480.900,893, 
Po2,S1,3,up,KeyU,1791208388529.800,892,u
Po2,S1,3,up,Space,1791208388600.300,893, 
Po2,S1,3,down,KeyE,1791208388611.300,894,e
Po2,S1,3,down,KeyN,1791208388717.200,895,n
Po2,S1,3,up,KeyE,1791208388733.200,894,e
Po2,S1,3,up,KeyN,1791208388795.900,895,n
Po2,S1,3,down,KeyJ,1791208389008.300,896,j
Po2,S1,3,up,KeyJ,1791208389070.200,896,j
Po2,S1,3,down,KeyO,1791208389169.800,897,o
Po2,S1,3,up,KeyO,1791208389262.400,897,o
Po2,S1,3,down,KeyY,1791208389385.500,898,y
Po2,S1,3,up,KeyY,1791208389464.200,898,y
Po2,S1,3,down,KeyE,1791208389476.800,899,e
Po2,S1,3,up,KeyE,1791208389564.700,899,e
Po2,S1,3,down,KeyT,1791208389987.200,902,t
Po2,S1,3,up,KeyT,1791208390086.100,902,t
Po2,S1,3,down,KeyH,1791208390119.100,903,h
Po2,S1,3,up,KeyH,1791208390183.800,903,h
Po2,S1,3,down,KeyE,1791208390214.900,904,e
Po2,S1,3,down,Space,1791208390282.300,905, 
Po2,S1,3,up,KeyE,1791208390313.000,904,e
Po2,S1,3,up,Space,1791208390374.100,905, 
Po2,S1,3,down,KeyC,1791208390499.000,906,c
Po2,S1,3,down,KeyO,1791208390549.400,907,o
Po2,S1,3,up,KeyC,1791208390641.300,906,c
Po2,S1,3,up,KeyO,1791208390671.600,907,o
Po2,S1,3,down,KeyN,1791208390772.700,908,n
Po2,S1,3,up,KeyN,1791208390865.000,908,n
Po2,S1,3,down,KeyV,1791208391028.800,909,v
Po2,S1,3,up,KeyV,1791208391117.100,909,v
Po2,S1,3,down,KeyE,1791208391129.200,910,e
Po2,S1,3,down,KeyR,1791208391184.600,911,r
Po2,S1,3,up,KeyE,1791208391241.000,910,e
Po2,S1,3,up,KeyR,1791208391297.700,911,r
Po2,S1,3,up,KeyS,1791208391524.400,912,s
Po2,S1,3,down,KeyA,1791208391608.200,913,a
Po2,S1,3,up,KeyA,1791208391656.100,913,a
Po2,S1,3,down,KeyT,1791208391821.000,914,t
Po2,S1,3,down,KeyI,1791208391872.400,915,i
Po2,S1,3,up,KeyT,1791208391905.700,914,t
Po2,S1,3,down,KeyO,1791208391936.000,916,o
Po2,S1,3,up,KeyI,1791208391979.000,915,i
Po2,S1,3,up,KeyO,1791208392044.600,916,o
Po2,S1,3,down,KeyN,1791208392133.500,917,n
Po2,S1,3,up,KeyN,1791208392234.200,917,n
Po2,S1,3,down,Period,1791208392450.500,918,.
Po2,S1,3,up,Period,1791208392539.000,918,.
Po2,S1,3,down,Enter,1791208393242.200,919,Enter
Po2,S1,4,up,Enter,1791208393344.000,919,Enter
Po2,S1,4,down,ShiftLeft,1791208456438.200,920,Shift
Po2,S1,4,up,ShiftLeft,1791208456808.800,920,Shift
Po2,S1,4,up,KeyY,1791208456853.900,921,y
Po2,S1,4,down,KeyE,1791208456912.200,922,e
Po2,S1,4,up,KeyE,1791208457008.500,922,e
Po2,S1,4,down,KeyS,1791208457104.000,923,s
Po2,S1,4,up,KeyS,1791208457196.900,923,s
Po2,S1,4,down,Space,1791208457209.100,924, 
Po2,S1,4,up,Space,1791208457320.500,924, 
Po2,S1,4,down,KeyA,1791208457332.200,925,a
Po2,S1,4,up,KeyA,1791208457408.300,925,a
Po2,S1,4,down,Space,1791208457420.200,926, 
Po2,S1,4,up,Space,1791208457497.000,926, 
Po2,S1,4,down,KeyP,1791208457598.600,927,p
Po2,S1,4,up,KeyP,1791208457696.200,927,p
Po2,S1,4,down,KeyL,1791208457810.500,928,l
Po2,S1,4,up,KeyL,1791208457910.100,928,l
Po2,S1,4,down,KeyA,1791208457942.800,929,a
Po2,S1,4,up,KeyA,1791208458043.500,929,a
Po2,S1,4,down,KeyN,1791208458126.300,930,n
Po2,S1,4,up,KeyN,1791208458205.100,930,n
Po2,S1,4,down,KeyT,1791208458217.800,931,t
Po2,S1,4,up,KeyT,1791208458320.400,931,t
Po2,S1,4,down,Space,1791208458333.000,932, 
Po2,S1,4,up,Space,1791208458416.900,932, 
Po2,S1,4,down,KeyE,1791208458447.800,933,e
Po2,S1,4,up,KeyE,1791208458565.700,933,e
Po2,S1,4,down,KeyN,1791208458600.100,934,n
Po2,S1,4,up,KeyN,1791208458694.900,934,n
Po2,S1,4,up,KeyH,1791208459068.600,935,h
Po2,S1,4,down,Backspace,1791208459143.000,936,Backspace
Po2,S1,4,up,Backspace,1791208459232.500,936,Backspace
Po2,S1,4,down,KeyJ,1791208459361.300,937,j
Po2,S1,4,up,KeyJ,1791208459434.100,937,j
Po2,S1,4,down,KeyO,1791208459504.500,938,o
Po2,S1,4,up,KeyO,1791208459605.700,938,o
Po2,S1,4,down,KeyY,1791208459709.700,939,y
Po2,S1,4,up,KeyY,1791208459777.400,939,y
Po2,S1,4,down,KeyE,1791208459790.500,940,e
Po2,S1,4,up,KeyE,1791208459863.300,940,e
Po2,S1,4,down,KeyS,1791208459967.600,941,s
Po2,S1,4,up,KeyS,1791208460064.500,941,s
Po2,S1,4,down,Space,1791208460096.000,942, 
Po2,S1,4,up,Space,1791208460204.600,942, 
Po2,S1,4,down,KeyS,1791208462735.600,943,s
Po2,S1,4,down,KeyU,1791208462834.600,944,u
Po2,S1,4,up,KeyS,1791208462850.000,943,s
Po2,S1,4,up,KeyU,1791208462900.100,944,u
Po2,S1,4,down,KeyN,1791208462987.900,945,n
Po2,S1,4,up,KeyN,1791208463067.300,945,n
Po2,S1,4,down,KeyL,1791208463167.100,946,l
Po2,S1,4,up,KeyL,1791208463246.400,946,l
Po2,S1,4,down,KeyG,1791208463521.700,948,g
Po2,S1,4,down,KeyH,1791208463586.500,949,h
Po2,S1,4,up,KeyH,1791208463644.100,949,h
Po2,S1,4,down,KeyT,1791208463656.600,950,t
Po2,S1,4,up,KeyT,1791208463755.000,950,t
Po2,S1,4,down,Space,1791208464136.700,951, 
Po2,S1,4,up,Space,1791208464241.900,951, 
Po2,S1,4,down,KeyA,1791208464274.500,952,a
Po2,S1,4,up,KeyA,1791208464361.700,952,a
Po2,S1,4,down,KeyS,1791208464443.400,953,s
Po2,S1,4,up,KeyS,1791208464556.000,953,s
Po2,S1,4,down,Space,1791208464593.800,954, 
Po2,S1,4,up,Space,1791208464682.400,954, 
Po2,S1,4,down,KeyI,1791208464808.600,955,i
Po2,S1,4,up,KeyI,1791208464908.700,955,i
Po2,S1,4,up,KeyT,1791208464988.600,956,t
Po2,S1,4,down,Space,1791208465022.300,957, 
Po2,S1,4,up,Space,1791208465135.900,957, 
Po2,S1,4,down,KeyS,1791208465482.500,958,s
Po2,S1,4,up,KeyS,1791208465515.500,958,s
Po2,S1,4,down,Backspace,1791208465608.000,959,Backspace
Po2,S1,4,up,Backspace,1791208465716.300,959,Backspace
Po2,S1,4,down,Backspace,1791208465840.800,960,Backspace
Po2,S1,4,up,Backspace,1791208465943.200,960,Backspace
Po2,S1,4,down,KeyS,1791208465976.700,961,s
Po2,S1,4,up,KeyS,1791208466079.700,961,s
Po2,S1,4,down,Space,1791208466092.000,962, 
Po2,S1,4,up,Space,1791208466165.400,962, 
Po2,S1,4,down,KeyP,1791208466278.100,963,p
Po2,S1,4,down,KeyA,1791208466343.300,964,a
Po2,S1,4,up,KeyP,1791208466379.800,963,p
Po2,S1,4,up,KeyA,1791208466460.300,964,a
Po2,S1,4,down,KeyR,1791208466565.900,965,r
Po2,S1,4,up,KeyR,1791208466674.300,965,r
Po2,S1,4,down,KeyT,1791208466731.100,966,t
Po2,S1,4,up,KeyT,1791208466819.800,966,t
Po2,S1,4,down,Space,1791208466833.400,967, 
Po2,S1,4,up,Space,1791208466905.400,967, 
Po2,S1,4,down,KeyO,1791208466954.000,968,o
Po2,S1,4,down,KeyF,1791208467018.700,969,f
Po2,S1,4,up,KeyO,1791208467062.300,968,o
Po2,S1,4,up,KeyF,1791208467135.800,969,f
Po2,S1,4,down,Space,1791208467170.000,970, 
Po2,S1,4,down,KeyA,1791208467242.400,971,a
Po2,S1,4,up,Space,1791208467256.400,970, 
Po2,S1,4,up,KeyA,1791208467349.700,971,a
Po2,S1,4,down,Space,1791208467369.800,972, 
Po2,S1,4,up,Space,1791208467479.800,972, 
Po2,S1,4,down,KeyP,1791208467720.000,973,p
Po2,S1,4,up,KeyP,1791208467869.800,973,p
Po2,S1,4,up,KeyO,1791208468229.900,974,o
Po2,S1,4,down,KeyS,1791208468295.700,975,s
Po2,S1,4,up,KeyS,1791208468382.400,975,s
Po2,S1,4,down,KeyI,1791208468425.400,976,i
Po2,S1,4,up,KeyI,1791208468527.700,976,i
Po2,S1,4,down,KeyT,1791208468546.200,977,t
Po2,S1,4,up,KeyT,1791208468637.600,977,t
Po2,S1,4,down,KeyI,1791208468652.100,978,i
Po2,S1,4,up,KeyI,1791208468749.000,978,i
Po2,S1,4,down,KeyV,1791208468809.100,979,v
Po2,S1,4,up,KeyV,1791208468941.800,979,v
Po2,S1,4,down,KeyE,1791208469055.900,980,e
Po2,S1,4,up,KeyE,1791208469159.400,980,e
Po2,S1,4,down,Space,1791208469194.600,981, 
Po2,S1,4,up,Space,1791208469275.000,981, 
Po2,S1,4,down,KeyF,1791208470184.900,982,f
Po2,S1,4,up,KeyF,1791208470276.200,982,f
Po2,S1,4,down,KeyE,1791208470376.900,983,e
Po2,S1,4,up,KeyE,1791208470444.500,983,e
Po2,S1,4,down,KeyE,1791208470512.300,984,e
Po2,S1,4,up,KeyE,1791208470584.200,984,e
Po2,S1,4,down,KeyD,1791208470679.400,985,d
Po2,S1,4,up,KeyD,1791208470782.600,985,d
Po2,S1,4,down,KeyB,1791208470941.800,986,b
Po2,S1,4,up,KeyB,1791208471015.900,986,b
Po2,S1,4,down,KeyA,1791208471051.400,987,a
Po2,S1,4,up,KeyA,1791208471134.200,987,a
Po2,S1,4,down,KeyC,1791208471207.700,988,c
Po2,S1,4,down,KeyK,1791208471320.900,989,k
Po2,S1,4,up,KeyC,1791208471342.200,988,c
Po2,S1,4,down,Space,1791208471444.800,990, 
Po2,S1,4,up,Space,1791208471506.100,990, 
Po2,S1,4,down,KeyL,1791208471592.100,991,l
Po2,S1,4,up,KeyL,1791208471657.400,991,l
Po2,S1,4,down,KeyO,1791208471788.100,992,o
Po2,S1,4,up,KeyO,1791208471839.900,992,o
Po2,S1,4,down,KeyO,1791208471936.400,993,o
Po2,S1,4,up,KeyO,1791208471987.200,993,o
Po2,S1,4,down,KeyP,1791208472112.400,994,p
Po2,S1,4,up,KeyP,1791208472178.500,994,p
Po2,S1,4,down,Period,1791208474280.000,995,.
Po2,S1,4,up,Period,1791208474362.100,995,.
Po2,S1,4,down,Space,1791208474441.400,996, 
Po2,S1,4,up,Space,1791208474533.000,996, 
Po2,S1,4,down,ShiftLeft,1791208474895.500,997,Shift
Po2,S1,4,down,KeyW,1791208475135.500,998,W
Po2,S1,4,up,KeyW,1791208475257.400,998,W
Po2,S1,4,up,ShiftLeft,1791208475330.400,997,Shift
Po2,S1,4,down,KeyH,1791208475987.300,999,h
Po2,S1,4,up,KeyH,1791208476038.600,999,h
Po2,S1,4,down,KeyE,1791208476078.800,1000,e
Po2,S1,4,down,KeyR,1791208476173.900,1001,r
Po2,S1,4,up,KeyE,1791208476194.700,1000,e
Po2,S1,4,up,KeyR,1791208476329.600,1001,r
Po2,S1,4,up,KeyE,1791208476387.200,1002,e
Po2,S1,4,down,Space,1791208476406.400,1003, 
Po2,S1,4,up,Space,1791208476471.500,1003, 
Po2,S1,4,down,KeyT,1791208478117.800,1004,t
Po2,S1,4,up,KeyT,1791208478211.400,1004,t
Po2,S1,4,down,KeyH,1791208478227.900,1005,h
Po2,S1,4,up,KeyH,1791208478287.500,1005,h
Po2,S1,4,down,KeyE,1791208478322.400,1006,e
Po2,S1,4,down,Space,1791208478373.300,1007, 
Po2,S1,4,up,KeyE,1791208478428.700,1006,e
Po2,S1,4,up,Space,1791208478475.800,1007, 
Po2,S1,4,down,KeyP,1791208478565.200,1008,p
Po2,S1,4,up,KeyP,1791208478636.300,1008,p
Po2,S1,4,down,KeyL,1791208478754.500,1009,l
Po2,S1,4,up,KeyL,1791208478858.900,1009,l
Po2,S1,4,down,KeyA,1791208479001.800,1010,a
Po2,S1,4,up,KeyA,1791208479108.900,1010,a
Po2,S1,4,down,KeyN,1791208479223.500,1011,n
Po2,S1,4,up,KeyN,1791208479296.200,1011,n
Po2,S1,4,down,KeyT,1791208479344.400,1012,t
Po2,S1,4,up,KeyT,1791208479464.300,1012,t
Po2,S1,4,down,KeyS,1791208479626.800,1013,s
Po2,S1,4,up,KeyS,1791208479708.100,1013,s
Po2,S1,4,down,Space,1791208479753.400,1014, 
Po2,S1,4,up,Space,1791208479839.000,1014, 
Po2,S1,4,down,Backspace,1791208486675.200,1015,Backspace
Po2,S1,4,up,Backspace,1791208486787.600,1015,Backspace
Po2,S1,4,down,Backspace,1791208486868.400,1016,Backspace
Po2,S1,4,up,Backspace,1791208487652.700,1016,Backspace
Po2,S1,4,down,Backspace,1791208487929.600,1017,Backspace
Po2,S1,4,up,Backspace,1791208487991.400,1017,Backspace
Po2,S1,4,down,Backspace,1791208488087.300,1018,Backspace
Po2,S1,4,up,Backspace,1791208488182.600,1018,Backspace
Po2,S1,4,down,Backspace,1791208488256.500,1019,Backspace
Po2,S1,4,up,Backspace,1791208488398.900,1019,Backspace
Po2,S1,4,down,Backspace,1791208488489.000,1020,Backspace
Po2,S1,4,up,Backspace,1791208488561.300,1020,Backspace
Po2,S1,4,down,Backspace,1791208488665.600,1021,Backspace
Po2,S1,4,up,Backspace,1791208488732.400,1021,Backspace
Po2,S1,4,down,Backspace,1791208488821.500,1022,Backspace
Po2,S1,4,up,Backspace,1791208488899.100,1022,Backspace
Po2,S1,4,down,Space,1791208489270.200,1023, 
Po2,S1,4,up,Space,1791208489407.600,1023, 
Po2,S1,4,down,ShiftLeft,1791208489444.300,1024,Shift
Po2,S1,4,down,KeyS,1791208489583.800,1025,S
Po2,S1,4,up,ShiftLeft,1791208489709.700,1024,Shift
Po2,S1,4,up,KeyS,1791208489726.200,1025,s
Po2,S1,4,down,KeyU,1791208489855.000,1026,u
Po2,S1,4,up,KeyU,1791208489938.300,1026,u
Po2,S1,4,down,KeyF,1791208489995.900,1027,f
Po2,S1,4,up,KeyF,1791208490052.100,1027,f
Po2,S1,4,down,KeyF,1791208490143.400,1028,f
Po2,S1,4,up,KeyF,1791208490235.700,1028,f
Po2,S1,4,down,KeyI,1791208490289.200,1029,i
Po2,S1,4,up,KeyI,1791208490395.400,1029,i
Po2,S1,4,down,KeyC,1791208490434.600,1030,c
Po2,S1,4,up,KeyC,1791208490533.000,1030,c
Po2,S1,4,down,KeyE,1791208490570.900,1031,e
Po2,S1,4,up,KeyE,1791208490687.500,1031,e
Po2,S1,4,down,Space,1791208490703.600,1032, 
Po2,S1,4,up,Space,1791208490789.100,1032, 
Po2,S1,4,down,KeyT,1791208490809.300,1033,t
Po2,S1,4,up,KeyT,1791208490909.100,1033,t
Po2,S1,4,down,KeyO,1791208490947.800,1034,o
Po2,S1,4,down,Space,1791208491016.100,1035, 
Po2,S1,4,up,KeyO,1791208491106.000,1034,o
Po2,S1,4,down,KeyS,1791208491145.300,1036,s
Po2,S1,4,up,KeyS,1791208491254.100,1036,s
Po2,S1,4,down,KeyA,1791208491347.900,1037,a
Po2,S1,4,up,KeyA,1791208491453.800,1037,a
Po2,S1,4,down,KeyY,1791208491937.200,1038,y
Po2,S1,4,up,KeyY,1791208492040.700,1038,y
Po2,S1,4,down,Space,1791208492095.300,1039, 
Po2,S1,4,up,Space,1791208492189.800,1039, 
Po2,S1,4,down,KeyA,1791208492607.600,1040,a
Po2,S1,4,down,Space,1791208492733.200,1041, 
Po2,S1,4,up,KeyA,1791208492750.400,1040,a
Po2,S1,4,up,Space,1791208492833.300,1041, 
Po2,S1,4,down,Backspace,1791208493096.700,1042,Backspace
Po2,S1,4,up,Backspace,1791208493178.000,1042,Backspace
Po2,S1,4,down,Backspace,1791208493252.700,1043,Backspace
Po2,S1,4,up,Backspace,1791208493340.300,1043,Backspace
Po2,S1,4,down,KeyW,1791208493496.800,1044,w
Po2,S1,4,up,KeyW,1791208493599.700,1044,w
Po2,S1,4,down,KeyH,1791208493620.400,1045,h
Po2,S1,4,up,KeyH,1791208493691.700,1045,h
Po2,S1,4,down,KeyE,1791208493712.500,1046,e
Po2,S1,4,down,KeyN,1791208493810.000,1047,n
Po2,S1,4,up,KeyE,1791208493826.500,1046,e
Po2,S1,4,down,Space,1791208493901.800,1048, 
Po2,S1,4,up,KeyN,1791208493917.500,1047,n
Po2,S1,4,up,Space,1791208494002.600,1048, 
Po2,S1,4,down,KeyA,1791208494017.500,1049,a
Po2,S1,4,down,Space,1791208494111.000,1050, 
Po2,S1,4,up,KeyA,1791208494127.200,1049,a
Po2,S1,4,up,Space,1791208494208.000,1050, 
Po2,S1,4,down,KeyP,1791208494265.600,1051,p
Po2,S1,4,up,KeyP,1791208494347.300,1051,p
Po2,S1,4,down,KeyL,1791208494463.300,1052,l
Po2,S1,4,up,KeyL,1791208494581.700,1052,l
Po2,S1,4,down,KeyA,1791208494619.800,1053,a
Po2,S1,4,up,KeyA,1791208494695.600,1053,a
Po2,S1,4,down,KeyN,1791208494714.400,1054,n
Po2,S1,4,up,KeyN,1791208494811.000,1054,n
Po2,S1,4,down,KeyT,1791208494830.200,1055,t
Po2,S1,4,up,KeyT,1791208494934.000,1055,t
Po2,S1,4,down,Space,1791208494950.000,1056, 
Po2,S1,4,up,Space,1791208495023.700,1056, 
Po2,S1,4,down,KeyI,1791208495098.600,1057,i
Po2,S1,4,down,KeyS,1791208495168.300,1058,s
Po2,S1,4,up,KeyI,1791208495184.200,1057,i
Po2,S1,4,down,Space,1791208495279.700,1059, 
Po2,S1,4,up,Space,1791208495357.200,1059, 
Po2,S1,4,down,KeyB,1791208495506.200,1060,b
Po2,S1,4,down,KeyE,1791208495587.600,1061,e
Po2,S1,4,up,KeyB,1791208495604.300,1060,b
Po2,S1,4,up,KeyE,1791208495690.400,1061,e
Po2,S1,4,down,KeyI,1791208495729.700,1062,i
Po2,S1,4,up,KeyI,1791208495779.000,1062,i
Po2,S1,4,down,KeyN,1791208495881.800,1063,n
Po2,S1,4,down,KeyG,1791208495941.000,1064,g
Po2,S1,4,up,KeyN,1791208495979.700,1063,n
Po2,S1,4,up,KeyG,1791208496041.300,1064,g
Po2,S1,4,down,Space,1791208496060.400,1065, 
Po2,S1,4,up,Space,1791208496158.400,1065, 
Po2,S1,4,down,KeyF,1791208496605.600,1066,f
Po2,S1,4,up,KeyF,1791208496703.900,1066,f
Po2,S1,4,down,KeyD,1791208496995.700,1068,d
Po2,S1,4,down,Space,1791208497059.500,1069, 
Po2,S1,4,up,Space,1791208497151.000,1069, 
Po2,S1,4,down,KeyW,1791208497166.700,1070,w
Po2,S1,4,up,KeyW,1791208497267.800,1070,w
Po2,S1,4,down,KeyH,1791208497380.100,1071,h
Po2,S1,4,up,KeyH,1791208497447.900,1071,h
Po2,S1,4,down,Backspace,1791208498203.500,1072,Backspace
Po2,S1,4,up,Backspace,1791208498291.300,1072,Backspace
Po2,S1,4,down,KeyE,1791208498354.900,1073,e
Po2,S1,4,up,KeyE,1791208498441.100,1073,e
Po2,S1,4,down,KeyL,1791208498552.600,1074,l
Po2,S1,4,up,KeyL,1791208498608.800,1074,l
Po2,S1,4,down,KeyL,1791208498698.500,1075,l
Po2,S1,4,up,KeyL,1791208498780.500,1075,l
Po2,S1,4,down,Space,1791208498820.100,1076, 
Po2,S1,4,up,Space,1791208498914.400,1076, 
Po2,S1,4,down,ShiftLeft,1791208498983.700,1077,Shift
Po2,S1,4,down,KeyI,1791208499057.300,1078,I
Po2,S1,4,up,ShiftLeft,1791208499128.100,1077,Shift
Po2,S1,4,up,KeyI,1791208499169.600,1078,i
Po2,S1,4,up,Space,1791208499237.700,1079, 
Po2,S1,4,down,KeyW,1791208499252.600,1080,w
Po2,S1,4,down,KeyO,1791208499337.000,1081,o
Po2,S1,4,up,KeyW,1791208499352.500,1080,w
Po2,S1,4,up,KeyO,1791208499436.500,1081,o
Po2,S1,4,down,KeyU,1791208499545.600,1082,u
Po2,S1,4,up,KeyU,1791208499627.700,1082,u
Po2,S1,4,down,KeyL,1791208499735.100,1083,l
Po2,S1,4,up,KeyL,1791208499817.500,1083,l
Po2,S1,4,down,KeyD,1791208499877.400,1084,d
Po2,S1,4,down,Space,1791208499964.700,1085, 
Po2,S1,4,up,KeyD,1791208499982.900,1084,d
Po2,S1,4,up,Space,1791208500065.600,1085, 
Po2,S1,4,down,KeyA,1791208500406.400,1086,a
Po2,S1,4,up,KeyA,1791208500499.200,1086,a
Po2,S1,4,down,KeyR,1791208500598.700,1087,r
Po2,S1,4,up,KeyR,1791208500706.200,1087,r
Po2,S1,4,down,KeyG,1791208500835.200,1088,g
Po2,S1,4,up,KeyG,1791208500902.200,1088,g
Po2,S1,4,down,KeyU,1791208501010.300,1089,u
Po2,S1,4,up,KeyU,1791208501102.500,1089,u
Po2,S1,4,down,KeyE,1791208501119.100,1090,e
Po2,S1,4,up,KeyE,1791208501245.300,1090,e
Po2,S1,4,down,Space,1791208501444.200,1091, 
Po2,S1,4,up,Space,1791208501543.600,1091, 
Po2,S1,4,down,KeyI,1791208501676.700,1092,i
Po2,S1,4,up,KeyI,1791208501772.500,1092,i
Po2,S1,4,down,KeyT,1791208501813.600,1093,t
Po2,S1,4,up,KeyT,1791208501918.000,1093,t
Po2,S1,4,down,Space,1791208501939.600,1094, 
Po2,S1,4,up,Space,1791208502042.000,1094, 
Po2,S1,4,down,KeyE,1791208502146.500,1095,e
Po2,S1,4,down,KeyN,1791208502247.000,1096,n
Po2,S1,4,up,KeyE,1791208502263.100,1095,e
Po2,S1,4,up,KeyN,1791208502352.300,1096,n
Po2,S1,4,down,KeyJ,1791208502533.400,1097,j
Po2,S1,4,up,KeyJ,1791208502595.900,1097,j
Po2,S1,4,down,KeyO,1791208502689.800,1098,o
Po2,S1,4,up,KeyO,1791208502766.900,1098,o
Po2,S1,4,down,KeyY,1791208502906.200,1099,y
Po2,S1,4,up,KeyY,1791208502968.200,1099,y
Po2,S1,4,down,KeyS,1791208503062.200,1100,s
Po2,S1,4,down,Space,1791208503164.400,1101, 
Po2,S1,4,up,KeyS,1791208503182.900,1100,s
Po2,S1,4,up,Space,1791208503280.200,1101, 
Po2,S1,4,down,KeyT,1791208503834.400,1102,t
Po2,S1,4,up,KeyT,1791208503919.900,1102,t
Po2,S1,4,down,KeyH,1791208503940.000,1103,h
Po2,S1,4,up,KeyH,1791208504034.200,1103,h
Po2,S1,4,down,KeyE,1791208504050.900,1104,e
Po2,S1,4,down,Space,1791208504111.100,1105, 
Po2,S1,4,up,KeyE,1791208504173.200,1104,e
Po2,S1,4,up,Space,1791208504218.300,1105, 
Po2,S1,4,up,KeyU,1791208504605.200,1107,u
Po2,S1,4,down,KeyN,1791208504706.200,1108,n
Po2,S1,4,up,KeyN,1791208504799.300,1108,n
Po2,S1,4,down,KeyL,1791208504898.500,1109,l
Po2,S1,4,up,KeyL,1791208504985.900,1109,l
Po2,S1,4,down,KeyI,1791208505074.000,1110,i
Po2,S1,4,up,KeyI,1791208505167.400,1110,i
Po2,S1,4,down,KeyG,1791208505261.500,1111,g
Po2,S1,4,up,KeyG,1791208505348.800,1111,g
Po2,S1,4,down,KeyH,1791208505372.600,1112,h
Po2,S1,4,up,KeyH,1791208505457.500,1112,h
Po2,S1,4,down,KeyT,1791208505477.500,1113,t
Po2,S1,4,up,KeyT,1791208505563.500,1113,t
Po2,S1,4,down,Period,1791208506115.100,1114,.
Po2,S1,4,up,Period,1791208506191.300,1114,.
Po2,S1,4,down,Space,1791208506278.300,1115, 
Po2,S1,4,up,Space,1791208506405.200,1115, 
Po2,S1,4,down,ShiftLeft,1791208506913.800,1116,Shift
Po2,S1,4,up,ShiftLeft,1791208507652.900,1116,Shift
Po2,S1,4,up,KeyE,1791208507694.400,1117,e
Po2,S1,4,down,KeyN,1791208507754.400,1118,n
Po2,S1,4,up,KeyN,1791208507801.700,1118,n
Po2,S1,4,down,KeyJ,1791208508015.000,1119,j
Po2,S1,4,up,KeyJ,1791208508119.300,1119,j
Po2,S1,4,down,KeyO,1791208508189.900,1120,o
Po2,S1,4,up,KeyO,1791208508272.500,1120,o
Po2,S1,4,down,KeyY,1791208508381.300,1121,y
Po2,S1,4,up,KeyY,1791208508451.900,1121,y
Po2,S1,4,down,KeyM,1791208508619.700,1122,m
Po2,S1,4,up,KeyM,1791208508695.000,1122,m
Po2,S1,4,down,KeyE,1791208508734.200,1123,e
Po2,S1,4,down,KeyN,1791208508814.500,1124,n
Po2,S1,4,up,KeyE,1791208508832.400,1123,e
Po2,S1,4,up,KeyN,1791208508906.500,1124,n
Po2,S1,4,down,KeyT,1791208508950.200,1125,t
Po2,S1,4,up,KeyT,1791208509053.800,1125,t
Po2,S1,4,down,Space,1791208509071.100,1126, 
Po2,S1,4,up,Space,1791208509153.200,1126, 
Po2,S1,4,down,KeyI,1791208509240.000,1127,i
Po2,S1,4,down,KeyS,1791208509318.100,1128,s
Po2,S1,4,up,KeyI,1791208509338.400,1127,i
Po2,S1,4,down,Space,1791208509404.000,1129, 
Po2,S1,4,up,KeyS,1791208509444.500,1128,s
Po2,S1,4,up,Space,1791208509495.300,1129, 
Po2,S1,4,down,KeyN,1791208509630.700,1130,n
Po2,S1,4,up,KeyN,1791208509733.700,1130,n
Po2,S1,4,down,KeyO,1791208509818.700,1131,o
Po2,S1,4,up,KeyO,1791208509915.000,1131,o
Po2,S1,4,down,KeyT,1791208509932.400,1132,t
Po2,S1,4,up,KeyT,1791208510016.700,1132,t
Po2,S1,4,down,Space,1791208510064.000,1133, 
Po2,S1,4,up,Space,1791208510173.400,1133, 
Po2,S1,4,down,KeyJ,1791208510256.200,1134,j
Po2,S1,4,up,KeyJ,1791208510327.300,1134,j
Po2,S1,4,down,KeyU,1791208510419.900,1135,u
Po2,S1,4,up,KeyU,1791208510491.200,1135,u
Po2,S1,4,down,KeyS,1791208510507.900,1136,s
Po2,S1,4,up,KeyS,1791208510614.900,1136,s
Po2,S1,4,down,Space,1791208510726.800,1138, 
Po2,S1,4,up,KeyT,1791208510769.900,1137,t
Po2,S1,4,up,Space,1791208510826.300,1138, 
Po2,S1,4,down,KeyL,1791208510911.200,1139,l
Po2,S1,4,up,KeyL,1791208511013.000,1139,l
Po2,S1,4,down,KeyA,1791208511057.700,1140,a
Po2,S1,4,up,KeyA,1791208511124.700,1140,a
Po2,S1,4,down,KeyU,1791208511562.400,1141,u
Po2,S1,4,up,KeyU,1791208511637.800,1141,u
Po2,S1,4,down,KeyG,1791208511682.100,1142,g
Po2,S1,4,up,KeyG,1791208511764.300,1142,g
Po2,S1,4,down,KeyH,1791208511788.500,1143,h
Po2,S1,4,up,KeyH,1791208511843.800,1143,h
Po2,S1,4,down,KeyG,1791208512261.900,1146,g
Po2,S1,4,down,Space,1791208512376.600,1147, 
Po2,S1,4,up,Space,1791208512458.700,1147, 
Po2,S1,4,down,KeyT,1791208512513.900,1148,t
Po2,S1,4,up,KeyT,1791208512614.800,1148,t
Po2,S1,4,down,KeyH,1791208512640.100,1149,h
Po2,S1,4,up,KeyH,1791208512727.700,1149,h
Po2,S1,4,down,KeyA,1791208512744.000,1150,a
Po2,S1,4,up,KeyA,1791208512839.600,1150,a
Po2,S1,4,down,KeyT,1791208512933.800,1151,t
Po2,S1,4,up,KeyT,1791208513008.900,1151,t
Po2,S1,4,down,KeyS,1791208513139.900,1152,s
Po2,S1,4,up,KeyS,1791208513200.500,1152,s
Po2,S1,4,down,Space,1791208513243.500,1153, 
Po2,S1,4,up,Space,1791208513327.200,1153, 
Po2,S1,4,down,KeyA,1791208513370.200,1154,a
Po2,S1,4,up,KeyA,1791208513473.100,1154,a
Po2,S1,4,down,Space,1791208513490.800,1155, 
Po2,S1,4,up,Space,1791208513564.000,1155, 
Po2,S1,4,down,KeyV,1791208513791.700,1156,v
Po2,S1,4,up,KeyV,1791208513883.100,1156,v
Po2,S1,4,down,KeyE,1791208513991.600,1157,e
Po2,S1,4,down,KeyR,1791208514072.600,1158,r
Po2,S1,4,up,KeyE,1791208514170.600,1157,e
Po2,S1,4,up,KeyR,1791208514187.800,1158,r
Po2,S1,4,down,KeyY,1791208514250.700,1159,y
Po2,S1,4,up,KeyY,1791208514347.400,1159,y
Po2,S1,4,down,Space,1791208514391.400,1160, 
Po2,S1,4,up,Space,1791208514478.200,1160, 
Po2,S1,4,down,KeyF,1791208515838.100,1161,f
Po2,S1,4,up,KeyF,1791208515923.700,1161,f
Po2,S1,4,down,KeyA,1791208515994.400,1162,a
Po2,S1,4,up,KeyA,1791208516111.200,1162,a
Po2,S1,4,down,KeyC,1791208516195.100,1163,c
Po2,S1,4,up,KeyC,1791208516346.300,1163,c
Po2,S1,4,down,KeyE,1791208516391.700,1164,e
Po2,S1,4,up,KeyE,1791208516522.600,1164,e
Po2,S1,4,down,Space,1791208516566.600,1165, 
Po2,S1,4,up,Space,1791208516674.100,1165, 
Po2,S1,4,down,KeyV,1791208516926.600,1166,v
Po2,S1,4,up,KeyV,1791208517048.100,1166,v
Po2,S1,4,down,KeyA,1791208517147.100,1167,a
Po2,S1,4,up,KeyA,1791208517275.100,1167,a
Po2,S1,4,down,KeyL,1791208517299.200,1168,l
Po2,S1,4,up,KeyL,1791208517386.500,1168,l
Po2,S1,4,down,KeyU,1791208517499.800,1169,u
Po2,S1,4,up,KeyU,1791208517558.100,1169,u
Po2,S1,4,down,KeyE,1791208517600.300,1170,e
Po2,S1,4,up,Space,1791208517964.300,1171, 
Po2,S1,4,down,KeyT,1791208520182.400,1172,t
Po2,S1,4,up,KeyT,1791208520270.300,1172,t
Po2,S1,4,down,KeyA,1791208520393.300,1173,a
Po2,S1,4,up,KeyA,1791208520512.500,1173,a
Po2,S1,4,down,KeyK,1791208520530.400,1174,k
Po2,S1,4,up,KeyK,1791208520602.800,1174,k
Po2,S1,4,down,KeyE,1791208520645.300,1175,e
Po2,S1,4,up,KeyE,1791208520754.000,1175,e
Po2,S1,4,down,Period,1791208521598.700,1176,.
Po2,S1,4,up,Period,1791208521666.000,1176,.
Po2,S1,4,down,Space,1791208521796.000,1177, 
Po2,S1,4,up,Space,1791208521883.900,1177, 
Po2,S1,4,down,ShiftLeft,1791208526751.100,1178,Shift
Po2,S1,4,down,KeyA,1791208527053.900,1179,A
Po2,S1,4,up,KeyA,1791208527155.200,1179,A
Po2,S1,4,up,ShiftLeft,1791208527173.200,1178,Shift
Po2,S1,4,down,KeyN,1791208527273.700,1180,n
Po2,S1,4,up,KeyN,1791208527345.800,1180,n
Po2,S1,4,down,KeyD,1791208527362.200,1181,d
Po2,S1,4,down,Space,1791208527457.600,1182, 
Po2,S1,4,up,KeyD,1791208527477.100,1181,d
Po2,S1,4,down,KeyA,1791208527552.800,1183,a
Po2,S1,4,down,KeyB,1791208527668.000,1184,b
Po2,S1,4,up,KeyA,1791208527686.700,1183,a
Po2,S1,4,up,KeyB,1791208527749.300,1184,b
Po2,S1,4,down,KeyO,1791208527798.300,1185,o
Po2,S1,4,up,KeyO,1791208527902.600,1185,o
Po2,S1,4,down,KeyU,1791208527991.300,1186,u
Po2,S1,4,up,KeyU,1791208528072.500,1186,u
Po2,S1,4,down,KeyT,1791208528116.700,1187,t
Po2,S1,4,down,Space,1791208528192.800,1188, 
Po2,S1,4,up,KeyT,1791208528212.600,1187,t
Po2,S1,4,up,Space,1791208528275.500,1188, 
Po2,S1,4,down,KeyT,1791208528297.400,1189,t
Po2,S1,4,up,KeyT,1791208528385.200,1189,t
Po2,S1,4,up,KeyH,1791208528447.900,1190,h
Po2,S1,4,down,KeyE,1791208528550.000,1191,e
Po2,S1,4,down,Space,1791208528676.000,1192, 
Po2,S1,4,up,KeyE,1791208528695.000,1191,e
Po2,S1,4,up,Space,1791208528774.400,1192, 
Po2,S1,4,down,KeyW,1791208531487.900,1193,w
Po2,S1,4,up,KeyW,1791208531595.500,1193,w
Po2,S1,4,down,KeyH,1791208531621.600,1194,h
Po2,S1,4,up,KeyH,1791208531693.100,1194,h
Po2,S1,4,down,KeyO,1791208531813.100,1195,o
Po2,S1,4,up,KeyO,1791208531884.700,1195,o
Po2,S1,4,down,KeyL,1791208532003.900,1196,l
Po2,S1,4,up,KeyL,1791208532086.900,1196,l
Po2,S1,4,down,KeyE,1791208532106.500,1197,e
Po2,S1,4,down,Space,1791208532186.300,1198, 
Po2,S1,4,up,KeyE,1791208532203.800,1197,e
Po2,S1,4,up,Space,1791208532281.300,1198, 
Po2,S1,4,down,KeyE,1791208535431.200,1199,e
Po2,S1,4,up,KeyE,1791208535499.200,1199,e
Po2,S1,4,down,KeyL,1791208536146.200,1201,l
Po2,S1,4,up,KeyL,1791208536233.000,1201,l
Po2,S1,4,down,KeyE,1791208536474.700,1202,e
Po2,S1,4,up,KeyE,1791208536562.800,1202,e
Po2,S1,4,down,KeyA,1791208536605.100,1203,a
Po2,S1,4,up,KeyA,1791208536733.400,1203,a
Po2,S1,4,down,KeyR,1791208536793.900,1204,r
Po2,S1,4,up,KeyR,1791208536895.200,1204,r
Po2,S1,4,down,KeyN,1791208536939.100,1205,n
Po2,S1,4,up,KeyN,1791208536996.700,1205,n
Po2,S1,4,down,KeyI,1791208537079.100,1206,i
Po2,S1,4,up,KeyI,1791208537161.800,1206,i
Po2,S1,4,down,KeyN,1791208537242.500,1207,n
Po2,S1,4,down,KeyG,1791208537316.000,1208,g
Po2,S1,4,up,KeyN,1791208537333.300,1207,n
Po2,S1,4,up,KeyG,1791208537417.700,1208,g
Po2,S1,4,down,Space,1791208537461.700,1209, 
Po2,S1,4,up,Space,1791208537555.600,1209, 
Po2,S1,4,down,KeyT,1791208537695.500,1210,t
Po2,S1,4,up,KeyT,1791208537802.900,1210,t
Po2,S1,4,down,KeyH,1791208537821.300,1211,h
Po2,S1,4,up,KeyH,1791208537887.800,1211,h
Po2,S1,4,down,KeyI,1791208537979.700,1212,i
Po2,S1,4,up,KeyI,1791208538038.000,1212,i
Po2,S1,4,down,KeyN,1791208538133.500,1213,n
Po2,S1,4,up,KeyN,1791208538220.200,1213,n
Po2,S1,4,down,KeyG,1791208538240.800,1214,g
Po2,S1,4,up,KeyG,1791208538340.500,1214,g
Po2,S1,4,down,Period,1791208538848.400,1215,.
Po2,S1,4,up,Period,1791208538917.200,1215,.
Po2,S1,4,down,Space,1791208539035.200,1216, 
Po2,S1,4,up,Space,1791208539111.700,1216, 
Po2,S1,4,down,ShiftLeft,1791208539480.000,1217,Shift
Po2,S1,4,down,KeyI,1791208540692.100,1218,I
Po2,S1,4,up,KeyI,1791208540755.600,1218,I
Po2,S1,4,up,ShiftLeft,1791208540799.000,1217,Shift
Po2,S1,4,down,KeyT,1791208540941.000,1219,t
Po2,S1,4,up,KeyT,1791208541037.200,1219,t
Po2,S1,4,down,KeyS,1791208541167.500,1220,s
Po2,S1,4,down,Space,1791208541278.700,1221, 
Po2,S1,4,up,KeyS,1791208541298.200,1220,s
Po2,S1,4,up,Space,1791208541362.400,1221, 
Po2,S1,4,down,KeyM,1791208541439.200,1222,m
Po2,S1,4,up,KeyM,1791208541506.400,1222,m
Po2,S1,4,down,KeyO,1791208541603.700,1223,o
Po2,S1,4,up,KeyO,1791208541679.700,1223,o
Po2,S1,4,down,KeyR,1791208541699.000,1224,r
Po2,S1,4,down,KeyE,1791208541743.200,1225,e
Po2,S1,4,up,KeyR,1791208541815.700,1224,r
Po2,S1,4,up,KeyE,1791208541861.700,1225,e
Po2,S1,4,up,Space,1791208541935.400,1226, 
Po2,S1,4,down,KeyT,1791208541952.100,1227,t
Po2,S1,4,down,KeyH,1791208542050.700,1228,h
Po2,S1,4,up,KeyH,1791208542121.400,1228,h
Po2,S1,4,down,KeyA,1791208542164.200,1229,a
Po2,S1,4,up,KeyA,1791208542248.800,1229,a
Po2,S1,4,down,KeyT,1791208542332.200,1230,t
Po2,S1,4,up,KeyT,1791208542435.700,1230,t
Po2,S1,4,down,Space,1791208542458.000,1231, 
Po2,S1,4,up,Space,1791208542519.200,1231, 
Po2,S1,4,down,KeyI,1791208542616.300,1232,i
Po2,S1,4,down,KeyF,1791208542682.000,1233,f
Po2,S1,4,up,KeyI,1791208542702.200,1232,i
Po2,S1,4,up,KeyF,1791208542793.600,1233,f
Po2,S1,4,down,Space,1791208542837.900,1234, 
Po2,S1,4,up,Space,1791208542919.400,1234, 
Po2,S1,4,down,KeyY,1791208543335.400,1235,y
Po2,S1,4,down,KeyO,1791208543385.300,1236,o
Po2,S1,4,up,KeyY,1791208543431.200,1235,y
Po2,S1,4,up,KeyO,1791208543479.400,1236,o
Po2,S1,4,down,KeyU,1791208543572.000,1237,u
Po2,S1,4,down,Space,1791208543673.900,1238, 
Po2,S1,4,up,KeyU,1791208543692.900,1237,u
Po2,S1,4,down,KeyW,1791208543763.900,1239,w
Po2,S1,4,up,Space,1791208543796.100,1238, 
Po2,S1,4,down,KeyE,1791208543847.600,1240,e
Po2,S1,4,up,KeyW,1791208543891.100,1239,w
Po2,S1,4,down,KeyR,1791208543959.900,1241,r
Po2,S1,4,up,KeyE,1791208543978.600,1240,e
Po2,S1,4,up,KeyR,1791208544094.700,1241,r
Po2,S1,4,down,KeyE,1791208544113.800,1242,e
Po2,S1,4,up,KeyE,1791208544220.200,1242,e
Po2,S1,4,down,Space,1791208544238.300,1243, 
Po2,S1,4,up,Space,1791208544324.100,1243, 
Po2,S1,4,down,KeyU,1791208544535.800,1244,u
Po2,S1,4,up,KeyU,1791208544616.700,1244,u
Po2,S1,4,down,KeyS,1791208544640.900,1245,s
Po2,S1,4,up,KeyS,1791208544742.700,1245,s
Po2,S1,4,down,KeyI,1791208544760.400,1246,i
Po2,S1,4,up,KeyI,1791208544831.300,1246,i
Po2,S1,4,down,KeyN,1791208544923.500,1247,n
Po2,S1,4,down,KeyG,1791208544973.900,1248,g
Po2,S1,4,up,KeyN,1791208545020.800,1247,n
Po2,S1,4,down,Space,1791208545064.100,1249, 
Po2,S1,4,up,KeyG,1791208545083.400,1248,g
Po2,S1,4,up,Space,1791208545150.700,1249, 
Po2,S1,4,down,KeyT,1791208545175.300,1250,t
Po2,S1,4,down,KeyH,1791208545236.900,1251,h
Po2,S1,4,up,KeyH,1791208545296.800,1251,h
Po2,S1,4,down,KeyI,1791208545398.100,1252,i
Po2,S1,4,up,KeyI,1791208545473.700,1252,i
Po2,S1,4,down,KeyS,1791208545491.300,1253,s
Po2,S1,4,up,KeyS,1791208545574.100,1253,s
Po2,S1,4,down,Space,1791208545591.300,1254, 
Po2,S1,4,up,Space,1791208545654.700,1254, 
Po2,S1,4,down,KeyD,1791208545716.400,1255,d
Po2,S1,4,up,KeyD,1791208545818.500,1255,d
Po2,S1,4,down,KeyA,1791208545842.500,1256,a
Po2,S1,4,up,KeyA,1791208545949.800,1256,a
Po2,S1,4,down,KeyT,1791208546057.400,1257,t
Po2,S1,4,up,KeyT,1791208546133.700,1257,t
Po2,S1,4,down,KeyA,1791208546254.300,1258,a
Po2,S1,4,up,KeyA,1791208546367.100,1258,a
Po2,S1,4,down,Space,1791208546411.400,1259, 
Po2,S1,4,up,Space,1791208546504.500,1259, 
Po2,S1,4,down,KeyF,1791208546854.900,1260,f
Po2,S1,4,up,KeyF,1791208546965.700,1260,f
Po2,S1,4,down,KeyO,1791208547043.600,1261,o
Po2,S1,4,up,KeyO,1791208547118.500,1261,o
Po2,S1,4,down,KeyR,1791208547142.300,1262,r
Po2,S1,4,up,KeyR,1791208547247.900,1262,r
Po2,S1,4,down,Space,1791208547292.200,1263, 
Po2,S1,4,up,Space,1791208547375.800,1263, 
Po2,S1,4,down,KeyL,1791208547763.200,1264,l
Po2,S1,4,up,KeyL,1791208547858.400,1264,l
Po2,S1,4,down,KeyE,1791208549516.100,1265,e
Po2,S1,4,down,KeyA,1791208549669.200,1266,a
Po2,S1,4,up,KeyA,1791208549784.500,1266,a
Po2,S1,4,down,KeyR,1791208549883.700,1267,r
Po2,S1,4,up,KeyR,1791208550027.700,1267,r
Po2,S1,4,down,Backspace,1791208550417.800,1268,Backspace
Po2,S1,4,up,Backspace,1791208550495.400,1268,Backspace
Po2,S1,4,down,Backspace,1791208550575.700,1269,Backspace
Po2,S1,4,up,Backspace,1791208550645.600,1269,Backspace
Po2,S1,4,down,Backspace,1791208550741.700,1270,Backspace
Po2,S1,4,up,Backspace,1791208550799.900,1270,Backspace
Po2,S1,4,down,Backspace,1791208550877.600,1271,Backspace
Po2,S1,4,up,Backspace,1791208550953.000,1271,Backspace
Po2,S1,4,down,KeyM,1791208551325.400,1272,m
Po2,S1,4,up,KeyM,1791208551459.300,1272,m
Po2,S1,4,down,KeyA,1791208551478.500,1273,a
Po2,S1,4,up,KeyA,1791208551573.300,1273,a
Po2,S1,4,down,KeyC,1791208552355.300,1274,c
Po2,S1,4,up,KeyC,1791208552467.800,1274,c
Po2,S1,4,down,KeyH,1791208552486.700,1275,h
Po2,S1,4,up,KeyH,1791208552556.700,1275,h
Po2,S1,4,up,KeyN,1791208552921.700,1277,n
Po2,S1,4,up,Space,1791208553064.000,1279, 
Po2,S1,4,down,KeyL,1791208553156.200,1280,l
Po2,S1,4,down,KeyE,1791208553217.500,1281,e
Po2,S1,4,up,KeyL,1791208553304.300,1280,l
Po2,S1,4,up,KeyE,1791208553328.400,1281,e
Po2,S1,4,down,KeyA,1791208553372.000,1282,a
Po2,S1,4,up,KeyA,1791208553521.400,1282,a
Po2,S1,4,down,KeyR,1791208553586.900,1283,r
Po2,S1,4,up,KeyR,1791208553700.900,1283,r
Po2,S1,4,down,KeyN,1791208553790.700,1284,n
Po2,S1,4,up,KeyN,1791208553862.800,1284,n
Po2,S1,4,down,KeyI,1791208553957.900,1285,i
Po2,S1,4,up,KeyI,1791208554024.000,1285,i
Po2,S1,4,down,KeyN,1791208554130.000,1286,n
Po2,S1,4,down,KeyG,1791208554192.900,1287,g
Po2,S1,4,up,KeyN,1791208554220.200,1286,n
Po2,S1,4,up,KeyG,1791208554287.300,1287,g
Po2,S1,4,down,Space,1791208554382.100,1288, 
Po2,S1,4,up,Space,1791208554534.300,1288, 
Po2,S1,4,down,KeyL,1791208554871.200,1289,l
Po2,S1,4,up,KeyL,1791208554978.000,1289,l
Po2,S1,4,down,KeyI,1791208555116.700,1290,i
Po2,S1,4,up,KeyI,1791208555174.100,1290,i
Po2,S1,4,down,KeyK,1791208555308.100,1291,k
Po2,S1,4,up,KeyK,1791208555373.900,1291,k
Po2,S1,4,down,KeyE,1791208555400.200,1292,e
Po2,S1,4,down,Space,1791208555473.800,1293, 
Po2,S1,4,up,KeyE,1791208555496.800,1292,e
Po2,S1,4,up,Space,1791208555566.500,1293, 
Po2,S1,4,down,KeyK,1791208555970.400,1294,k
Po2,S1,4,up,KeyK,1791208556059.500,1294,k
Po2,S1,4,down,KeyE,1791208556079.900,1295,e
Po2,S1,4,up,KeyE,1791208556188.200,1295,e
Po2,S1,4,down,KeyY,1791208556331.300,1296,y
Po2,S1,4,up,KeyY,1791208556402.400,1296,y
Po2,S1,4,down,KeyS,1791208556459.700,1297,s
Po2,S1,4,up,KeyS,1791208556579.000,1297,s
Po2,S1,4,down,KeyT,1791208556649.400,1298,t
Po2,S1,4,down,KeyR,1791208556769.900,1299,r
Po2,S1,4,up,KeyT,1791208556797.200,1298,t
Po2,S1,4,up,KeyR,1791208556916.700,1299,r
Po2,S1,4,down,KeyO,1791208556935.900,1300,o
Po2,S1,4,up,KeyO,1791208557016.900,1300,o
Po2,S1,4,down,KeyK,1791208557139.600,1301,k
Po2,S1,4,down,KeyE,1791208557218.200,1302,e
Po2,S1,4,up,KeyK,1791208557237.800,1301,k
Po2,S1,4,up,KeyE,1791208557309.600,1302,e
Po2,S1,4,down,KeyS,1791208557425.700,1303,s
Po2,S1,4,up,KeyS,1791208557546.700,1303,s
Po2,S1,4,down,Space,1791208557596.600,1304, 
Po2,S1,4,up,Space,1791208557669.600,1304, 
Po2,S1,4,down,KeyO,1791208557773.600,1305,o
Po2,S1,4,up,KeyO,1791208557866.200,1305,o
Po2,S1,4,down,KeyR,1791208557884.500,1306,r
Po2,S1,4,up,KeyR,1791208557982.200,1306,r
Po2,S1,4,down,Space,1791208558002.100,1307, 
Po2,S1,4,up,Space,1791208558077.800,1307, 
Po2,S1,4,down,KeyP,1791208564504.000,1308,p
Po2,S1,4,up,KeyP,1791208564610.100,1308,p
Po2,S1,4,down,KeyA,1791208564629.700,1309,a
Po2,S1,4,up,KeyA,1791208564733.000,1309,a
Po2,S1,4,down,KeyT,1791208564829.800,1310,t
Po2,S1,4,up,KeyT,1791208565112.400,1311,t
Po2,S1,4,down,KeyE,1791208565801.000,1312,e
Po2,S1,4,down,KeyR,1791208565915.000,1313,r
Po2,S1,4,up,KeyE,1791208565971.000,1312,e
Po2,S1,4,up,KeyR,1791208566047.100,1313,r
Po2,S1,4,down,KeyN,1791208566415.300,1314,n
Po2,S1,4,up,KeyN,1791208566519.900,1314,n
Po2,S1,4,down,KeyS,1791208566540.100,1315,s
Po2,S1,4,up,KeyS,1791208566645.600,1315,s
Po2,S1,4,down,Space,1791208566903.700,1316, 
Po2,S1,4,up,Space,1791208566999.300,1316, 
Po2,S1,4,down,KeyT,1791208567105.700,1317,t
Po2,S1,4,up,KeyT,1791208567208.800,1317,t
Po2,S1,4,down,KeyH,1791208567234.600,1318,h
Po2,S1,4,up,KeyH,1791208567301.500,1318,h
Po2,S1,4,down,KeyE,1791208567323.100,1319,e
Po2,S1,4,down,KeyN,1791208567423.100,1320,n
Po2,S1,4,up,KeyE,1791208567444.500,1319,e
Po2,S1,4,down,Space,1791208567527.400,1321, 
Po2,S1,4,up,KeyN,1791208567547.400,1320,n
Po2,S1,4,up,Space,1791208567614.500,1321, 
Po2,S1,4,down,KeyY,1791208568027.900,1322,y
Po2,S1,4,up,KeyY,1791208568107.700,1322,y
Po2,S1,4,down,KeyE,1791208568155.300,1323,e
Po2,S1,4,up,KeyE,1791208568265.900,1323,e
Po2,S1,4,down,KeyS,1791208568319.400,1324,s
Po2,S1,4,up,KeyS,1791208568440.200,1324,s
Po2,S1,4,down,Space,1791208568464.700,1325, 
Po2,S1,4,up,Space,1791208568559.600,1325, 
Po2,S1,4,down,KeyO,1791208568738.900,1326,o
Po2,S1,4,up,KeyO,1791208568823.600,1326,o
Po2,S1,4,down,Backspace,1791208569056.000,1327,Backspace
Po2,S1,4,up,Backspace,1791208569166.400,1327,Backspace
Po2,S1,4,down,KeyY,1791208569190.800,1328,y
Po2,S1,4,up,KeyY,1791208569295.500,1328,y
Po2,S1,4,down,KeyO,1791208569343.500,1329,o
Po2,S1,4,up,KeyO,1791208569445.700,1329,o
Po2,S1,4,down,KeyU,1791208569538.700,1330,u
Po2,S1,4,up,KeyU,1791208569637.100,1330,u
Po2,S1,4,down,Space,1791208569687.200,1331, 
Po2,S1,4,up,Space,1791208569771.800,1331, 
Po2,S1,4,down,KeyW,1791208569820.300,1332,w
Po2,S1,4,up,KeyW,1791208569915.000,1332,w
Po2,S1,4,down,KeyO,1791208569934.100,1333,o
Po2,S1,4,up,KeyO,1791208570051.000,1333,o
Po2,S1,4,down,KeyU,1791208570155.300,1334,u
Po2,S1,4,up,KeyU,1791208570216.800,1334,u
Po2,S1,4,down,KeyL,1791208570351.600,1335,l
Po2,S1,4,up,KeyL,1791208570448.100,1335,l
Po2,S1,4,down,KeyD,1791208570496.100,1336,d
Po2,S1,4,down,Space,1791208570546.800,1337, 
Po2,S1,4,up,KeyD,1791208570593.300,1336,d
Po2,S1,4,up,Space,1791208570654.200,1337, 
Po2,S1,4,down,KeyB,1791208570794.000,1338,b
Po2,S1,4,down,KeyE,1791208570864.400,1339,e
Po2,S1,4,up,KeyB,1791208570884.200,1338,b
Po2,S1,4,up,KeyE,1791208570981.200,1339,e
Po2,S1,4,down,Space,1791208571000.300,1340, 
Po2,S1,4,up,Space,1791208571090.200,1340, 
Po2,S1,4,down,KeyE,1791208571179.000,1341,e
Po2,S1,4,down,KeyN,1791208571280.000,1342,n
Po2,S1,4,up,KeyE,1791208571328.500,1341,e
Po2,S1,4,up,KeyN,1791208571381.400,1342,n
Po2,S1,4,down,KeyJ,1791208571708.800,1343,j
Po2,S1,4,up,KeyJ,1791208571764.600,1343,j
Po2,S1,4,down,KeyO,1791208571857.700,1344,o
Po2,S1,4,up,KeyO,1791208571961.400,1344,o
Po2,S1,4,down,KeyY,1791208572171.100,1345,y
Po2,S1,4,up,KeyY,1791208572252.500,1345,y
Po2,S1,4,down,KeyI,1791208572313.500,1346,i
Po2,S1,4,up,KeyI,1791208572384.600,1346,i
Po2,S1,4,down,KeyN,1791208572492.000,1347,n
Po2,S1,4,down,KeyG,1791208572591.500,1348,g
Po2,S1,4,up,KeyG,1791208572694.900,1348,g
Po2,S1,4,down,Space,1791208572836.300,1349, 
Po2,S1,4,up,Space,1791208572908.700,1349, 
Po2,S1,4,down,KeyI,1791208573027.500,1350,i
Po2,S1,4,up,KeyI,1791208573104.400,1350,i
Po2,S1,4,down,KeyT,1791208573128.800,1351,t
Po2,S1,4,up,KeyT,1791208573224.000,1351,t
Po2,S1,4,down,Enter,1791208573866.700,1352,Enter
Po2,S1,5,up,Enter,1791208573933.800,1352,Enter
Po2,S1,5,down,ShiftLeft,1791208595731.200,1353,Shift
Po2,S1,5,up,KeyN,1791208596022.700,1354,n
Po2,S1,5,down,KeyO,1791208596128.300,1355,o
Po2,S1,5,up,KeyO,1791208596218.500,1355,o
Po2,S1,5,down,Space,1791208596349.600,1356, 
Po2,S1,5,up,Space,1791208596467.600,1356, 
Po2,S1,5,down,KeyB,1791208596792.100,1357,b
Po2,S1,5,up,KeyB,1791208596867.500,1357,b
Po2,S1,5,up,KeyE,1791208596956.100,1358,e
Po2,S1,5,down,KeyC,1791208597069.400,1359,c
Po2,S1,5,up,KeyC,1791208597196.400,1359,c
Po2,S1,5,down,KeyA,1791208597272.100,1360,a
Po2,S1,5,up,KeyA,1791208597373.100,1360,a
Po2,S1,5,down,KeyU,1791208597423.100,1361,u
Po2,S1,5,up,KeyU,1791208597475.600,1361,u
Po2,S1,5,down,KeyS,1791208597511.000,1362,s
Po2,S1,5,down,KeyE,1791208597618.900,1363,e
Po2,S1,5,up,KeyS,1791208597668.500,1362,s
Po2,S1,5,up,KeyE,1791208597786.400,1363,e
Po2,S1,5,down,Space,1791208597877.500,1364, 
Po2,S1,5,up,Space,1791208597979.900,1364, 
Po2,S1,5,down,KeyT,1791208598874.900,1365,t
Po2,S1,5,up,KeyT,1791208598986.200,1365,t
Po2,S1,5,down,KeyH,1791208599006.900,1366,h
Po2,S1,5,up,KeyH,1791208599058.600,1366,h
Po2,S1,5,down,KeyI,1791208599167.700,1367,i
Po2,S1,5,up,KeyI,1791208599237.900,1367,i
Po2,S1,5,down,KeyS,1791208599257.000,1368,s
Po2,S1,5,down,Space,1791208599333.900,1369, 
Po2,S1,5,up,KeyS,1791208599353.000,1368,s
Po2,S1,5,up,Space,1791208599436.400,1369, 
Po2,S1,5,down,KeyI,1791208599511.200,1370,i
Po2,S1,5,up,KeyI,1791208599597.800,1370,i
Po2,S1,5,down,KeyS,1791208599625.500,1371,s
Po2,S1,5,up,KeyS,1791208599718.700,1371,s
Po2,S1,5,down,KeyA,1791208599887.400,1373,a
Po2,S1,5,up,KeyA,1791208599996.000,1373,a
Po2,S1,5,down,KeyN,1791208600016.100,1374,n
Po2,S1,5,up,KeyN,1791208600121.500,1374,n
Po2,S1,5,down,Space,1791208600282.000,1375, 
Po2,S1,5,up,Space,1791208600384.400,1375, 
Po2,S1,5,down,KeyI,1791208600686.300,1376,i
Po2,S1,5,up,KeyI,1791208600752.900,1376,i
Po2,S1,5,down,KeyM,1791208600876.900,1377,m
Po2,S1,5,up,KeyM,1791208600976.800,1377,m
Po2,S1,5,down,KeyP,1791208601092.200,1378,p
Po2,S1,5,up,KeyP,1791208601150.400,1378,p
Po2,S1,5,down,KeyO,1791208601280.000,1379,o
Po2,S1,5,up,KeyO,1791208601382.000,1379,o
Po2,S1,5,up,KeyR,1791208601550.200,1380,r
Po2,S1,5,down,KeyT,1791208601620.200,1381,t
Po2,S1,5,up,KeyT,1791208601698.000,1381,t
Po2,S1,5,down,KeyA,1791208601795.000,1382,a
Po2,S1,5,up,KeyA,1791208601885.300,1382,a
Po2,S1,5,down,KeyN,1791208601935.500,1383,n
Po2,S1,5,up,KeyN,1791208601991.200,1383,n
Po2,S1,5,down,KeyT,1791208602010.800,1384,t
Po2,S1,5,up,KeyT,1791208602086.500,1384,t
Po2,S1,5,down,Space,1791208602110.700,1385, 
Po2,S1,5,up,Space,1791208602225.100,1385, 
Po2,S1,5,down,KeyD,1791208602453.900,1386,d
Po2,S1,5,up,KeyD,1791208602561.700,1386,d
Po2,S1,5,down,KeyI,1791208602582.600,1387,i
Po2,S1,5,down,KeyS,1791208602657.700,1388,s
Po2,S1,5,up,KeyI,1791208602677.700,1387,i
Po2,S1,5,up,KeyS,1791208602767.200,1388,s
Po2,S1,5,down,KeyT,1791208602900.000,1389,t
Po2,S1,5,up,KeyT,1791208603010.000,1389,t
Po2,S1,5,down,KeyI,1791208603091.500,1390,i
Po2,S1,5,up,KeyI,1791208603166.900,1390,i
Po2,S1,5,down,KeyN,1791208603275.000,1391,n
Po2,S1,5,down,KeyC,1791208603371.000,1392,c
Po2,S1,5,up,KeyN,1791208603391.100,1391,n
Po2,S1,5,up,KeyC,1791208603476.500,1392,c
Po2,S1,5,down,KeyT,1791208603639.500,1393,t
Po2,S1,5,down,KeyI,1791208603691.200,1394,i
Po2,S1,5,up,KeyT,1791208603711.700,1393,t
Po2,S1,5,down,KeyO,1791208603757.900,1395,o
Po2,S1,5,up,KeyI,1791208603804.600,1394,i
Po2,S1,5,up,KeyO,1791208603876.200,1395,o
Po2,S1,5,down,KeyN,1791208603937.200,1396,n
Po2,S1,5,up,KeyN,1791208604082.400,1396,n
Po2,S1,5,down,Space,1791208604593.800,1397, 
Po2,S1,5,up,Space,1791208604645.900,1397, 
Po2,S1,5,down,KeyI,1791208604717.600,1398,i
Po2,S1,5,up,KeyI,1791208604788.400,1398,i
Po2,S1,5,down,KeyN,1791208604900.500,1399,n
Po2,S1,5,up,KeyN,1791208605000.100,1399,n
Po2,S1,5,up,Space,1791208605052.900,1400, 
Po2,S1,5,down,KeyM,1791208605130.000,1401,m
Po2,S1,5,up,KeyM,1791208605215.500,1401,m
Po2,S1,5,down,KeyY,1791208605640.500,1402,y
Po2,S1,5,up,KeyY,1791208605738.500,1402,y
Po2,S1,5,down,Space,1791208605759.200,1403, 
Po2,S1,5,down,KeyA,1791208605832.100,1404,a
Po2,S1,5,up,KeyA,1791208605935.200,1404,a
Po2,S1,5,up,KeyR,1791208606101.500,1405,r
Po2,S1,5,down,KeyG,1791208606269.700,1406,g
Po2,S1,5,up,KeyG,1791208606358.100,1406,g
Po2,S1,5,down,KeyU,1791208608111.600,1407,u
Po2,S1,5,up,KeyU,1791208608197.200,1407,u
Po2,S1,5,down,KeyM,1791208608407.600,1408,m
Po2,S1,5,up,KeyM,1791208608485.500,1408,m
Po2,S1,5,down,KeyE,1791208608505.200,1409,e
Po2,S1,5,up,KeyE,1791208608612.100,1409,e
Po2,S1,5,down,KeyN,1791208608633.200,1410,n
Po2,S1,5,up,KeyN,1791208608707.300,1410,n
Po2,S1,5,down,KeyT,1791208608757.600,1411,t
Po2,S1,5,up,KeyT,1791208608876.900,1411,t
Po2,S1,5,down,Period,1791208609841.500,1412,.
Po2,S1,5,up,Period,1791208609949.300,1412,.
Po2,S1,5,down,Space,1791208610102.200,1413, 
Po2,S1,5,up,Space,1791208610189.000,1413, 
Po2,S1,5,down,ShiftLeft,1791208610625.200,1414,Shift
Po2,S1,5,down,KeyG,1791208611134.600,1415,G
Po2,S1,5,up,KeyG,1791208611216.800,1415,G
Po2,S1,5,up,ShiftLeft,1791208611239.700,1414,Shift
Po2,S1,5,down,KeyI,1791208611363.300,1416,i
Po2,S1,5,up,KeyI,1791208611445.200,1416,i
Po2,S1,5,down,KeyV,1791208611513.900,1417,v
Po2,S1,5,down,KeyI,1791208611585.000,1418,i
Po2,S1,5,up,KeyV,1791208611607.800,1417,v
Po2,S1,5,up,KeyI,1791208611654.200,1418,i
Po2,S1,5,down,KeyN,1791208611779.800,1419,n
Po2,S1,5,up,KeyN,1791208611846.900,1419,n
Po2,S1,5,down,KeyG,1791208611870.300,1420,g
Po2,S1,5,down,Space,1791208611956.000,1421, 
Po2,S1,5,up,KeyG,1791208611984.000,1420,g
Po2,S1,5,up,Space,1791208612053.800,1421, 
Po2,S1,5,down,KeyP,1791208612839.100,1422,p
Po2,S1,5,down,KeyE,1791208612941.500,1423,e
Po2,S1,5,up,KeyP,1791208612993.700,1422,p
Po2,S1,5,down,KeyR,1791208613054.600,1424,r
Po2,S1,5,up,KeyE,1791208613085.700,1423,e
Po2,S1,5,up,KeyR,1791208613160.800,1424,r
Po2,S1,5,down,KeyS,1791208613223.500,1425,s
Po2,S1,5,down,KeyO,1791208613335.000,1426,o
Po2,S1,5,up,KeyS,1791208613356.800,1425,s
Po2,S1,5,up,KeyO,1791208613402.900,1426,o
Po2,S1,5,down,KeyN,1791208614594.300,1427,n
Po2,S1,5,up,KeyN,1791208614666.800,1427,n
Po2,S1,5,down,KeyI,1791208614790.000,1428,i
Po2,S1,5,down,KeyF,1791208614864.800,1429,f
Po2,S1,5,up,KeyI,1791208614886.200,1428,i
Po2,S1,5,up,KeyF,1791208614971.500,1429,f
Po2,S1,5,down,KeyI,1791208615052.400,1430,i
Po2,S1,5,up,KeyI,1791208615218.300,1430,i
Po2,S1,5,up,KeyC,1791208615277.200,1431,c
Po2,S1,5,down,KeyA,1791208615320.000,1432,a
Po2,S1,5,up,KeyA,1791208615420.500,1432,a
Po2,S1,5,down,KeyT,1791208615522.700,1433,t
Po2,S1,5,down,KeyI,1791208615616.100,1434,i
Po2,S1,5,up,KeyT,1791208615647.400,1433,t
Po2,S1,5,down,KeyO,1791208615686.200,1435,o
Po2,S1,5,up,KeyI,1791208615734.200,1434,i
Po2,S1,5,up,KeyO,1791208615780.400,1435,o
Po2,S1,5,down,KeyN,1791208615888.700,1436,n
Po2,S1,5,up,KeyN,1791208616011.700,1436,n
Po2,S1,5,down,Space,1791208616033.500,1437, 
Po2,S1,5,up,Space,1791208616109.300,1437, 
Po2,S1,5,down,KeyT,1791208616257.800,1438,t
Po2,S1,5,down,KeyO,1791208616352.300,1439,o
Po2,S1,5,up,KeyT,1791208616374.400,1438,t
Po2,S1,5,down,Space,1791208616459.300,1440, 
Po2,S1,5,up,KeyO,1791208616480.800,1439,o
Po2,S1,5,up,Space,1791208616534.800,1440, 
Po2,S1,5,down,KeyA,1791208616571.500,1441,a
Po2,S1,5,up,KeyA,1791208616681.500,1441,a
Po2,S1,5,down,Space,1791208616708.800,1442, 
Po2,S1,5,up,Space,1791208616812.200,1442, 
Po2,S1,5,down,KeyR,1791208616933.800,1443,r
Po2,S1,5,up,KeyR,1791208617044.200,1443,r
Po2,S1,5,down,KeyA,1791208617128.800,1444,a
Po2,S1,5,up,KeyA,1791208617231.400,1444,a
Po2,S1,5,down,KeyN,1791208617310.900,1445,n
Po2,S1,5,up,KeyN,1791208617397.700,1445,n
Po2,S1,5,down,KeyD,1791208617419.000,1446,d
Po2,S1,5,up,KeyD,1791208617503.400,1446,d
Po2,S1,5,down,KeyO,1791208617523.300,1447,o
Po2,S1,5,up,KeyO,1791208617596.800,1447,o
Po2,S1,5,down,KeyM,1791208617694.400,1448,m
Po2,S1,5,down,Space,1791208617815.600,1449, 
Po2,S1,5,up,KeyM,1791208617838.600,1448,m
Po2,S1,5,up,Space,1791208617914.900,1449, 
Po2,S1,5,down,KeyO,1791208618136.600,1450,o
Po2,S1,5,up,KeyO,1791208618219.400,1450,o
Po2,S1,5,down,KeyB,1791208618426.300,1451,b
Po2,S1,5,up,KeyB,1791208618490.600,1451,b
Po2,S1,5,down,KeyJ,1791208618653.300,1452,j
Po2,S1,5,down,KeyE,1791208618751.900,1453,e
Po2,S1,5,up,KeyE,1791208618829.800,1453,e
Po2,S1,5,down,KeyC,1791208618941.000,1454,c
Po2,S1,5,up,KeyC,1791208619030.200,1454,c
Po2,S1,5,down,KeyT,1791208619205.700,1455,t
Po2,S1,5,up,KeyT,1791208619302.800,1455,t
Po2,S1,5,down,Space,1791208619576.000,1456, 
Po2,S1,5,up,Space,1791208619681.000,1456, 
Po2,S1,5,down,KeyC,1791208619845.900,1457,c
Po2,S1,5,up,KeyC,1791208619934.300,1457,c
Po2,S1,5,down,KeyR,1791208620057.700,1458,r
Po2,S1,5,down,KeyE,1791208620150.300,1459,e
Po2,S1,5,up,KeyR,1791208620216.600,1458,r
Po2,S1,5,up,KeyE,1791208620294.600,1459,e
Po2,S1,5,up,KeyA,1791208620384.400,1460,a
Po2,S1,5,down,KeyT,1791208620446.600,1461,t
Po2,S1,5,up,KeyT,1791208620548.800,1461,t
Po2,S1,5,down,KeyE,1791208620634.500,1462,e
Po2,S1,5,up,KeyE,1791208620716.700,1462,e
Po2,S1,5,down,KeyD,1791208620815.300,1463,d
Po2,S1,5,up,KeyD,1791208620941.000,1463,d
Po2,S1,5,down,Space,1791208621027.500,1464, 
Po2,S1,5,up,Space,1791208621127.300,1464, 
Po2,S1,5,down,KeyT,1791208621772.700,1465,t
Po2,S1,5,up,KeyT,1791208621868.800,1465,t
Po2,S1,5,down,KeyO,1791208621920.600,1466,o
Po2,S1,5,down,Space,1791208622041.300,1467, 
Po2,S1,5,up,KeyO,1791208622064.100,1466,o
Po2,S1,5,up,Space,1791208622176.400,1467, 
Po2,S1,5,down,KeyP,1791208623834.100,1468,p
Po2,S1,5,down,KeyE,1791208623964.900,1469,e
Po2,S1,5,down,KeyR,1791208624024.500,1470,r
Po2,S1,5,up,KeyE,1791208624099.000,1469,e
Po2,S1,5,up,KeyR,1791208624150.500,1470,r
Po2,S1,5,down,KeyF,1791208624259.200,1471,f
Po2,S1,5,up,KeyF,1791208624359.400,1471,f
Po2,S1,5,down,KeyO,1791208624400.000,1472,o
Po2,S1,5,up,KeyO,1791208624481.000,1472,o
Po2,S1,5,down,KeyR,1791208624510.400,1473,r
Po2,S1,5,up,KeyR,1791208624618.200,1473,r
Po2,S1,5,down,KeyM,1791208624672.500,1474,m
Po2,S1,5,down,Space,1791208624821.200,1475, 
Po2,S1,5,up,KeyM,1791208624843.700,1474,m
Po2,S1,5,up,Space,1791208624933.400,1475, 
Po2,S1,5,down,KeyA,1791208625331.300,1476,a
Po2,S1,5,up,KeyA,1791208625470.300,1476,a
Po2,S1,5,down,KeyN,1791208627837.400,1477,n
Po2,S1,5,down,Space,1791208627933.300,1478, 
Po2,S1,5,up,KeyN,1791208627958.200,1477,n
Po2,S1,5,up,Space,1791208628036.400,1478, 
Po2,S1,5,down,KeyA,1791208628057.000,1479,a
Po2,S1,5,up,KeyA,1791208628160.100,1479,a
Po2,S1,5,down,KeyC,1791208628231.000,1480,c
Po2,S1,5,up,KeyC,1791208628362.000,1480,c
Po2,S1,5,down,KeyT,1791208628542.200,1481,t
Po2,S1,5,down,KeyI,1791208628877.600,1482,i
Po2,S1,5,down,KeyN,1791208628907.300,1484,n
Po2,S1,5,up,Space,1791208629091.500,1485, 
Po2,S1,5,down,KeyI,1791208629171.700,1486,i
Po2,S1,5,down,KeyS,1791208629240.900,1487,s
Po2,S1,5,up,KeyI,1791208629262.500,1486,i
Po2,S1,5,up,KeyS,1791208629341.400,1487,s
Po2,S1,5,up,Space,1791208629438.200,1488, 
Po2,S1,5,down,KeyN,1791208629521.500,1489,n
Po2,S1,5,up,KeyN,1791208629599.600,1489,n
Po2,S1,5,down,KeyO,1791208629718.600,1490,o
Po2,S1,5,up,KeyO,1791208629795.900,1490,o
Po2,S1,5,down,KeyT,1791208629898.200,1491,t
Po2,S1,5,up,KeyT,1791208630014.600,1491,t
Po2,S1,5,down,Space,1791208630070.800,1492, 
Po2,S1,5,up,Space,1791208630186.900,1492, 
Po2,S1,5,up,KeyI,1791208630423.400,1493,i
Po2,S1,5,down,KeyM,1791208630538.800,1494,m
Po2,S1,5,up,KeyM,1791208630641.400,1494,m
Po2,S1,5,down,Backspace,1791208631029.800,1495,Backspace
Po2,S1,5,up,Backspace,1791208631104.000,1495,Backspace
Po2,S1,5,down,Backspace,1791208631204.600,1496,Backspace
Po2,S1,5,up,Backspace,1791208631292.800,1496,Backspace
Po2,S1,5,down,KeyR,1791208631594.100,1497,r
Po2,S1,5,up,KeyR,1791208631737.800,1497,r
Po2,S1,5,down,KeyE,1791208631759.800,1498,e
Po2,S1,5,up,KeyE,1791208631855.500,1498,e
Po2,S1,5,down,KeyL,1791208631884.700,1499,l
Po2,S1,5,down,KeyE,1791208631980.800,1500,e
Po2,S1,5,up,KeyL,1791208632002.000,1499,l
Po2,S1,5,up,KeyE,1791208632080.800,1500,e
Po2,S1,5,down,KeyV,1791208632187.200,1501,v
Po2,S1,5,up,KeyV,1791208632286.300,1501,v
Po2,S1,5,down,KeyA,1791208632383.500,1502,a
Po2,S1,5,up,KeyA,1791208632477.400,1502,a
Po2,S1,5,down,KeyN,1791208632529.600,1503,n
Po2,S1,5,up,KeyN,1791208632608.500,1503,n
Po2,S1,5,down,KeyT,1791208632662.400,1504,t
Po2,S1,5,up,KeyT,1791208632763.400,1504,t
Po2,S1,5,down,Period,1791208633132.600,1505,.
Po2,S1,5,up,Period,1791208633208.300,1505,.
Po2,S1,5,down,Space,1791208633318.000,1506, 
Po2,S1,5,up,Space,1791208633420.600,1506, 
Po2,S1,5,down,ShiftLeft,1791208633946.800,1507,Shift
Po2,S1,5,up,ShiftLeft,1791208634444.300,1507,Shift
Po2,S1,5,down,ShiftLeft,1791208635237.400,1508,Shift
Po2,S1,5,down,KeyT,1791208635618.200,1509,T
Po2,S1,5,up,ShiftLeft,1791208635678.500,1508,Shift
Po2,S1,5,down,KeyH,1791208635748.400,1510,h
Po2,S1,5,up,KeyH,1791208635814.500,1510,h
Po2,S1,5,down,KeyI,1791208635888.700,1511,i
Po2,S1,5,up,KeyI,1791208635965.400,1511,i
Po2,S1,5,down,KeyS,1791208635986.300,1512,s
Po2,S1,5,up,KeyS,1791208636067.200,1512,s
Po2,S1,5,down,Space,1791208636088.400,1513, 
Po2,S1,5,up,Space,1791208636171.400,1513, 
Po2,S1,5,down,KeyI,1791208636244.400,1514,i
Po2,S1,5,down,KeyS,1791208636331.100,1515,s
Po2,S1,5,up,KeyS,1791208636491.700,1515,s
Po2,S1,5,down,KeyA,1791208636602.600,1517,a
Po2,S1,5,down,Space,1791208636729.800,1518, 
Po2,S1,5,up,KeyA,1791208636753.500,1517,a
Po2,S1,5,up,Space,1791208636841.100,1518, 
Po2,S1,5,down,KeyT,1791208636998.300,1519,t
Po2,S1,5,down,KeyR,1791208637139.100,1520,r
Po2,S1,5,up,KeyT,1791208637170.800,1519,t
Po2,S1,5,up,KeyR,1791208637266.900,1520,r
Po2,S1,5,down,KeyI,1791208637604.000,1521,i
Po2,S1,5,up,KeyI,1791208637665.000,1521,i
Po2,S1,5,down,KeyC,1791208637767.900,1522,c
Po2,S1,5,down,KeyK,1791208637830.400,1523,k
Po2,S1,5,up,KeyC,1791208637861.600,1522,c
Po2,S1,5,down,Space,1791208637956.600,1524, 
Po2,S1,5,up,KeyK,1791208637988.000,1523,k
Po2,S1,5,up,Space,1791208638081.100,1524, 
Po2,S1,5,down,KeyQ,1791208639014.100,1525,q
Po2,S1,5,up,KeyQ,1791208639120.600,1525,q
Po2,S1,5,down,KeyU,1791208639175.200,1526,u
Po2,S1,5,up,KeyU,1791208639258.100,1526,u
Po2,S1,5,up,KeyS,1791208639563.500,1528,s
Po2,S1,5,down,KeyT,1791208639680.500,1529,t
Po2,S1,5,down,KeyI,1791208639773.600,1530,i
Po2,S1,5,up,KeyT,1791208639794.900,1529,t
Po2,S1,5,down,KeyO,1791208639844.700,1531,o
Po2,S1,5,up,KeyI,1791208639894.300,1530,i
Po2,S1,5,up,KeyO,1791208639946.200,1531,o
Po2,S1,5,down,KeyN,1791208640094.000,1532,n
Po2,S1,5,up,KeyN,1791208640259.700,1532,n
Po2,S1,5,down,KeyA,1791208641087.400,1534,a
Po2,S1,5,up,KeyA,1791208641143.000,1534,a
Po2,S1,5,down,KeyN,1791208641217.100,1535,n
Po2,S1,5,up,KeyN,1791208641299.500,1535,n
Po2,S1,5,down,KeyD,1791208641350.500,1536,d
Po2,S1,5,down,Space,1791208641405.700,1537, 
Po2,S1,5,up,KeyD,1791208641430.900,1536,d
Po2,S1,5,up,Space,1791208641505.800,1537, 
Po2,S1,5,down,KeyA,1791208642015.900,1538,a
Po2,S1,5,up,KeyA,1791208642144.900,1538,a
Po2,S1,5,down,KeyN,1791208643379.000,1539,n
Po2,S1,5,down,Space,1791208643476.300,1540, 
Po2,S1,5,up,KeyN,1791208643500.800,1539,n
Po2,S1,5,up,Space,1791208643582.200,1540, 
Po2,S1,5,down,KeyU,1791208644307.900,1541,u
Po2,S1,5,up,KeyU,1791208644381.800,1541,u
Po2,S1,5,down,KeyN,1791208644483.000,1542,n
Po2,S1,5,up,KeyN,1791208644589.900,1542,n
Po2,S1,5,down,KeyI,1791208644689.500,1543,i
Po2,S1,5,up,KeyI,1791208644750.900,1543,i
Po2,S1,5,down,KeyM,1791208644836.800,1544,m
Po2,S1,5,up,KeyM,1791208644935.000,1544,m
Po2,S1,5,down,KeyP,1791208645053.300,1545,p
Po2,S1,5,up,KeyP,1791208645111.200,1545,p
Po2,S1,5,down,KeyO,1791208645250.200,1546,o
Po2,S1,5,up,KeyO,1791208645320.700,1546,o
Po2,S1,5,down,KeyR,1791208645375.200,1547,r
Po2,S1,5,up,KeyR,1791208645483.100,1547,r
Po2,S1,5,down,KeyT,1791208645864.600,1548,t
Po2,S1,5,up,KeyT,1791208645966.200,1548,t
Po2,S1,5,down,KeyA,1791208646075.900,1549,a
Po2,S1,5,up,KeyA,1791208646179.700,1549,a
Po2,S1,5,down,KeyN,1791208646233.100,1550,n
Po2,S1,5,up,KeyN,1791208646336.000,1550,n
Po2,S1,5,down,KeyT,1791208646359.600,1551,t
Po2,S1,5,up,KeyT,1791208646461.700,1551,t
Po2,S1,5,down,Space,1791208646516.200,1552, 
Po2,S1,5,up,Space,1791208646653.000,1552, 
Po2,S1,5,down,KeyR,1791208661861.500,1553,r
Po2,S1,5,down,KeyE,1791208661957.500,1554,e
Po2,S1,5,up,KeyR,1791208662019.600,1553,r
Po2,S1,5,up,KeyE,1791208662085.600,1554,e
Po2,S1,5,down,KeyL,1791208662158.800,1555,l
Po2,S1,5,down,KeyE,1791208662233.700,1556,e
Po2,S1,5,up,KeyL,1791208662260.800,1555,l
Po2,S1,5,up,KeyE,1791208662352.000,1556,e
Po2,S1,5,down,KeyV,1791208662480.500,1557,v
Po2,S1,5,up,KeyV,1791208662594.200,1557,v
Po2,S1,5,down,KeyA,1791208662714.600,1558,a
Po2,S1,5,up,KeyA,1791208662824.400,1558,a
Po2,S1,5,down,KeyN,1791208662934.600,1559,n
Po2,S1,5,up,KeyN,1791208663016.000,1559,n
Po2,S1,5,down,KeyC,1791208663038.500,1560,c
Po2,S1,5,down,KeyE,1791208663120.800,1561,e
Po2,S1,5,up,KeyC,1791208663173.400,1560,c
Po2,S1,5,up,KeyE,1791208663287.500,1561,e
Po2,S1,5,down,Period,1791208663824.900,1562,.
Po2,S1,5,up,Period,1791208663899.900,1562,.
Po2,S1,5,down,Space,1791208663972.900,1563, 
Po2,S1,5,up,Space,1791208664059.300,1563, 
Po2,S1,5,down,ShiftLeft,1791208664126.200,1564,Shift
Po2,S1,5,down,KeyN,1791208665354.100,1565,N
Po2,S1,5,up,ShiftLeft,1791208665394.900,1564,Shift
Po2,S1,5,down,KeyO,1791208665526.700,1566,o
Po2,S1,5,up,KeyO,1791208665599.000,1566,o
Po2,S1,5,down,KeyW,1791208665626.700,1567,w
Po2,S1,5,down,Space,1791208665713.300,1568, 
Po2,S1,5,up,KeyW,1791208665737.000,1567,w
Po2,S1,5,up,Space,1791208665794.000,1568, 
Po2,S1,5,down,KeyA,1791208665836.400,1569,a
Po2,S1,5,down,Space,1791208665919.900,1570, 
Po2,S1,5,up,KeyA,1791208665942.500,1569,a
Po2,S1,5,up,Space,1791208666020.900,1570, 
Po2,S1,5,down,KeyP,1791208666102.400,1571,p
Po2,S1,5,up,KeyP,1791208666182.300,1571,p
Po2,S1,5,down,KeyL,1791208666293.000,1572,l
Po2,S1,5,up,KeyL,1791208666380.600,1572,l
Po2,S1,5,down,KeyA,1791208666412.500,1573,a
Po2,S1,5,up,KeyA,1791208666504.500,1573,a
Po2,S1,5,down,KeyN,1791208666561.200,1574,n
Po2,S1,5,up,KeyN,1791208666632.500,1574,n
Po2,S1,5,down,KeyT,1791208666662.800,1575,t
Po2,S1,5,up,KeyT,1791208666758.700,1575,t
Po2,S1,5,down,Space,1791208666781.400,1576, 
Po2,S1,5,up,Space,1791208666873.200,1576, 
Po2,S1,5,down,KeyO,1791208666972.700,1577,o
Po2,S1,5,down,KeyR,1791208667057.900,1578,r
Po2,S1,5,up,KeyO,1791208667080.100,1577,o
Po2,S1,5,up,KeyR,1791208667171.600,1578,r
Po2,S1,5,down,Space,1791208667225.500,1579, 
Po2,S1,5,up,Space,1791208667347.500,1579, 
Po2,S1,5,down,KeyA,1791208667519.200,1580,a
Po2,S1,5,up,KeyA,1791208667623.400,1580,a
Po2,S1,5,down,Space,1791208667653.700,1581, 
Po2,S1,5,up,Space,1791208667756.600,1581, 
Po2,S1,5,down,ShiftLeft,1791208667882.800,1582,Shift
Po2,S1,5,down,KeyL,1791208667963.000,1583,L
Po2,S1,5,up,KeyL,1791208668024.200,1583,L
Po2,S1,5,down,KeyL,1791208668117.200,1584,L
Po2,S1,5,up,KeyL,1791208668194.400,1584,L
Po2,S1,5,up,ShiftLeft,1791208668279.700,1582,Shift
Po2,S1,5,up,KeyM,1791208668419.200,1585,m
Po2,S1,5,down,Backspace,1791208668890.100,1586,Backspace
Po2,S1,5,up,Backspace,1791208668954.200,1586,Backspace
Po2,S1,5,down,ShiftLeft,1791208669092.500,1587,Shift
Po2,S1,5,down,KeyM,1791208669167.500,1588,M
Po2,S1,5,up,ShiftLeft,1791208669238.700,1587,Shift
Po2,S1,5,up,KeyM,1791208669261.700,1588,m
Po2,S1,5,down,Space,1791208669347.600,1589, 
Po2,S1,5,up,Space,1791208669450.400,1589, 
Po2,S1,5,down,KeyF,1791208670292.800,1590,f
Po2,S1,5,up,KeyF,1791208670408.400,1590,f
Po2,S1,5,down,KeyE,1791208670506.600,1591,e
Po2,S1,5,up,KeyE,1791208670597.800,1591,e
Po2,S1,5,down,KeyD,1791208670820.400,1592,d
Po2,S1,5,up,KeyD,1791208670905.200,1592,d
Po2,S1,5,down,Backspace,1791208671163.000,1593,Backspace
Po2,S1,5,up,Backspace,1791208671239.000,1593,Backspace
Po2,S1,5,down,KeyE,1791208671293.100,1594,e
Po2,S1,5,up,KeyE,1791208671370.200,1594,e
Po2,S1,5,down,KeyD,1791208671484.100,1595,d
Po2,S1,5,up,KeyD,1791208671583.100,1595,d
Po2,S1,5,down,KeyS,1791208671640.600,1596,s
Po2,S1,5,up,KeyS,1791208671761.100,1596,s
Po2,S1,5,down,Space,1791208671788.800,1597, 
Po2,S1,5,up,Space,1791208671873.200,1597, 
Po2,S1,5,down,KeyO,1791208671950.000,1598,o
Po2,S1,5,up,KeyO,1791208672059.400,1598,o
Po2,S1,5,down,KeyF,1791208672267.000,1599,f
Po2,S1,5,up,KeyF,1791208672361.100,1599,f
Po2,S1,5,down,Space,1791208672389.800,1600, 
Po2,S1,5,up,Space,1791208672469.200,1600, 
Po2,S1,5,down,KeyD,1791208672499.400,1601,d
Po2,S1,5,up,KeyD,1791208672596.100,1601,d
Po2,S1,5,down,KeyA,1791208672649.800,1602,a
Po2,S1,5,up,KeyA,1791208672731.500,1602,a
Po2,S1,5,down,KeyT,1791208672835.600,1603,t
Po2,S1,5,up,KeyT,1791208672923.900,1603,t
Po2,S1,5,down,KeyA,1791208673067.700,1604,a
Po2,S1,5,up,KeyA,1791208673185.200,1604,a
Po2,S1,5,up,Period,1791208673462.800,1605,.
Po2,S1,5,down,Space,1791208673513.900,1606, 
Po2,S1,5,up,Space,1791208673612.700,1606, 
Po2,S1,5,down,ShiftLeft,1791208673724.500,1607,Shift
Po2,S1,5,down,KeyA,1791208673911.800,1608,A
Po2,S1,5,up,KeyA,1791208674076.800,1608,A
Po2,S1,5,down,KeyI,1791208674182.800,1609,I
Po2,S1,5,up,KeyI,1791208674282.800,1609,I
Po2,S1,5,up,ShiftLeft,1791208674309.100,1607,Shift
Po2,S1,5,down,Space,1791208674439.200,1610, 
Po2,S1,5,up,Space,1791208674552.300,1610, 
Po2,S1,5,down,KeyI,1791208674627.200,1611,i
Po2,S1,5,up,KeyI,1791208674723.000,1611,i
Po2,S1,5,down,KeyS,1791208674746.000,1612,s
Po2,S1,5,up,KeyS,1791208674852.800,1612,s
Po2,S1,5,down,Space,1791208674875.800,1613, 
Po2,S1,5,down,KeyD,1791208674986.400,1614,d
Po2,S1,5,down,KeyE,1791208675091.700,1615,e
Po2,S1,5,up,KeyD,1791208675115.700,1614,d
Po2,S1,5,up,KeyE,1791208675217.600,1615,e
Po2,S1,5,down,KeyF,1791208675271.800,1616,f
Po2,S1,5,down,KeyI,1791208675361.300,1617,i
Po2,S1,5,up,KeyF,1791208675386.800,1616,f
Po2,S1,5,up,KeyI,1791208675438.200,1617,i
Po2,S1,5,down,KeyN,1791208675534.400,1618,n
Po2,S1,5,down,KeyE,1791208675592.500,1619,e
Po2,S1,5,up,KeyN,1791208675619.600,1618,n
Po2,S1,5,up,KeyE,1791208675674.400,1619,e
Po2,S1,5,down,KeyD,1791208675770.100,1620,d
Po2,S1,5,up,KeyD,1791208675855.900,1620,d
Po2,S1,5,down,Space,1791208675912.200,1621, 
Po2,S1,5,up,Space,1791208675973.800,1621, 
Po2,S1,5,down,KeyA,1791208676028.700,1622,a
Po2,S1,5,up,KeyA,1791208676145.400,1622,a
Po2,S1,5,down,KeyS,1791208676202.600,1623,s
Po2,S1,5,up,KeyS,1791208676299.700,1623,s
Po2,S1,5,down,Space,1791208676322.200,1624, 
Po2,S1,5,up,Space,1791208676407.800,1624, 
Po2,S1,5,down,KeyA,1791208685445.100,1625,a
Po2,S1,5,up,KeyA,1791208685601.200,1625,a
Po2,S1,5,up,Space,1791208686225.700,1626, 
Po2,S1,5,down,KeyW,1791208686453.600,1627,w
Po2,S1,5,up,KeyW,1791208686570.700,1627,w
Po2,S1,5,down,KeyA,1791208686668.700,1628,a
Po2,S1,5,down,KeyY,1791208686780.800,1629,y
Po2,S1,5,up,KeyY,1791208686863.600,1629,y
Po2,S1,5,down,Space,1791208686890.100,1630, 
Po2,S1,5,up,Space,1791208686969.800,1630, 
Po2,S1,5,down,KeyO,1791208687083.300,1631,o
Po2,S1,5,up,KeyO,1791208687165.600,1631,o
Po2,S1,5,down,KeyF,1791208687192.900,1632,f
Po2,S1,5,down,Space,1791208687248.700,1633, 
Po2,S1,5,up,KeyF,1791208687295.600,1632,f
Po2,S1,5,up,Space,1791208687373.300,1633, 
Po2,S1,5,down,KeyP,1791208687465.200,1634,p
Po2,S1,5,up,KeyP,1791208687579.600,1634,p
Po2,S1,5,down,KeyR,1791208687607.300,1635,r
Po2,S1,5,up,KeyR,1791208687724.500,1635,r
Po2,S1,5,down,KeyO,1791208687838.400,1636,o
Po2,S1,5,up,KeyO,1791208687951.800,1636,o
Po2,S1,5,down,KeyB,1791208688202.200,1637,b
Po2,S1,5,up,KeyB,1791208688314.300,1637,b
Po2,S1,5,down,KeyL,1791208688393.300,1638,l
Po2,S1,5,up,KeyL,1791208688464.500,1638,l
Po2,S1,5,down,KeyE,1791208688486.900,1639,e
Po2,S1,5,up,KeyE,1791208688602.300,1639,e
Po2,S1,5,down,KeyM,1791208688624.900,1640,m
Po2,S1,5,up,KeyM,1791208688716.200,1640,m
Po2,S1,5,down,Space,1791208688772.100,1641, 
Po2,S1,5,up,Space,1791208688849.600,1641, 
Po2,S1,5,down,KeyS,1791208691585.200,1642,s
Po2,S1,5,up,KeyS,1791208691720.000,1642,s
Po2,S1,5,down,KeyO,1791208691750.600,1643,o
Po2,S1,5,up,KeyO,1791208691830.400,1643,o
Po2,S1,5,down,KeyL,1791208691957.700,1644,l
Po2,S1,5,up,KeyL,1791208692040.800,1644,l
Po2,S1,5,down,KeyV,1791208692096.600,1645,v
Po2,S1,5,down,KeyI,1791208692209.000,1646,i
Po2,S1,5,up,KeyI,1791208692265.900,1646,i
Po2,S1,5,down,KeyN,1791208692372.600,1647,n
Po2,S1,5,down,KeyG,1791208692446.800,1648,g
Po2,S1,5,up,KeyN,1791208692476.100,1647,n
Po2,S1,5,up,KeyG,1791208692558.700,1648,g
Po2,S1,5,up,Space,1791208692638.200,1649, 
Po2,S1,5,down,KeyT,1791208692669.900,1650,t
Po2,S1,5,down,KeyH,1791208692798.600,1651,h
Po2,S1,5,up,KeyT,1791208692823.300,1650,t
Po2,S1,5,up,KeyH,1791208692881.700,1651,h
Po2,S1,5,down,KeyA,1791208692931.000,1652,a
Po2,S1,5,up,KeyA,1791208693028.300,1652,a
Po2,S1,5,down,KeyT,1791208693106.500,1653,t
Po2,S1,5,up,KeyT,1791208693219.900,1653,t
Po2,S1,5,down,Space,1791208693243.800,1654, 
Po2,S1,5,up,Space,1791208693331.000,1654, 
Po2,S1,5,down,KeyC,1791208693465.200,1655,c
Po2,S1,5,down,KeyO,1791208693526.300,1656,o
Po2,S1,5,up,KeyO,1791208693585.400,1656,o
Po2,S1,5,down,KeyN,1791208693703.200,1657,n
Po2,S1,5,down,KeyS,1791208693873.300,1658,s
Po2,S1,5,up,KeyS,1791208693999.800,1658,s
Po2,S1,5,down,KeyT,1791208694124.900,1659,t
Po2,S1,5,up,KeyT,1791208694227.400,1659,t
Po2,S1,5,down,KeyA,1791208694341.100,1660,a
Po2,S1,5,up,KeyA,1791208694442.900,1660,a
Po2,S1,5,down,KeyN,1791208694467.900,1661,n
Po2,S1,5,down,KeyT,1791208694560.400,1662,t
Po2,S1,5,down,KeyL,1791208694696.200,1663,l
Po2,S1,5,up,KeyT,1791208694721.300,1662,t
Po2,S1,5,up,KeyL,1791208694808.500,1663,l
Po2,S1,5,up,KeyY,1791208694907.000,1664,y
Po2,S1,5,down,Space,1791208694930.000,1665, 
Po2,S1,5,up,Space,1791208695032.800,1665, 
Po2,S1,5,down,KeyL,1791208695245.600,1666,l
Po2,S1,5,up,KeyL,1791208695322.300,1666,l
Po2,S1,5,down,KeyO,1791208695472.500,1667,o
Po2,S1,5,up,KeyO,1791208695534.300,1667,o
Po2,S1,5,down,KeyO,1791208695607.600,1668,o
Po2,S1,5,up,KeyO,1791208695685.600,1668,o
Po2,S1,5,down,KeyK,1791208695803.800,1669,k
Po2,S1,5,down,KeyS,1791208695911.700,1670,s
Po2,S1,5,down,Space,1791208695999.100,1671, 
Po2,S1,5,up,KeyS,1791208696023.200,1670,s
Po2,S1,5,up,Space,1791208696083.300,1671, 
Po2,S1,5,down,KeyT,1791208696172.200,1672,t
Po2,S1,5,down,KeyO,1791208696292.900,1673,o
Po2,S1,5,up,KeyT,1791208696317.900,1672,t
Po2,S1,5,down,Space,1791208696371.000,1674, 
Po2,S1,5,up,Space,1791208696463.100,1674, 
Po2,S1,5,down,KeyI,1791208696561.600,1675,i
Po2,S1,5,up,KeyI,1791208696632.100,1675,i
Po2,S1,5,down,KeyM,1791208696700.500,1676,m
Po2,S1,5,up,KeyM,1791208696804.300,1676,m
Po2,S1,5,down,KeyP,1791208696902.900,1677,p
Po2,S1,5,up,KeyP,1791208696970.600,1677,p
Po2,S1,5,down,KeyO,1791208697068.900,1678,o
Po2,S1,5,up,KeyO,1791208697151.300,1678,o
Po2,S1,5,down,KeyR,1791208697246.900,1679,r
Po2,S1,5,up,KeyR,1791208697326.700,1679,r
Po2,S1,5,down,Backspace,1791208697947.900,1680,Backspace
Po2,S1,5,up,Backspace,1791208698012.200,1680,Backspace
Po2,S1,5,down,Backspace,1791208698071.200,1681,Backspace
Po2,S1,5,up,Backspace,1791208698165.700,1681,Backspace
Po2,S1,5,down,KeyR,1791208698224.900,1682,r
Po2,S1,5,down,KeyV,1791208698496.300,1684,v
Po2,S1,5,up,KeyV,1791208698587.700,1684,v
Po2,S1,5,down,KeyE,1791208698717.100,1685,e
Po2,S1,5,up,KeyE,1791208698856.900,1685,e
Po2,S1,5,down,Space,1791208698917.200,1686, 
Po2,S1,5,up,Space,1791208698996.300,1686, 
Po2,S1,5,down,KeyH,1791208699332.700,1687,h
Po2,S1,5,up,KeyH,1791208699393.600,1687,h
Po2,S1,5,down,KeyO,1791208699500.500,1688,o
Po2,S1,5,up,KeyO,1791208699584.900,1688,o
Po2,S1,5,down,KeyW,1791208699608.100,1689,w
Po2,S1,5,down,Space,1791208699699.000,1690, 
Po2,S1,5,up,KeyW,1791208699722.700,1689,w
Po2,S1,5,up,Space,1791208699809.400,1690, 
Po2,S1,5,down,KeyI,1791208699893.000,1691,i
Po2,S1,5,down,KeyT,1791208699954.200,1692,t
Po2,S1,5,up,KeyI,1791208699989.500,1691,i
Po2,S1,5,up,KeyT,1791208700069.500,1692,t
Po2,S1,5,down,Space,1791208700092.800,1693, 
Po2,S1,5,up,Space,1791208700200.000,1693, 
Po2,S1,5,down,KeyS,1791208700287.900,1694,s
Po2,S1,5,down,KeyO,1791208700355.200,1695,o
Po2,S1,5,up,KeyS,1791208700414.100,1694,s
Po2,S1,5,up,KeyO,1791208700437.100,1695,o
Po2,S1,5,down,KeyL,1791208700541.700,1696,l
Po2,S1,5,up,KeyL,1791208700634.500,1696,l
Po2,S1,5,down,KeyV,1791208700693.200,1697,v
Po2,S1,5,up,KeyV,1791208700801.100,1697,v
Po2,S1,5,down,KeyE,1791208700895.200,1698,e
Po2,S1,5,up,KeyE,1791208701009.100,1698,e
Po2,S1,5,down,Space,1791208701273.100,1699, 
Po2,S1,5,up,Space,1791208701339.000,1699, 
Po2,S1,5,down,Backspace,1791208701590.300,1700,Backspace
Po2,S1,5,up,Backspace,1791208701664.600,1700,Backspace
Po2,S1,5,down,KeyD,1791208701698.300,1701,d
Po2,S1,5,up,KeyD,1791208701812.200,1701,d
Po2,S1,5,up,Space,1791208701870.400,1702, 
Po2,S1,5,down,KeyT,1791208710883.000,1703,t
Po2,S1,5,up,KeyT,1791208710969.000,1703,t
Po2,S1,5,down,KeyH,1791208711010.500,1704,h
Po2,S1,5,up,KeyH,1791208711064.600,1704,h
Po2,S1,5,down,Space,1791208711149.300,1706, 
Po2,S1,5,up,KeyE,1791208711210.100,1705,e
Po2,S1,5,up,Space,1791208711254.600,1706, 
Po2,S1,5,down,KeyP,1791208711365.200,1707,p
Po2,S1,5,up,KeyP,1791208711460.000,1707,p
Po2,S1,5,down,KeyO,1791208711612.600,1708,o
Po2,S1,5,up,KeyO,1791208711720.600,1708,o
Po2,S1,5,down,Backspace,1791208711919.900,1709,Backspace
Po2,S1,5,up,Backspace,1791208712047.100,1709,Backspace
Po2,S1,5,down,KeyR,1791208712106.900,1710,r
Po2,S1,5,up,KeyR,1791208712187.100,1710,r
Po2,S1,5,down,KeyO,1791208712244.700,1711,o
Po2,S1,5,up,KeyO,1791208712309.800,1711,o
Po2,S1,5,down,KeyB,1791208712340.200,1712,b
Po2,S1,5,up,KeyB,1791208712424.800,1712,b
Po2,S1,5,down,KeyL,1791208712479.900,1713,l
Po2,S1,5,up,KeyL,1791208712552.800,1713,l
Po2,S1,5,down,KeyE,1791208712612.300,1714,e
Po2,S1,5,up,KeyE,1791208712709.200,1714,e
Po2,S1,5,down,KeyM,1791208712731.400,1715,m
Po2,S1,5,down,Space,1791208712827.000,1716, 
Po2,S1,5,up,KeyM,1791208712851.200,1715,m
Po2,S1,5,up,Space,1791208712939.100,1716, 
Po2,S1,5,down,KeyF,1791208713004.500,1717,f
Po2,S1,5,down,KeyO,1791208713098.400,1718,o
Po2,S1,5,up,KeyF,1791208713123.900,1717,f
Po2,S1,5,down,KeyR,1791208713177.900,1719,r
Po2,S1,5,down,Space,1791208713234.100,1720, 
Po2,S1,5,up,Space,1791208713341.600,1720, 
Po2,S1,5,down,KeyN,1791208713425.600,1721,n
Po2,S1,5,up,KeyN,1791208713488.100,1721,n
Po2,S1,5,up,KeyE,1791208713600.000,1722,e
Po2,S1,5,down,KeyX,1791208713765.700,1723,x
Po2,S1,5,up,KeyX,1791208713888.800,1723,x
Po2,S1,5,down,KeyT,1791208714063.200,1724,t
Po2,S1,5,up,KeyT,1791208714146.800,1724,t
Po2,S1,5,down,Space,1791208714170.400,1725, 
Po2,S1,5,down,KeyT,1791208714260.700,1726,t
Po2,S1,5,up,KeyT,1791208714327.300,1726,t
Po2,S1,5,up,KeyI,1791208714415.500,1727,i
Po2,S1,5,down,KeyM,1791208714495.100,1728,m
Po2,S1,5,up,KeyM,1791208714572.300,1728,m
Po2,S1,5,down,KeyE,1791208714597.500,1729,e
Po2,S1,5,up,KeyE,1791208714691.600,1729,e
Po2,S1,5,down,Enter,1791208714715.400,1730,Enter
Po2,S1,6,up,Enter,1791208714801.500,1730,Enter
Po2,S1,6,down,ShiftLeft,1791208775508.700,1731,Shift
Po2,S1,6,down,KeyI,1791208776351.000,1732,I
Po2,S1,6,up,ShiftLeft,1791208776382.000,1731,Shift
Po2,S1,6,up,KeyI,1791208776435.700,1732,i
Po2,S1,6,down,Space,1791208776490.900,1733, 
Po2,S1,6,up,Space,1791208776592.000,1733, 
Po2,S1,6,down,KeyD,1791208776623.200,1734,d
Po2,S1,6,down,KeyO,1791208776678.600,1735,o
Po2,S1,6,up,KeyO,1791208776769.500,1735,o
Po2,S1,6,down,KeyN,1791208776865.500,1736,n
Po2,S1,6,down,KeyT,1791208776951.000,1737,t
Po2,S1,6,down,Space,1791208777013.000,1738, 
Po2,S1,6,up,Space,1791208777068.000,1738, 
Po2,S1,6,down,KeyH,1791208777156.200,1739,h
Po2,S1,6,up,KeyH,1791208777214.500,1739,h
Po2,S1,6,down,KeyI,1791208777293.200,1741,i
Po2,S1,6,up,KeyI,1791208777372.200,1741,i
Po2,S1,6,down,KeyN,1791208777473.300,1742,n
Po2,S1,6,up,KeyN,1791208777550.800,1742,n
Po2,S1,6,down,KeyK,1791208777631.800,1743,k
Po2,S1,6,up,KeyK,1791208777739.400,1743,k
Po2,S1,6,down,Space,1791208777764.200,1744, 
Po2,S1,6,up,Space,1791208777858.200,1744, 
Po2,S1,6,down,Backspace,1791208778005.200,1745,Backspace
Po2,S1,6,up,Backspace,1791208778074.300,1745,Backspace
Po2,S1,6,down,Backspace,1791208778165.100,1746,Backspace
Po2,S1,6,up,Backspace,1791208778238.300,1746,Backspace
Po2,S1,6,down,Backspace,1791208778327.100,1747,Backspace
Po2,S1,6,up,Backspace,1791208778397.300,1747,Backspace
Po2,S1,6,down,Backspace,1791208778483.200,1748,Backspace
Po2,S1,6,down,Backspace,1791208778693.400,1749,Backspace
Po2,S1,6,up,Backspace,1791208778738.000,1749,Backspace
Po2,S1,6,down,Backspace,1791208778810.000,1750,Backspace
Po2,S1,6,up,Backspace,1791208778880.200,1750,Backspace
Po2,S1,6,down,KeyT,1791208779212.000,1751,t
Po2,S1,6,up,KeyT,1791208779315.100,1751,t
Po2,S1,6,down,KeyH,1791208779339.300,1752,h
Po2,S1,6,up,KeyH,1791208779399.200,1752,h
Po2,S1,6,down,KeyI,1791208779488.100,1753,i
Po2,S1,6,up,KeyI,1791208779553.900,1753,i
Po2,S1,6,down,KeyN,1791208779655.200,1754,n
Po2,S1,6,up,KeyN,1791208779730.800,1754,n
Po2,S1,6,down,KeyK,1791208779826.200,1755,k
Po2,S1,6,up,KeyK,1791208779925.900,1755,k
Po2,S1,6,down,Space,1791208779950.200,1756, 
Po2,S1,6,down,KeyO,1791208780290.800,1758,o
Po2,S1,6,up,KeyO,1791208780389.000,1758,o
Po2,S1,6,down,KeyU,1791208780517.700,1759,u
Po2,S1,6,down,KeyR,1791208780607.800,1760,r
Po2,S1,6,down,Space,1791208780700.500,1761, 
Po2,S1,6,up,KeyR,1791208780727.100,1760,r
Po2,S1,6,up,Space,1791208780819.100,1761, 
Po2,S1,6,down,KeyG,1791208782313.900,1762,g
Po2,S1,6,up,KeyG,1791208782384.900,1762,g
Po2,S1,6,down,KeyE,1791208782414.300,1763,e
Po2,S1,6,up,KeyE,1791208782527.100,1763,e
Po2,S1,6,down,KeyT,1791208782597.600,1764,t
Po2,S1,6,up,KeyT,1791208782679.200,1764,t
Po2,S1,6,down,KeyT,1791208782743.800,1765,t
Po2,S1,6,up,KeyT,1791208782831.000,1765,t
Po2,S1,6,down,KeyT,1791208782948.600,1766,t
Po2,S1,6,up,KeyT,1791208783087.800,1766,t
Po2,S1,6,down,KeyI,1791208783192.300,1767,i
Po2,S1,6,up,KeyI,1791208783254.200,1767,i
Po2,S1,6,down,KeyN,1791208783347.800,1768,n
Po2,S1,6,up,KeyN,1791208783467.000,1768,n
Po2,S1,6,down,KeyG,1791208783491.900,1769,g
Po2,S1,6,up,KeyG,1791208783593.800,1769,g
Po2,S1,6,up,Space,1791208783647.500,1770, 
Po2,S1,6,down,KeyM,1791208783786.800,1771,m
Po2,S1,6,up,KeyM,1791208783873.000,1771,m
Po2,S1,6,down,KeyY,1791208784053.900,1772,y
Po2,S1,6,down,Space,1791208784143.400,1773, 
Po2,S1,6,up,KeyY,1791208784169.900,1772,y
Po2,S1,6,up,Space,1791208784237.800,1773, 
Po2,S1,6,down,KeyP,1791208784356.700,1774,p
Po2,S1,6,up,KeyP,1791208784433.400,1774,p
Po2,S1,6,down,KeyO,1791208784537.000,1775,o
Po2,S1,6,up,KeyO,1791208784621.600,1775,o
Po2,S1,6,up,KeyI,1791208784821.000,1776,i
Po2,S1,6,down,KeyN,1791208784878.800,1777,n
Po2,S1,6,down,KeyT,1791208784971.500,1778,t
Po2,S1,6,up,KeyT,1791208785086.500,1778,t
Po2,S1,6,down,Period,1791208785486.400,1779,.
Po2,S1,6,up,Period,1791208785567.500,1779,.
Po2,S1,6,down,Space,1791208785650.800,1780, 
Po2,S1,6,up,Space,1791208785736.300,1780, 
Po2,S1,6,down,ShiftLeft,1791208785842.200,1781,Shift
Po2,S1,6,down,KeyY,1791208786654.400,1782,Y
Po2,S1,6,up,ShiftLeft,1791208786719.200,1781,Shift
Po2,S1,6,down,KeyO,1791208786825.500,1783,o
Po2,S1,6,up,KeyO,1791208786918.700,1783,o
Po2,S1,6,down,KeyU,1791208787016.500,1784,u
Po2,S1,6,up,KeyU,1791208787109.200,1784,u
Po2,S1,6,down,Space,1791208787133.300,1785, 
Po2,S1,6,up,Space,1791208787229.400,1785, 
Po2,S1,6,down,KeyA,1791208787257.200,1786,a
Po2,S1,6,up,KeyA,1791208787349.900,1786,a
Po2,S1,6,down,Space,1791208787420.700,1787, 
Po2,S1,6,up,Space,1791208787484.100,1787, 
Po2,S1,6,down,Backspace,1791208787667.700,1788,Backspace
Po2,S1,6,up,Backspace,1791208787753.200,1788,Backspace
Po2,S1,6,down,KeyR,1791208787992.000,1789,r
Po2,S1,6,up,KeyR,1791208788106.100,1789,r
Po2,S1,6,down,KeyE,1791208788131.900,1790,e
Po2,S1,6,up,KeyE,1791208788232.600,1790,e
Po2,S1,6,down,Space,1791208788262.700,1791, 
Po2,S1,6,up,Space,1791208788334.900,1791, 
Po2,S1,6,down,KeyF,1791208788383.900,1792,f
Po2,S1,6,down,KeyU,1791208788483.200,1793,u
Po2,S1,6,up,KeyF,1791208788507.700,1792,f
Po2,S1,6,up,KeyU,1791208788564.200,1793,u
Po2,S1,6,down,KeyD,1791208788723.100,1794,d
Po2,S1,6,up,KeyD,1791208788852.500,1794,d
Po2,S1,6,down,Backspace,1791208789379.200,1795,Backspace
Po2,S1,6,up,Backspace,1791208789447.200,1795,Backspace
Po2,S1,6,down,KeyN,1791208789623.100,1796,n
Po2,S1,6,up,KeyN,1791208789703.900,1796,n
Po2,S1,6,down,KeyD,1791208789732.300,1797,d
Po2,S1,6,up,KeyD,1791208789860.400,1797,d
Po2,S1,6,down,KeyE,1791208789886.600,1798,e
Po2,S1,6,up,KeyE,1791208790012.400,1798,e
Po2,S1,6,down,KeyM,1791208790273.000,1799,m
Po2,S1,6,up,KeyM,1791208790336.900,1799,m
Po2,S1,6,down,KeyE,1791208791750.100,1800,e
Po2,S1,6,down,KeyN,1791208791846.400,1801,n
Po2,S1,6,up,KeyE,1791208791870.900,1800,e
Po2,S1,6,down,KeyT,1791208791935.900,1802,t
Po2,S1,6,up,KeyT,1791208792023.600,1802,t
Po2,S1,6,down,KeyA,1791208792138.100,1803,a
Po2,S1,6,up,KeyA,1791208792266.700,1803,a
Po2,S1,6,down,KeyL,1791208792330.600,1804,l
Po2,S1,6,up,KeyL,1791208792392.000,1804,l
Po2,S1,6,down,KeyY,1791208792663.600,1805,y
Po2,S1,6,up,KeyY,1791208792761.200,1805,y
Po2,S1,6,down,Backspace,1791208793106.400,1806,Backspace
Po2,S1,6,up,Backspace,1791208793225.400,1806,Backspace
Po2,S1,6,down,KeyL,1791208794467.500,1807,l
Po2,S1,6,up,KeyL,1791208794564.200,1807,l
Po2,S1,6,down,KeyY,1791208794623.500,1808,y
Po2,S1,6,up,KeyY,1791208794683.900,1808,y
Po2,S1,6,down,Space,1791208794714.500,1809, 
Po2,S1,6,up,Space,1791208794822.500,1809, 
Po2,S1,6,down,KeyD,1791208794966.300,1810,d
Po2,S1,6,down,KeyI,1791208795062.200,1811,i
Po2,S1,6,up,KeyD,1791208795089.300,1810,d
Po2,S1,6,up,KeyI,1791208795154.000,1811,i
Po2,S1,6,up,KeyF,1791208795290.300,1812,f
Po2,S1,6,down,KeyF,1791208795361.700,1813,f
Po2,S1,6,up,KeyF,1791208795455.600,1813,f
Po2,S1,6,down,KeyE,1791208795555.800,1814,e
Po2,S1,6,down,KeyR,1791208795591.000,1815,r
Po2,S1,6,up,KeyE,1791208795647.100,1814,e
Po2,S1,6,up,KeyR,1791208795730.000,1815,r
Po2,S1,6,down,KeyE,1791208795755.300,1816,e
Po2,S1,6,up,KeyE,1791208795853.600,1816,e
Po2,S1,6,down,KeyN,1791208795913.200,1817,n
Po2,S1,6,up,KeyN,1791208795995.400,1817,n
Po2,S1,6,down,KeyT,1791208796024.400,1818,t
Po2,S1,6,up,KeyT,1791208796112.800,1818,t
Po2,S1,6,down,Space,1791208796173.200,1819, 
Po2,S1,6,up,Space,1791208796233.200,1819, 
Po2,S1,6,down,KeyT,1791208800592.100,1820,t
Po2,S1,6,up,KeyT,1791208800664.600,1820,t
Po2,S1,6,down,KeyO,1791208800694.500,1821,o
Po2,S1,6,down,Space,1791208800823.200,1822, 
Po2,S1,6,up,KeyO,1791208800849.600,1821,o
Po2,S1,6,up,Space,1791208800942.500,1822, 
Po2,S1,6,down,KeyA,1791208801022.000,1823,a
Po2,S1,6,up,KeyA,1791208801133.500,1823,a
Po2,S1,6,down,Space,1791208801197.000,1824, 
Po2,S1,6,up,Space,1791208801277.400,1824, 
Po2,S1,6,down,KeyT,1791208801926.100,1825,t
Po2,S1,6,down,KeyH,1791208802048.300,1826,h
Po2,S1,6,up,KeyH,1791208802135.600,1826,h
Po2,S1,6,down,KeyR,1791208802191.600,1828,r
Po2,S1,6,up,KeyR,1791208802321.200,1828,r
Po2,S1,6,up,KeyM,1791208802431.300,1829,m
Po2,S1,6,down,KeyA,1791208802480.100,1830,a
Po2,S1,6,up,KeyA,1791208802572.400,1830,a
Po2,S1,6,down,Backspace,1791208802796.400,1831,Backspace
Po2,S1,6,up,Backspace,1791208802875.400,1831,Backspace
Po2,S1,6,down,KeyO,1791208803023.000,1832,o
Po2,S1,6,up,KeyO,1791208803119.000,1832,o
Po2,S1,6,down,KeyS,1791208803144.700,1833,s
Po2,S1,6,up,KeyS,1791208803241.800,1833,s
Po2,S1,6,down,KeyA,1791208803340.100,1834,a
Po2,S1,6,up,KeyA,1791208803461.500,1834,a
Po2,S1,6,down,Backspace,1791208803661.200,1835,Backspace
Po2,S1,6,up,Backspace,1791208803769.200,1835,Backspace
Po2,S1,6,down,KeyT,1791208803836.500,1836,t
Po2,S1,6,up,KeyT,1791208803905.700,1836,t
Po2,S1,6,down,KeyA,1791208803999.000,1837,a
Po2,S1,6,up,KeyA,1791208804097.800,1837,a
Po2,S1,6,down,KeyT,1791208804192.800,1838,t
Po2,S1,6,up,KeyT,1791208804297.100,1838,t
Po2,S1,6,down,Space,1791208805013.800,1839, 
Po2,S1,6,up,Space,1791208805097.200,1839, 
Po2,S1,6,down,KeyW,1791208805163.600,1840,w
Po2,S1,6,down,KeyH,1791208805245.000,1841,h
Po2,S1,6,up,KeyH,1791208805311.100,1841,h
Po2,S1,6,down,KeyI,1791208805401.400,1842,i
Po2,S1,6,up,KeyI,1791208805468.500,1842,i
Po2,S1,6,down,KeyC,1791208805537.900,1843,c
Po2,S1,6,up,KeyC,1791208805614.500,1843,c
Po2,S1,6,up,KeyH,1791208805715.000,1844,h
Po2,S1,6,up,Space,1791208805774.100,1845, 
Po2,S1,6,down,KeyI,1791208805867.900,1846,i
Po2,S1,6,up,KeyI,1791208805895.100,1846,i
Po2,S1,6,down,Space,1791208806100.500,1847, 
Po2,S1,6,up,Space,1791208806213.600,1847, 
Po2,S1,6,down,KeyT,1791208806339.500,1848,t
Po2,S1,6,down,KeyH,1791208806465.600,1849,h
Po2,S1,6,up,KeyH,1791208806557.700,1849,h
Po2,S1,6,down,KeyI,1791208806621.700,1850,i
Po2,S1,6,up,KeyI,1791208806721.700,1850,i
Po2,S1,6,down,KeyN,1791208806827.700,1851,n
Po2,S1,6,up,KeyN,1791208806919.700,1851,n
Po2,S1,6,down,KeyK,1791208807012.800,1852,k
Po2,S1,6,up,KeyK,1791208807100.700,1852,k
Po2,S1,6,down,Space,1791208807125.800,1853, 
Po2,S1,6,up,Space,1791208807223.400,1853, 
Po2,S1,6,down,KeyY,1791208807768.900,1854,y
Po2,S1,6,up,KeyY,1791208807833.800,1854,y
Po2,S1,6,down,KeyO,1791208807935.400,1855,o
Po2,S1,6,up,KeyO,1791208808034.000,1855,o
Po2,S1,6,down,KeyU,1791208808127.400,1856,u
Po2,S1,6,up,KeyU,1791208808220.600,1856,u
Po2,S1,6,down,Space,1791208808244.600,1857, 
Po2,S1,6,up,Space,1791208808348.600,1857, 
Po2,S1,6,down,KeyK,1791208809679.900,1858,k
Po2,S1,6,up,KeyK,1791208809761.800,1858,k
Po2,S1,6,down,KeyN,1791208809841.300,1859,n
Po2,S1,6,up,KeyN,1791208809905.200,1859,n
Po2,S1,6,down,KeyO,1791208810010.600,1860,o
Po2,S1,6,up,KeyO,1791208810080.500,1860,o
Po2,S1,6,down,KeyW,1791208810148.300,1861,w
Po2,S1,6,up,KeyW,1791208810263.000,1861,w
Po2,S1,6,down,Period,1791208810585.200,1862,.
Po2,S1,6,up,Period,1791208810655.400,1862,.
Po2,S1,6,down,Space,1791208810749.300,1863, 
Po2,S1,6,up,Space,1791208810839.000,1863, 
Po2,S1,6,down,ShiftLeft,1791208811022.800,1864,Shift
Po2,S1,6,down,KeyD,1791208811597.300,1865,D
Po2,S1,6,up,ShiftLeft,1791208811668.300,1864,Shift
Po2,S1,6,up,KeyD,1791208811736.800,1865,d
Po2,S1,6,down,KeyO,1791208811772.300,1866,o
Po2,S1,6,down,KeyE,1791208811863.600,1867,e
Po2,S1,6,down,Space,1791208812193.000,1869, 
Po2,S1,6,up,Space,1791208812276.300,1869, 
Po2,S1,6,down,KeyA,1791208812617.800,1870,a
Po2,S1,6,up,KeyA,1791208812725.100,1870,a
Po2,S1,6,down,Space,1791208812791.800,1871, 
Po2,S1,6,up,Space,1791208812859.100,1871, 
Po2,S1,6,down,KeyT,1791208813007.000,1872,t
Po2,S1,6,up,KeyT,1791208813110.700,1872,t
Po2,S1,6,down,KeyH,1791208813178.900,1873,h
Po2,S1,6,down,KeyE,1791208813245.300,1874,e
Po2,S1,6,down,KeyR,1791208813305.600,1875,r
Po2,S1,6,up,KeyE,1791208813360.500,1874,e
Po2,S1,6,up,KeyR,1791208813456.200,1875,r
Po2,S1,6,down,KeyM,1791208813491.900,1876,m
Po2,S1,6,up,KeyM,1791208813598.900,1876,m
Po2,S1,6,down,KeyO,1791208813712.900,1877,o
Po2,S1,6,up,KeyO,1791208813810.500,1877,o
Po2,S1,6,down,KeyS,1791208813836.200,1878,s
Po2,S1,6,up,KeyS,1791208813951.700,1878,s
Po2,S1,6,down,KeyT,1791208814018.000,1879,t
Po2,S1,6,up,KeyT,1791208814107.000,1879,t
Po2,S1,6,down,KeyA,1791208814186.200,1880,a
Po2,S1,6,up,KeyA,1791208814288.400,1880,a
Po2,S1,6,down,KeyT,1791208814374.500,1881,t
Po2,S1,6,up,KeyT,1791208814486.100,1881,t
Po2,S1,6,down,Space,1791208814616.800,1882, 
Po2,S1,6,up,Space,1791208814713.900,1882, 
Po2,S1,6,down,KeyC,1791208815189.200,1883,c
Po2,S1,6,down,KeyO,1791208815310.000,1884,o
Po2,S1,6,up,KeyO,1791208815381.200,1884,o
Po2,S1,6,down,KeyN,1791208815501.400,1885,n
Po2,S1,6,up,KeyN,1791208815607.700,1885,n
Po2,S1,6,down,KeyS,1791208815748.500,1886,s
Po2,S1,6,down,KeyU,1791208815825.900,1887,u
Po2,S1,6,up,KeyU,1791208815896.300,1887,u
Po2,S1,6,down,KeyM,1791208815990.400,1888,m
Po2,S1,6,up,KeyM,1791208816089.100,1888,m
Po2,S1,6,down,KeyE,1791208816116.300,1889,e
Po2,S1,6,down,Space,1791208816218.800,1890, 
Po2,S1,6,up,Space,1791208816316.600,1890, 
Po2,S1,6,down,Period,1791208818516.600,1891,.
Po2,S1,6,up,Period,1791208818597.700,1891,.
Po2,S1,6,down,Space,1791208818682.200,1892, 
Po2,S1,6,up,Space,1791208818765.700,1892, 
Po2,S1,6,down,KeyT,1791208820065.600,1893,t
Po2,S1,6,up,KeyT,1791208820192.400,1893,t
Po2,S1,6,down,KeyE,1791208820227.100,1894,e
Po2,S1,6,up,KeyE,1791208820388.000,1894,e
Po2,S1,6,down,Backspace,1791208820887.800,1895,Backspace
Po2,S1,6,up,Backspace,1791208821002.800,1895,Backspace
Po2,S1,6,down,Backspace,1791208821207.700,1896,Backspace
Po2,S1,6,up,Backspace,1791208821324.500,1896,Backspace
Po2,S1,6,down,Backspace,1791208821990.700,1897,Backspace
Po2,S1,6,up,Backspace,1791208822064.700,1897,Backspace
Po2,S1,6,down,Backspace,1791208822156.200,1898,Backspace
Po2,S1,6,up,Backspace,1791208822251.700,1898,Backspace
Po2,S1,6,down,Space,1791208822399.100,1899, 
Po2,S1,6,up,Space,1791208822499.900,1899, 
Po2,S1,6,down,ShiftLeft,1791208822660.400,1900,Shift
Po2,S1,6,up,ShiftLeft,1791208822924.500,1900,Shift
Po2,S1,6,down,Backspace,1791208823063.000,1901,Backspace
Po2,S1,6,up,Backspace,1791208823187.900,1901,Backspace
Po2,S1,6,down,ShiftLeft,1791208823214.900,1902,Shift
Po2,S1,6,down,KeyT,1791208823381.300,1903,T
Po2,S1,6,up,KeyT,1791208823458.300,1903,T
Po2,S1,6,down,KeyB,1791208823956.800,1904,B
Po2,S1,6,up,KeyB,1791208824024.000,1904,B
Po2,S1,6,up,ShiftLeft,1791208824086.800,1902,Shift
Po2,S1,6,down,KeyS,1791208824149.500,1905,s
Po2,S1,6,up,KeyS,1791208824245.000,1905,s
Po2,S1,6,down,Space,1791208824270.600,1906, 
Po2,S1,6,up,Space,1791208824370.600,1906, 
Po2,S1,6,down,KeyO,1791208824525.700,1907,o
Po2,S1,6,up,KeyO,1791208824597.700,1907,o
Po2,S1,6,down,KeyD,1791208824751.000,1908,d
Po2,S1,6,up,KeyD,1791208824819.000,1908,d
Po2,S1,6,down,Space,1791208824844.800,1909, 
Po2,S1,6,up,Space,1791208824945.200,1909, 
Po2,S1,6,down,Backspace,1791208825181.300,1910,Backspace
Po2,S1,6,up,Backspace,1791208825246.400,1910,Backspace
Po2,S1,6,down,Backspace,1791208825337.000,1911,Backspace
Po2,S1,6,up,Backspace,1791208825401.400,1911,Backspace
Po2,S1,6,down,KeyF,1791208825467.900,1912,f
Po2,S1,6,down,Space,1791208825568.700,1913, 
Po2,S1,6,up,Space,1791208825665.200,1913, 
Po2,S1,6,down,KeyD,1791208825810.500,1914,d
Po2,S1,6,up,KeyD,1791208825901.000,1914,d
Po2,S1,6,down,KeyA,1791208825927.000,1915,a
Po2,S1,6,up,KeyA,1791208826043.000,1915,a
Po2,S1,6,down,KeyT,1791208826203.000,1916,t
Po2,S1,6,up,KeyT,1791208826282.000,1916,t
Po2,S1,6,down,KeyA,1791208826361.200,1917,a
Po2,S1,6,down,Space,1791208826466.800,1918, 
Po2,S1,6,up,Space,1791208826536.100,1918, 
Po2,S1,6,down,Backspace,1791208838650.800,1919,Backspace
Po2,S1,6,up,Backspace,1791208838757.400,1919,Backspace
Po2,S1,6,down,Semicolon,1791208838986.200,1920,;
Po2,S1,6,up,Semicolon,1791208839055.000,1920,;
Po2,S1,6,down,Space,1791208839179.000,1921, 
Po2,S1,6,up,Space,1791208839274.900,1921, 
Po2,S1,6,down,ShiftLeft,1791208839360.400,1922,Shift
Po2,S1,6,down,KeyN,1791208839445.900,1923,N
Po2,S1,6,up,ShiftLeft,1791208839515.800,1922,Shift
Po2,S1,6,down,KeyO,1791208839591.400,1924,o
Po2,S1,6,up,KeyO,1791208839685.600,1924,o
Po2,S1,6,up,Space,1791208839786.600,1925, 
Po2,S1,6,down,KeyO,1791208839823.600,1926,o
Po2,S1,6,up,KeyO,1791208839923.400,1926,o
Po2,S1,6,down,KeyN,1791208840039.600,1927,n
Po2,S1,6,up,KeyN,1791208840126.600,1927,n
Po2,S1,6,down,KeyB,1791208840795.600,1928,b
Po2,S1,6,up,KeyB,1791208840871.800,1928,b
Po2,S1,6,down,Backspace,1791208842146.700,1929,Backspace
Po2,S1,6,up,Backspace,1791208842226.100,1929,Backspace
Po2,S1,6,down,Backspace,1791208842314.900,1930,Backspace
Po2,S1,6,up,Backspace,1791208842392.100,1930,Backspace
Po2,S1,6,down,KeyB,1791208842858.400,1931,b
Po2,S1,6,up,KeyB,1791208842926.600,1931,b
Po2,S1,6,down,KeyV,1791208842992.800,1932,v
Po2,S1,6,up,KeyV,1791208843112.300,1932,v
Po2,S1,6,down,KeyI,1791208843247.200,1933,i
Po2,S1,6,down,KeyO,1791208843315.500,1934,o
Po2,S1,6,up,KeyI,1791208843382.600,1933,i
Po2,S1,6,up,KeyO,1791208843447.600,1934,o
Po2,S1,6,down,KeyU,1791208843557.600,1935,u
Po2,S1,6,up,KeyU,1791208843660.100,1935,u
Po2,S1,6,down,KeyS,1791208843727.400,1936,s
Po2,S1,6,down,KeyL,1791208843819.600,1937,l
Po2,S1,6,up,KeyS,1791208843849.000,1936,s
Po2,S1,6,up,KeyL,1791208843951.800,1937,l
Po2,S1,6,down,KeyY,1791208844035.100,1938,y
Po2,S1,6,up,KeyY,1791208844133.500,1938,y
Po2,S1,6,down,Period,1791208844644.500,1939,.
Po2,S1,6,up,Period,1791208844714.100,1939,.
Po2,S1,6,down,Space,1791208844812.900,1940, 
Po2,S1,6,up,Space,1791208844894.300,1940, 
Po2,S1,6,down,ShiftLeft,1791208845696.800,1941,Shift
Po2,S1,6,down,KeyT,1791208846095.300,1942,T
Po2,S1,6,up,KeyT,1791208846165.700,1942,t
Po2,S1,6,down,KeyO,1791208846341.300,1943,o
Po2,S1,6,up,KeyO,1791208846454.600,1943,o
Po2,S1,6,down,Space,1791208846482.300,1944, 
Po2,S1,6,up,Space,1791208846543.700,1944, 
Po2,S1,6,down,KeyO,1791208846663.100,1946,o
Po2,S1,6,up,KeyO,1791208846738.800,1946,o
Po2,S1,6,down,KeyM,1791208846815.200,1947,m
Po2,S1,6,up,KeyM,1791208846898.700,1947,m
Po2,S1,6,down,KeyP,1791208846997.100,1948,p
Po2,S1,6,up,KeyP,1791208847078.600,1948,p
Po2,S1,6,down,KeyR,1791208847109.200,1949,r
Po2,S1,6,up,KeyR,1791208847209.000,1949,r
Po2,S1,6,down,KeyA,1791208847302.400,1950,a
Po2,S1,6,up,KeyA,1791208847426.800,1950,a
Po2,S1,6,down,Backspace,1791208847625.400,1951,Backspace
Po2,S1,6,up,Backspace,1791208847701.600,1951,Backspace
Po2,S1,6,down,Backspace,1791208847786.500,1952,Backspace
Po2,S1,6,up,Backspace,1791208847863.000,1952,Backspace
Po2,S1,6,down,KeyA,1791208847935.600,1953,a
Po2,S1,6,up,KeyA,1791208848038.600,1953,a
Po2,S1,6,down,KeyR,1791208848104.600,1954,r
Po2,S1,6,down,KeyE,1791208848210.200,1955,e
Po2,S1,6,up,KeyR,1791208848242.700,1954,r
Po2,S1,6,up,KeyE,1791208848336.300,1955,e
Po2,S1,6,up,Space,1791208848434.200,1956, 
Po2,S1,6,down,KeyY,1791208848851.600,1957,y
Po2,S1,6,up,KeyY,1791208848921.000,1957,y
Po2,S1,6,down,KeyO,1791208849018.400,1958,o
Po2,S1,6,up,KeyO,1791208849114.900,1958,o
Po2,S1,6,down,KeyU,1791208849205.900,1959,u
Po2,S1,6,up,KeyU,1791208849309.600,1959,u
Po2,S1,6,down,Space,1791208849337.100,1960, 
Po2,S1,6,down,KeyT,1791208849437.200,1961,t
Po2,S1,6,up,Space,1791208849467.700,1960, 
Po2,S1,6,up,KeyT,1791208849528.800,1961,t
Po2,S1,6,down,KeyO,1791208849589.300,1962,o
Po2,S1,6,down,Space,1791208849691.000,1963, 
Po2,S1,6,up,Space,1791208849759.800,1963, 
Po2,S1,6,down,KeyA,1791208849857.800,1964,a
Po2,S1,6,up,KeyA,1791208850016.300,1964,a
Po2,S1,6,down,Space,1791208850044.300,1965, 
Po2,S1,6,up,Space,1791208850146.100,1965, 
Po2,S1,6,down,KeyR,1791208850433.100,1966,r
Po2,S1,6,up,KeyR,1791208850529.500,1966,r
Po2,S1,6,down,KeyA,1791208850700.200,1967,a
Po2,S1,6,up,KeyA,1791208850811.300,1967,a
Po2,S1,6,down,KeyN,1791208850879.600,1968,n
Po2,S1,6,up,KeyN,1791208850913.000,1968,n
Po2,S1,6,down,KeyD,1791208851065.300,1969,d
Po2,S1,6,up,KeyD,1791208851181.700,1969,d
Po2,S1,6,down,KeyO,1791208851262.400,1970,o
Po2,S1,6,up,KeyO,1791208851329.900,1970,o
Po2,S1,6,down,KeyM,1791208851515.900,1971,m
Po2,S1,6,up,KeyM,1791208851665.600,1971,m
Po2,S1,6,down,Space,1791208851694.300,1972, 
Po2,S1,6,up,Space,1791208851796.700,1972, 
Po2,S1,6,down,KeyP,1791208852148.800,1973,p
Po2,S1,6,up,KeyP,1791208852244.300,1973,p
Po2,S1,6,down,KeyI,1791208852399.200,1974,i
Po2,S1,6,up,KeyI,1791208852497.700,1974,i
Po2,S1,6,down,KeyE,1791208852524.100,1975,e
Po2,S1,6,up,KeyE,1791208852628.500,1975,e
Po2,S1,6,down,KeyC,1791208852712.000,1976,c
Po2,S1,6,down,KeyE,1791208852839.700,1977,e
Po2,S1,6,up,KeyC,1791208852868.100,1976,c
Po2,S1,6,up,KeyE,1791208852978.900,1977,e
Po2,S1,6,down,Space,1791208853005.900,1978, 
Po2,S1,6,up,Space,1791208853107.900,1978, 
Po2,S1,6,down,KeyO,1791208853176.900,1979,o
Po2,S1,6,down,KeyF,1791208853291.000,1980,f
Po2,S1,6,up,KeyF,1791208853393.200,1980,f
Po2,S1,6,down,Space,1791208853431.500,1981, 
Po2,S1,6,up,Space,1791208853481.000,1981, 
Po2,S1,6,down,KeyH,1791208854312.100,1982,h
Po2,S1,6,up,KeyH,1791208854384.000,1982,h
Po2,S1,6,down,KeyA,1791208854854.700,1983,a
Po2,S1,6,up,KeyA,1791208854965.000,1983,a
Po2,S1,6,down,KeyR,1791208855071.000,1984,r
Po2,S1,6,up,KeyR,1791208855173.600,1984,r
Po2,S1,6,down,KeyD,1791208855304.500,1985,d
Po2,S1,6,up,KeyD,1791208855388.200,1985,d
Po2,S1,6,down,KeyW,1791208855503.800,1986,w
Po2,S1,6,up,KeyW,1791208855647.800,1986,w
Po2,S1,6,down,KeyA,1791208855675.000,1987,a
Po2,S1,6,up,KeyA,1791208855803.500,1987,a
Po2,S1,6,down,KeyR,1791208855870.800,1988,r
Po2,S1,6,up,KeyR,1791208855984.500,1988,r
Po2,S1,6,down,Space,1791208856172.000,1990, 
Po2,S1,6,up,Space,1791208856253.100,1990, 
Po2,S1,6,down,KeyD,1791208856522.600,1991,d
Po2,S1,6,up,KeyD,1791208856631.500,1991,d
Po2,S1,6,down,KeyO,1791208856660.400,1992,o
Po2,S1,6,up,KeyO,1791208856725.600,1992,o
Po2,S1,6,up,KeyE,1791208856808.400,1993,e
Po2,S1,6,down,KeyS,1791208856903.200,1994,s
Po2,S1,6,up,KeyS,1791208856972.400,1994,s
Po2,S1,6,down,KeyN,1791208857012.700,1995,n
Po2,S1,6,up,KeyN,1791208857110.600,1995,n
Po2,S1,6,down,KeyT,1791208857137.600,1996,t
Po2,S1,6,up,KeyT,1791208857238.500,1996,t
Po2,S1,6,down,Space,1791208857273.500,1997, 
Po2,S1,6,up,Space,1791208857333.800,1997, 
Po2,S1,6,down,KeyM,1791208857448.900,1998,m
Po2,S1,6,up,KeyM,1791208857545.800,1998,m
Po2,S1,6,down,KeyA,1791208857574.300,1999,a
Po2,S1,6,up,KeyA,1791208857680.500,1999,a
Po2,S1,6,down,KeyE,1791208857768.800,2001,e
Po2,S1,6,down,Space,1791208857835.300,2002, 
Po2,S1,6,up,Space,1791208857928.700,2002, 
Po2,S1,6,down,KeyS,1791208858016.600,2003,s
Po2,S1,6,down,KeyE,1791208858120.700,2004,e
Po2,S1,6,up,KeyS,1791208858153.300,2003,s
Po2,S1,6,up,KeyE,1791208858249.900,2004,e
Po2,S1,6,down,KeyN,1791208858285.900,2005,n
Po2,S1,6,up,KeyN,1791208858383.100,2005,n
Po2,S1,6,down,KeyS,1791208858409.200,2006,s
Po2,S1,6,down,KeyE,1791208858542.800,2007,e
Po2,S1,6,up,KeyS,1791208858623.500,2006,s
Po2,S1,6,up,KeyE,1791208858691.100,2007,e
Po2,S1,6,up,Period,1791208859346.300,2008,.
Po2,S1,6,up,Space,1791208859418.800,2009, 
Po2,S1,6,down,ShiftLeft,1791208859646.900,2010,Shift
Po2,S1,6,down,KeyW,1791208859855.200,2011,W
Po2,S1,6,down,KeyH,1791208860014.900,2012,h
Po2,S1,6,down,KeyA,1791208860094.200,2013,a
Po2,S1,6,up,KeyA,1791208860222.200,2013,a
Po2,S1,6,down,KeyT,1791208860317.800,2014,t
Po2,S1,6,up,KeyT,1791208860408.100,2014,t
Po2,S1,6,down,Space,1791208860444.000,2015, 
Po2,S1,6,up,Space,1791208860509.700,2015, 
Po2,S1,6,down,ShiftLeft,1791208860611.300,2016,Shift
Po2,S1,6,up,ShiftLeft,1791208860724.900,2016,Shift
Po2,S1,6,down,Space,1791208860765.600,2018, 
Po2,S1,6,down,KeyA,1791208860853.500,2019,a
Po2,S1,6,up,KeyA,1791208861025.300,2019,a
Po2,S1,6,up,KeyM,1791208861135.900,2020,m
Po2,S1,6,down,Space,1791208861163.100,2021, 
Po2,S1,6,up,Space,1791208861266.200,2021, 
Po2,S1,6,down,KeyS,1791208861874.700,2022,s
Po2,S1,6,up,KeyS,1791208861982.400,2022,s
Po2,S1,6,down,KeyA,1791208862022.300,2023,a
Po2,S1,6,up,KeyA,1791208862143.900,2023,a
Po2,S1,6,up,KeyI,1791208862430.800,2025,i
Po2,S1,6,down,KeyG,1791208862617.200,2027,g
Po2,S1,6,up,KeyG,1791208862689.600,2027,g
Po2,S1,6,down,KeyI,1791208862828.000,2029,i
Po2,S1,6,up,KeyI,1791208862910.800,2029,i
Po2,S1,6,down,KeyS,1791208863033.400,2030,s
Po2,S1,6,up,KeyS,1791208863137.400,2030,s
Po2,S1,6,down,Space,1791208863165.000,2031, 
Po2,S1,6,up,Space,1791208863271.000,2031, 
Po2,S1,6,down,KeyT,1791208863339.500,2032,t
Po2,S1,6,up,KeyT,1791208863409.200,2032,t
Po2,S1,6,down,KeyH,1791208863436.600,2033,h
Po2,S1,6,down,KeyA,1791208863540.100,2034,a
Po2,S1,6,up,KeyA,1791208863641.900,2034,a
Po2,S1,6,down,KeyT,1791208863711.100,2035,t
Po2,S1,6,down,Space,1791208863826.200,2036, 
Po2,S1,6,up,Space,1791208863901.900,2036, 
Po2,S1,6,down,KeyY,1791208864168.300,2037,y
Po2,S1,6,up,KeyY,1791208864204.300,2037,y
Po2,S1,6,down,KeyO,1791208864318.400,2038,o
Po2,S1,6,up,KeyO,1791208864406.300,2038,o
Po2,S1,6,down,KeyU,1791208864505.300,2039,u
Po2,S1,6,up,KeyU,1791208864592.900,2039,u
Po2,S1,6,down,Backspace,1791208864955.200,2040,Backspace
Po2,S1,6,up,Backspace,1791208864985.500,2040,Backspace
Po2,S1,6,down,KeyU,1791208865626.600,2041,u
Po2,S1,6,down,Space,1791208865727.600,2042, 
Po2,S1,6,up,KeyU,1791208865758.500,2041,u
Po2,S1,6,up,Space,1791208865832.900,2042, 
Po2,S1,6,down,KeyA,1791208865946.900,2043,a
Po2,S1,6,up,KeyA,1791208866080.800,2043,a
Po2,S1,6,down,Backspace,1791208866492.600,2044,Backspace
Po2,S1,6,up,Backspace,1791208866523.900,2044,Backspace
Po2,S1,6,up,KeyH,1791208866984.000,2045,h
Po2,S1,6,up,KeyV,1791208867038.100,2047,v
Po2,S1,6,up,KeyE,1791208867183.500,2048,e
Po2,S1,6,down,KeyA,1791208867312.700,2050,a
Po2,S1,6,up,Space,1791208867464.100,2051, 
Po2,S1,6,down,KeyB,1791208867757.700,2052,b
Po2,S1,6,up,KeyB,1791208867831.500,2052,b
Po2,S1,6,down,KeyU,1791208868034.000,2053,u
Po2,S1,6,up,KeyU,1791208868115.000,2053,u
Po2,S1,6,down,KeyI,1791208868222.800,2054,i
Po2,S1,6,up,KeyI,1791208868295.700,2054,i
Po2,S1,6,down,KeyL,1791208868407.000,2055,l
Po2,S1,6,down,KeyT,1791208868538.500,2056,t
Po2,S1,6,down,Space,1791208868638.500,2057, 
Po2,S1,6,up,Space,1791208868723.500,2057, 
Po2,S1,6,down,KeyI,1791208868809.000,2058,i
Po2,S1,6,up,KeyI,1791208868878.800,2058,i
Po2,S1,6,down,KeyN,1791208868983.900,2059,n
Po2,S1,6,down,Space,1791208869094.400,2060, 
Po2,S1,6,up,KeyN,1791208869123.700,2059,n
Po2,S1,6,up,Space,1791208869193.700,2060, 
Po2,S1,6,down,KeyP,1791208869991.400,2061,p
Po2,S1,6,up,KeyP,1791208870068.300,2061,p
Po2,S1,6,down,KeyO,1791208870173.200,2062,o
Po2,S1,6,up,KeyO,1791208870266.800,2062,o
Po2,S1,6,down,KeyS,1791208870338.800,2063,s
Po2,S1,6,up,KeyS,1791208870459.200,2063,s
Po2,S1,6,down,KeyI,1791208870594.700,2064,i
Po2,S1,6,up,KeyI,1791208870700.900,2064,i
Po2,S1,6,down,KeyT,1791208870733.600,2065,t
Po2,S1,6,up,KeyT,1791208870808.800,2065,t
Po2,S1,6,down,KeyI,1791208870868.800,2066,i
Po2,S1,6,up,KeyI,1791208870974.200,2066,i
Po2,S1,6,down,KeyV,1791208871059.800,2067,v
Po2,S1,6,up,KeyV,1791208871157.000,2067,v
Po2,S1,6,down,KeyE,1791208871226.400,2068,e
Po2,S1,6,up,KeyE,1791208871331.100,2068,e
Po2,S1,6,down,Space,1791208871360.200,2069, 
Po2,S1,6,up,Space,1791208871472.200,2069, 
Po2,S1,6,down,KeyE,1791208871776.200,2070,e
Po2,S1,6,up,KeyE,1791208871858.600,2070,e
Po2,S1,6,down,Backspace,1791208872132.700,2071,Backspace
Po2,S1,6,up,Backspace,1791208872232.400,2071,Backspace
Po2,S1,6,down,KeyF,1791208872345.600,2072,f
Po2,S1,6,up,KeyF,1791208872425.700,2072,f
Po2,S1,6,down,KeyE,1791208872514.500,2073,e
Po2,S1,6,up,KeyE,1791208872591.000,2073,e
Po2,S1,6,down,KeyE,1791208872696.900,2074,e
Po2,S1,6,up,KeyE,1791208872735.600,2074,e
Po2,S1,6,down,KeyD,1791208872838.700,2075,d
Po2,S1,6,up,KeyD,1791208872928.600,2075,d
Po2,S1,6,down,KeyB,1791208873231.700,2076,b
Po2,S1,6,up,KeyB,1791208873303.700,2076,b
Po2,S1,6,down,KeyA,1791208873373.800,2077,a
Po2,S1,6,up,KeyA,1791208873471.200,2077,a
Po2,S1,6,down,KeyC,1791208873563.000,2078,c
Po2,S1,6,down,KeyK,1791208873635.400,2079,k
Po2,S1,6,up,KeyC,1791208873675.900,2078,c
Po2,S1,6,down,Space,1791208873744.300,2080, 
Po2,S1,6,up,Space,1791208873819.900,2080, 
Po2,S1,6,down,KeyL,1791208873916.200,2081,l
Po2,S1,6,up,KeyL,1791208873979.600,2081,l
Po2,S1,6,down,KeyO,1791208874097.300,2082,o
Po2,S1,6,up,KeyO,1791208874173.900,2082,o
Po2,S1,6,down,KeyO,1791208874258.900,2083,o
Po2,S1,6,up,KeyO,1791208874337.200,2083,o
Po2,S1,6,down,KeyP,1791208874432.000,2084,p
Po2,S1,6,up,KeyP,1791208874559.100,2084,p
Po2,S1,6,down,Space,1791208874845.700,2085, 
Po2,S1,6,up,Space,1791208874953.400,2085, 
Po2,S1,6,down,KeyS,1791208875060.100,2086,s
Po2,S1,6,down,KeyO,1791208875179.300,2087,o
Po2,S1,6,down,Space,1791208875287.000,2088, 
Po2,S1,6,up,KeyO,1791208875316.200,2087,o
Po2,S1,6,up,Space,1791208875390.600,2088, 
Po2,S1,6,down,KeyA,1791208875601.000,2089,a
Po2,S1,6,up,KeyA,1791208875721.700,2089,a
Po2,S1,6,down,KeyN,1791208875752.000,2090,n
Po2,S1,6,up,KeyN,1791208875864.200,2090,n
Po2,S1,6,down,KeyY,1791208875994.500,2091,y
Po2,S1,6,down,Space,1791208876118.600,2092, 
Po2,S1,6,down,KeyC,1791208876230.100,2093,c
Po2,S1,6,down,KeyH,1791208876351.300,2094,h
Po2,S1,6,up,KeyH,1791208876426.400,2094,h
Po2,S1,6,down,KeyA,1791208876469.500,2095,a
Po2,S1,6,up,KeyA,1791208876569.000,2095,a
Po2,S1,6,down,KeyC,1791208876662.200,2097,c
Po2,S1,6,down,KeyE,1791208876769.000,2098,e
Po2,S1,6,up,KeyC,1791208876829.900,2097,c
Po2,S1,6,up,KeyE,1791208876901.600,2098,e
Po2,S1,6,down,KeyF,1791208877040.800,2100,f
Po2,S1,6,up,KeyF,1791208877148.700,2100,f
Po2,S1,6,down,KeyR,1791208877259.300,2102,r
Po2,S1,6,up,KeyR,1791208877341.500,2102,r
Po2,S1,6,up,Space,1791208877446.600,2103, 
Po2,S1,6,down,KeyO,1791208877858.400,2104,o
Po2,S1,6,up,KeyO,1791208877951.200,2104,o
Po2,S1,6,down,Backspace,1791208878287.300,2105,Backspace
Po2,S1,6,up,Backspace,1791208878395.600,2105,Backspace
Po2,S1,6,down,KeyY,1791208878504.900,2106,y
Po2,S1,6,up,KeyY,1791208878591.300,2106,y
Po2,S1,6,down,KeyO,1791208878666.200,2107,o
Po2,S1,6,up,KeyO,1791208878741.500,2107,o
Po2,S1,6,up,Space,1791208879178.500,2109, 
Po2,S1,6,down,KeyT,1791208879803.400,2110,t
Po2,S1,6,up,KeyT,1791208879910.900,2110,t
Po2,S1,6,down,KeyO,1791208880011.900,2111,o
Po2,S1,6,down,Space,1791208880115.800,2112, 
Po2,S1,6,up,KeyO,1791208880188.700,2111,o
Po2,S1,6,up,Space,1791208880260.300,2112, 
Po2,S1,6,down,KeyC,1791208880940.200,2113,c
Po2,S1,6,down,KeyO,1791208881050.300,2114,o
Po2,S1,6,up,KeyC,1791208881081.100,2113,c
Po2,S1,6,up,KeyO,1791208881148.000,2114,o
Po2,S1,6,down,KeyN,1791208881259.000,2115,n
Po2,S1,6,up,KeyN,1791208881348.500,2115,n
Po2,S1,6,down,KeyS,1791208881379.300,2116,s
Po2,S1,6,down,KeyU,1791208881491.900,2117,u
Po2,S1,6,up,KeyU,1791208881565.900,2117,u
Po2,S1,6,down,KeyM,1791208881688.500,2118,m
Po2,S1,6,up,KeyM,1791208881765.700,2118,m
Po2,S1,6,down,KeyE,1791208881837.600,2119,e
Po2,S1,6,down,Space,1791208881912.200,2120, 
Po2,S1,6,up,Space,1791208882025.700,2120, 
Po2,S1,6,down,KeyD,1791208882865.900,2121,d
Po2,S1,6,up,KeyD,1791208882989.500,2121,d
Po2,S1,6,down,KeyA,1791208883020.700,2122,a
Po2,S1,6,up,KeyA,1791208883150.800,2122,a
Po2,S1,6,down,KeyT,1791208883336.900,2123,t
Po2,S1,6,down,KeyA,1791208883443.800,2124,a
Po2,S1,6,up,KeyA,1791208883526.000,2124,a
Po2,S1,6,up,Space,1791208883633.500,2125, 
Po2,S1,6,down,KeyT,1791208883696.600,2126,t
Po2,S1,6,up,KeyT,1791208883809.100,2126,t
Po2,S1,6,down,KeyH,1791208883838.700,2127,h
Po2,S1,6,up,KeyH,1791208883915.100,2127,h
Po2,S1,6,up,KeyA,1791208884023.100,2128,a
Po2,S1,6,down,KeyT,1791208884089.700,2129,t
Po2,S1,6,up,KeyT,1791208884198.100,2129,t
Po2,S1,6,up,Space,1791208884262.900,2130, 
Po2,S1,6,down,KeyL,1791208884356.700,2131,l
Po2,S1,6,up,KeyL,1791208884465.700,2131,l
Po2,S1,6,down,KeyN,1791208884574.100,2133,n
Po2,S1,6,up,KeyN,1791208884679.200,2133,n
Po2,S1,6,down,KeyD,1791208884707.600,2134,d
Po2,S1,6,up,KeyD,1791208884821.300,2134,d
Po2,S1,6,down,KeyS,1791208884934.600,2135,s
Po2,S1,6,up,KeyS,1791208885056.700,2135,s
Po2,S1,6,down,KeyT,1791208885296.800,2137,t
Po2,S1,6,up,KeyT,1791208885451.300,2137,t
Po2,S1,6,up,KeyO,1791208885527.900,2138,o
Po2,S1,6,down,KeyT,1791208885616.700,2140,t
Po2,S1,6,down,KeyH,1791208885738.800,2141,h
Po2,S1,6,down,KeyA,1791208885850.900,2142,a
Po2,S1,6,up,KeyA,1791208885981.500,2142,a
Po2,S1,6,down,KeyT,1791208886054.800,2143,t
Po2,S1,6,up,KeyT,1791208886162.500,2143,t
Po2,S1,6,down,Space,1791208886241.200,2144, 
Po2,S1,6,up,Space,1791208886286.300,2144, 
Po2,S1,6,down,KeyD,1791208887855.900,2145,d
Po2,S1,6,up,KeyD,1791208887941.300,2145,d
Po2,S1,6,down,KeyE,1791208888037.500,2146,e
Po2,S1,6,up,KeyE,1791208888136.300,2146,e
Po2,S1,6,down,KeyF,1791208888213.400,2147,f
Po2,S1,6,down,KeyI,1791208888296.500,2148,i
Po2,S1,6,up,KeyF,1791208888331.400,2147,f
Po2,S1,6,up,KeyI,1791208888392.300,2148,i
Po2,S1,6,down,KeyN,1791208888468.100,2149,n
Po2,S1,6,up,KeyN,1791208888573.200,2149,n
Po2,S1,6,up,KeyE,1791208888693.900,2150,e
Po2,S1,6,down,KeyT,1791208888768.700,2151,t
Po2,S1,6,up,KeyT,1791208888898.900,2151,t
Po2,S1,6,down,KeyL,1791208889082.900,2152,l
Po2,S1,6,up,KeyL,1791208889161.000,2152,l
Po2,S1,6,down,KeyY,1791208889326.000,2153,y
Po2,S1,6,up,KeyY,1791208889439.000,2153,y
Po2,S1,6,down,Backspace,1791208889629.400,2154,Backspace
Po2,S1,6,up,Backspace,1791208889708.400,2154,Backspace
Po2,S1,6,down,Backspace,1791208889783.300,2155,Backspace
Po2,S1,6,up,Backspace,1791208889861.900,2155,Backspace
Po2,S1,6,down,Backspace,1791208889950.900,2156,Backspace
Po2,S1,6,up,Backspace,1791208890034.300,2156,Backspace
Po2,S1,6,down,KeyT,1791208891050.500,2157,t
Po2,S1,6,up,KeyT,1791208891129.800,2157,t
Po2,S1,6,down,KeyL,1791208891159.500,2158,l
Po2,S1,6,down,KeyY,1791208891228.200,2159,y
Po2,S1,6,up,KeyY,1791208891354.900,2159,y
Po2,S1,6,up,Space,1791208891424.900,2160, 
Po2,S1,6,down,KeyL,1791208891566.400,2161,l
Po2,S1,6,down,KeyE,1791208891640.200,2162,e
Po2,S1,6,up,KeyE,1791208891721.900,2162,e
Po2,S1,6,down,KeyA,1791208891875.500,2163,a
Po2,S1,6,up,KeyA,1791208891983.900,2163,a
Po2,S1,6,down,KeyN,1791208892015.500,2164,n
Po2,S1,6,down,KeyS,1791208892134.700,2165,s
Po2,S1,6,down,Space,1791208892243.400,2166, 
Po2,S1,6,up,Space,1791208892322.800,2166, 
Po2,S1,6,down,KeyT,1791208892379.800,2167,t
Po2,S1,6,up,KeyT,1791208892494.000,2167,t
Po2,S1,6,down,KeyO,1791208892522.200,2168,o
Po2,S1,6,up,KeyO,1791208892637.400,2168,o
Po2,S1,6,down,KeyW,1791208892708.400,2169,w
Po2,S1,6,up,KeyW,1791208892812.000,2169,w
Po2,S1,6,down,KeyA,1791208892903.500,2170,a
Po2,S1,6,up,KeyA,1791208893011.200,2170,a
Po2,S1,6,down,KeyR,1791208893099.900,2171,r
Po2,S1,6,up,KeyR,1791208893191.800,2171,r
Po2,S1,6,down,KeyD,1791208893372.600,2172,d
Po2,S1,6,down,KeyS,1791208893417.800,2173,s
Po2,S1,6,up,KeyD,1791208893522.600,2172,d
Po2,S1,6,down,Space,1791208893552.200,2174, 
Po2,S1,6,up,Space,1791208893641.700,2174, 
Po2,S1,6,up,KeyN,1791208896015.900,2176,n
Po2,S1,6,down,KeyO,1791208896256.300,2178,o
Po2,S1,6,up,KeyO,1791208896330.600,2178,o
Po2,S1,6,down,KeyY,1791208896478.500,2180,y
Po2,S1,6,up,KeyY,1791208896558.500,2180,y
Po2,S1,6,down,KeyM,1791208896702.800,2181,m
Po2,S1,6,up,KeyM,1791208896791.100,2181,m
Po2,S1,6,down,KeyE,1791208896827.100,2182,e
Po2,S1,6,up,KeyE,1791208896936.800,2182,e
Po2,S1,6,up,KeyN,1791208897004.600,2183,n
Po2,S1,6,down,KeyT,1791208897068.200,2184,t
Po2,S1,6,up,KeyT,1791208897153.400,2184,t
Po2,S1,6,up,Space,1791208897263.000,2185, 
Po2,S1,6,down,KeyI,1791208897373.800,2186,i
Po2,S1,6,up,KeyI,1791208897450.700,2186,i
Po2,S1,6,down,KeyN,1791208897566.800,2187,n
Po2,S1,6,down,Space,1791208897691.900,2188, 
Po2,S1,6,up,KeyN,1791208897723.300,2187,n
Po2,S1,6,up,Space,1791208897791.600,2188, 
Po2,S1,6,down,KeyA,1791208897908.200,2189,a
Po2,S1,6,up,KeyA,1791208898025.600,2189,a
Po2,S1,6,down,Space,1791208898104.400,2190, 
Po2,S1,6,up,Space,1791208898182.700,2190, 
Po2,S1,6,down,KeyC,1791208898291.200,2191,c
Po2,S1,6,down,KeyO,1791208898365.500,2192,o
Po2,S1,6,up,KeyO,1791208898443.700,2192,o
Po2,S1,6,down,KeyN,1791208898551.700,2193,n
Po2,S1,6,up,KeyN,1791208898655.400,2193,n
Po2,S1,6,down,KeyV,1791208899048.500,2194,v
Po2,S1,6,up,KeyV,1791208899155.700,2194,v
Po2,S1,6,up,KeyE,1791208899271.800,2195,e
Po2,S1,6,down,KeyS,1791208899386.200,2197,s
Po2,S1,6,up,KeyS,1791208899500.500,2197,s
Po2,S1,6,down,KeyA,1791208899575.300,2198,a
Po2,S1,6,up,KeyA,1791208899664.500,2198,a
Po2,S1,6,down,KeyT,1791208899745.500,2199,t
Po2,S1,6,down,KeyI,1791208899831.200,2200,i
Po2,S1,6,up,KeyT,1791208899862.700,2199,t
Po2,S1,6,up,KeyI,1791208899936.200,2200,i
Po2,S1,6,up,KeyO,1791208900027.900,2201,o
Po2,S1,6,down,KeyN,1791208900089.000,2202,n
Po2,S1,6,up,KeyN,1791208900159.400,2202,n
Po2,S1,7,up,Enter,1791208900622.600,2203,Enter
P02,S1,0,down,ShiftLeft,1791209295306.300,1,Shift
P02,S1,0,down,KeyB,1791209295743.300,2,B
P02,S1,0,up,KeyB,1791209295802.900,2,B
P02,S1,0,up,KeyB,1791209295960.400,3,B
P02,S1,0,up,ShiftLeft,1791209296166.100,1,Shift
P02,S1,0,down,KeyA,1791209296259.500,4,a
P02,S1,0,up,KeyA,1791209296356.600,4,a
P02,S1,0,down,KeyA,1791209296447.900,5,a
P02,S1,0,up,KeyA,1791209296487.100,5,a
P02,S1,0,down,KeyA,1791209296575.200,6,a
P02,S1,0,up,KeyA,1791209296666.800,6,a
P02,S1,0,down,KeyB,1791209296887.100,7,b
P02,S1,0,up,KeyB,1791209296986.000,7,b
P02,S1,0,down,KeyO,1791209297102.600,8,o
P02,S1,0,up,KeyO,1791209297193.600,8,o
P02,S1,0,down,KeyO,1791209297595.100,10,o
P02,S1,0,up,KeyO,1791209297703.200,10,o
P02,S1,0,down,KeyE,1791209297948.900,11,e
P02,S1,0,up,KeyE,1791209298040.700,11,e
P02,S1,0,down,KeyE,1791209298135.900,12,e
P02,S1,0,up,KeyE,1791209298179.300,12,e
P02,S1,0,down,KeyE,1791209298316.300,13,e
P02,S1,0,up,KeyE,1791209298412.100,13,e
P02,S1,0,down,KeyG,1791378499416.800,1,g
P02,S1,0,up,KeyG,1791378499524.200,1,g
P02,S1,0,down,KeyO,1791378499613.400,2,o
P02,S1,0,down,Space,1791378499707.900,3, 
P02,S1,0,up,Space,1791378499789.700,3, 
P02,S1,0,down,KeyB,1791378499894.500,4,b
P02,S1,0,up,KeyB,1791378499976.400,4,b
P02,S1,0,up,KeyA,1791378500056.900,5,a
P02,S1,0,down,KeyC,1791378500127.900,6,c
P02,S1,0,up,KeyC,1791378500234.800,6,c
P02,S1,0,down,Space,1791378500349.300,8, 
P02,S1,0,up,Space,1791378500459.700,8, 
P02,S1,0,down,KeyT,1791378500539.000,9,t
P02,S1,0,down,KeyO,1791378500619.900,10,o
P02,S1,0,up,KeyT,1791378500651.600,9,t
P02,S1,0,up,KeyO,1791378500769.700,10,o
P02,S1,0,up,Space,1791378500837.600,11, 
P02,S1,0,down,KeyH,1791378500908.300,12,h
P02,S1,0,up,KeyH,1791378501013.000,12,h
P02,S1,0,up,KeyA,1791378501114.800,13,a
P02,S1,0,down,KeyV,1791378501192.100,14,v
P02,S1,0,up,KeyV,1791378501294.600,14,v
P02,S1,0,down,KeyI,1791378501326.000,15,i
P02,S1,0,up,KeyI,1791378501396.300,15,i
P02,S1,0,down,KeyN,1791378501511.100,16,n
P02,S1,0,down,KeyG,1791378501599.400,17,g
P02,S1,0,down,Space,1791378501706.100,18, 
P02,S1,0,down,KeyA,1791378501815.300,19,a
P02,S1,0,up,KeyA,1791378501929.000,19,a
P02,S1,0,down,KeyN,1791378502276.600,20,n
P02,S1,0,down,Space,1791378502396.400,21, 
P02,S1,0,up,KeyN,1791378502429.600,20,n
P02,S1,0,down,KeyI,1791378502552.700,22,i
P02,S1,0,up,KeyI,1791378502627.100,22,i
P02,S1,0,down,KeyN,1791378502698.700,23,n
P02,S1,0,down,KeyT,1791378502798.600,24,t
P02,S1,0,up,KeyT,1791378502884.700,24,t
P02,S1,0,down,KeyE,1791378502991.000,25,e
P02,S1,0,down,KeyR,1791378503031.000,26,r
P02,S1,0,up,KeyR,1791378503143.300,26,r
P02,S1,0,down,KeyE,1791378503450.600,27,e
P02,S1,0,up,KeyE,1791378503537.400,27,e
P02,S1,0,down,KeyS,1791378503646.700,28,s
P02,S1,0,up,KeyS,1791378503783.100,28,s
P02,S1,0,down,KeyT,1791378503862.600,29,t
P02,S1,0,down,KeyI,1791378503968.400,30,i
P02,S1,0,up,KeyI,1791378504072.800,30,i
P02,S1,0,down,KeyN,1791378504150.500,31,n
P02,S1,0,down,KeyG,1791378504229.600,32,g
P02,S1,0,up,KeyN,1791378504262.800,31,n
P02,S1,0,up,Space,1791378504384.000,33, 
P02,S1,0,down,KeyD,1791378504499.800,34,d
P02,S1,0,down,KeyE,1791378504568.400,35,e
P02,S1,0,up,KeyD,1791378504625.800,34,d
P02,S1,0,down,KeyB,1791378504741.600,36,b
P02,S1,0,down,KeyA,1791378504857.900,37,a
P02,S1,0,up,KeyA,1791378504930.000,37,a
P02,S1,0,down,KeyT,1791378504996.700,38,t
P02,S1,0,up,KeyT,1791378505105.100,38,t
P02,S1,0,down,KeyE,1791378505185.600,39,e
P02,S1,0,up,KeyE,1791378505277.600,39,e
P02,S1,0,down,KeyW,1791378505360.600,41,w
P02,S1,0,up,Space,1791378505432.500,40, 
P02,S1,0,down,KeyI,1791378505488.000,42,i
P02,S1,0,down,KeyT,1791378505611.400,43,t
P02,S1,0,up,KeyT,1791378505725.000,43,t
P02,S1,0,down,Space,1791378505785.500,45, 
P02,S1,0,up,Space,1791378505884.200,45, 
P02,S1,0,down,KeyM,1791378506000.000,46,m
P02,S1,0,up,KeyM,1791378506083.800,46,m
P02,S1,0,down,Space,1791378506152.600,48, 
P02,S1,0,up,Space,1791378506257.800,48, 
P02,S1,0,down,KeyA,1791378506313.600,49,a
P02,S1,0,down,KeyB,1791378506436.800,50,b
P02,S1,0,up,KeyB,1791378506547.600,50,b
P02,S1,0,down,KeyO,1791378506666.100,51,o
P02,S1,0,up,KeyO,1791378506743.500,51,o
P02,S1,0,down,KeyU,1791378506834.200,52,u
P02,S1,0,up,KeyU,1791378506917.500,52,u
P02,S1,0,down,KeyT,1791378506949.800,53,t
P02,S1,0,up,KeyT,1791378507030.400,53,t
P02,S1,0,down,KeyA,1791378507149.700,55,a
P02,S1,0,up,KeyA,1791378507257.100,55,a
P02,S1,0,down,KeyR,1791378507372.900,57,r
P02,S1,0,up,KeyR,1791378507482.600,57,r
P02,S1,0,up,KeyE,1791378507529.800,58,e
P02,S1,0,down,KeyE,1791378507631.800,60,e
P02,S1,0,up,KeyE,1791378507733.300,60,e
P02,S1,0,down,KeyV,1791378507844.200,61,v
P02,S1,0,up,KeyV,1791378507957.900,61,v
P02,S1,0,down,KeyA,1791378508060.800,62,a
P02,S1,0,up,KeyA,1791378508165.100,62,a
P02,S1,0,down,KeyN,1791378508198.400,63,n
P02,S1,0,down,KeyT,1791378508284.300,64,t
P02,S1,0,down,Space,1791378508425.500,65, 
P02,S1,0,down,KeyT,1791378508531.800,66,t
P02,S1,0,down,KeyO,1791378508600.500,67,o
P02,S1,0,up,KeyO,1791378508672.200,67,o
P02,S1,0,down,KeyP,1791378509022.600,68,p
P02,S1,0,up,KeyP,1791378509135.400,68,p
P02,S1,0,down,KeyI,1791378509240.800,69,i
P02,S1,0,up,KeyI,1791378509320.400,69,i
P02,S1,0,down,KeyC,1791378509351.800,70,c
P02,S1,0,up,KeyC,1791378509438.100,70,c
P02,S1,1,up,Enter,1791378509786.500,71,Enter